unsigned char boom_wav[] = {
	0x52, 0x49, 0x46, 0x46, 0x72, 0x8F, 0x00, 0x00, 0x57, 0x41, 0x56, 0x45, 0x66, 0x6D, 0x74, 0x20,
	0x10, 0x00, 0x00, 0x00, 0x01, 0x00, 0x01, 0x00, 0x44, 0xAC, 0x00, 0x00, 0x88, 0x58, 0x01, 0x00,
	0x02, 0x00, 0x10, 0x00, 0x64, 0x61, 0x74, 0x61, 0x4E, 0x8F, 0x00, 0x00, 0x00, 0x00, 0x39, 0xDF,
	0x3A, 0xDF, 0x3B, 0xDF, 0x3C, 0xDF, 0x3D, 0xDF, 0x3E, 0xDF, 0x40, 0xDF, 0x41, 0xDF, 0x42, 0xDF,
	0x43, 0xDF, 0x44, 0xDF, 0x45, 0xDF, 0x47, 0xDF, 0x48, 0xDF, 0x49, 0xDF, 0x4A, 0xDF, 0x4B, 0xDF,
	0x4C, 0xDF, 0x4E, 0xDF, 0x4F, 0xDF, 0x50, 0xDF, 0x51, 0xDF, 0x52, 0xDF, 0x53, 0xDF, 0x55, 0xDF,
	0x56, 0xDF, 0x57, 0xDF, 0x58, 0xDF, 0x59, 0xDF, 0x5A, 0xDF, 0x5C, 0xDF, 0x5D, 0xDF, 0x5E, 0xDF,
	0x5F, 0xDF, 0x60, 0xDF, 0x61, 0xDF, 0x63, 0xDF, 0x64, 0xDF, 0x65, 0xDF, 0x66, 0xDF, 0x67, 0xDF,
	0x68, 0xDF, 0x69, 0xDF, 0x6B, 0xDF, 0x6C, 0xDF, 0x6D, 0xDF, 0x6E, 0xDF, 0x6F, 0xDF, 0x70, 0xDF,
	0x72, 0xDF, 0x73, 0xDF, 0x74, 0xDF, 0x75, 0xDF, 0x76, 0xDF, 0x77, 0xDF, 0x79, 0xDF, 0x7A, 0xDF,
	0x7B, 0xDF, 0x7C, 0xDF, 0x7D, 0xDF, 0x7E, 0xDF, 0x80, 0xDF, 0x81, 0xDF, 0x82, 0xDF, 0x83, 0xDF,
	0x84, 0xDF, 0x85, 0xDF, 0x87, 0xDF, 0x88, 0xDF, 0x89, 0xDF, 0x8A, 0xDF, 0x8B, 0xDF, 0x8C, 0xDF,
	0x8E, 0xDF, 0x8F, 0xDF, 0x90, 0xDF, 0x91, 0xDF, 0x92, 0xDF, 0x93, 0xDF, 0x95, 0xDF, 0x96, 0xDF,
	0x97, 0xDF, 0x98, 0xDF, 0x99, 0xDF, 0x9A, 0xDF, 0x9B, 0xDF, 0x9D, 0xDF, 0x9E, 0xDF, 0x9F, 0xDF,
	0xA0, 0xDF, 0xA1, 0xDF, 0xA2, 0xDF, 0xA4, 0xDF, 0xA5, 0xDF, 0xA6, 0xDF, 0xA7, 0xDF, 0xA8, 0xDF,
	0xA9, 0xDF, 0xAB, 0xDF, 0xAC, 0xDF, 0xAD, 0xDF, 0xAE, 0xDF, 0xAF, 0xDF, 0xB0, 0xDF, 0xB2, 0xDF,
	0xB3, 0xDF, 0xB4, 0xDF, 0xB5, 0xDF, 0xB6, 0xDF, 0xB7, 0xDF, 0xB9, 0xDF, 0xBA, 0xDF, 0xBB, 0xDF,
	0xBC, 0xDF, 0xBD, 0xDF, 0xBE, 0xDF, 0xC0, 0xDF, 0xC1, 0xDF, 0xC2, 0xDF, 0xC3, 0xDF, 0xC4, 0xDF,
	0xC5, 0xDF, 0xC7, 0xDF, 0xC8, 0xDF, 0xC9, 0xDF, 0xCA, 0xDF, 0xCB, 0xDF, 0xCC, 0xDF, 0xCD, 0xDF,
	0xCF, 0xDF, 0xD0, 0xDF, 0xD1, 0xDF, 0xD2, 0xDF, 0xD3, 0xDF, 0xD4, 0xDF, 0xD6, 0xDF, 0xD7, 0xDF,
	0xD8, 0xDF, 0xD9, 0xDF, 0xDA, 0xDF, 0xDB, 0xDF, 0xDD, 0xDF, 0xDE, 0xDF, 0xDF, 0xDF, 0xE0, 0xDF,
	0xE1, 0xDF, 0xE2, 0xDF, 0xE4, 0xDF, 0xE5, 0xDF, 0xE6, 0xDF, 0xE7, 0xDF, 0xE8, 0xDF, 0xE9, 0xDF,
	0xEB, 0xDF, 0xEC, 0xDF, 0xED, 0xDF, 0xEE, 0xDF, 0xEF, 0xDF, 0xF0, 0xDF, 0xF2, 0xDF, 0xF3, 0xDF,
	0xF4, 0xDF, 0xF5, 0xDF, 0xF6, 0xDF, 0xF7, 0xDF, 0xF8, 0xDF, 0xFA, 0xDF, 0xFB, 0xDF, 0xFC, 0xDF,
	0xFD, 0xDF, 0xFE, 0xDF, 0xFF, 0xDF, 0x01, 0xE0, 0x02, 0xE0, 0x03, 0xE0, 0x04, 0xE0, 0x05, 0xE0,
	0x06, 0xE0, 0x08, 0xE0, 0x09, 0xE0, 0x0A, 0xE0, 0x0B, 0xE0, 0x0C, 0xE0, 0x0D, 0xE0, 0x0F, 0xE0,
	0x10, 0xE0, 0x11, 0xE0, 0x12, 0xE0, 0x13, 0xE0, 0x14, 0xE0, 0x16, 0xE0, 0x17, 0xE0, 0x18, 0xE0,
	0x19, 0xE0, 0x1A, 0xE0, 0x1B, 0xE0, 0x1D, 0xE0, 0x1E, 0xE0, 0x5F, 0x08, 0x5F, 0x08, 0x83, 0x20,
	0x82, 0x20, 0x81, 0x20, 0x7F, 0x20, 0x7E, 0x20, 0x7D, 0x20, 0x7C, 0x20, 0x7B, 0x20, 0x7A, 0x20,
	0x78, 0x20, 0x77, 0x20, 0x76, 0x20, 0x75, 0x20, 0x74, 0x20, 0x72, 0x20, 0x71, 0x20, 0x70, 0x20,
	0x6F, 0x20, 0x6E, 0x20, 0x6C, 0x20, 0x6B, 0x20, 0x6A, 0x20, 0x69, 0x20, 0x68, 0x20, 0x67, 0x20,
	0x65, 0x20, 0x64, 0x20, 0x63, 0x20, 0x62, 0x20, 0x61, 0x20, 0x5F, 0x20, 0x5E, 0x20, 0x5D, 0x20,
	0x5C, 0x20, 0x5B, 0x20, 0x59, 0x20, 0x58, 0x20, 0x57, 0x20, 0x56, 0x20, 0x55, 0x20, 0x54, 0x20,
	0x52, 0x20, 0x51, 0x20, 0x50, 0x20, 0x4F, 0x20, 0x4E, 0x20, 0x4C, 0x20, 0x4B, 0x20, 0x4A, 0x20,
	0x49, 0x20, 0x48, 0x20, 0x47, 0x20, 0x45, 0x20, 0x44, 0x20, 0x43, 0x20, 0x42, 0x20, 0x41, 0x20,
	0x3F, 0x20, 0x3E, 0x20, 0x3D, 0x20, 0x3C, 0x20, 0x3B, 0x20, 0x39, 0x20, 0x38, 0x20, 0x37, 0x20,
	0x36, 0x20, 0x35, 0x20, 0x34, 0x20, 0x32, 0x20, 0x31, 0x20, 0x30, 0x20, 0x2F, 0x20, 0x2E, 0x20,
	0x2C, 0x20, 0x2B, 0x20, 0x2A, 0x20, 0x29, 0x20, 0x28, 0x20, 0x26, 0x20, 0x25, 0x20, 0x24, 0x20,
	0x23, 0x20, 0x22, 0x20, 0x21, 0x20, 0x1F, 0x20, 0x1E, 0x20, 0x1D, 0x20, 0x1C, 0x20, 0x1B, 0x20,
	0x19, 0x20, 0x18, 0x20, 0x17, 0x20, 0x16, 0x20, 0x15, 0x20, 0x14, 0x20, 0x12, 0x20, 0x11, 0x20,
	0x10, 0x20, 0x0F, 0x20, 0x0E, 0x20, 0x0C, 0x20, 0x0B, 0x20, 0x0A, 0x20, 0x09, 0x20, 0x08, 0x20,
	0x06, 0x20, 0x05, 0x20, 0x04, 0x20, 0x03, 0x20, 0x02, 0x20, 0x01, 0x20, 0xFF, 0x1F, 0xFE, 0x1F,
	0xFD, 0x1F, 0xFC, 0x1F, 0xFB, 0x1F, 0xF9, 0x1F, 0xF8, 0x1F, 0xF7, 0x1F, 0xF6, 0x1F, 0xF5, 0x1F,
	0xF3, 0x1F, 0xF2, 0x1F, 0xF1, 0x1F, 0xF0, 0x1F, 0xEF, 0x1F, 0xEE, 0x1F, 0xEC, 0x1F, 0xEB, 0x1F,
	0xEA, 0x1F, 0xE9, 0x1F, 0xE8, 0x1F, 0xE6, 0x1F, 0xE5, 0x1F, 0xE4, 0x1F, 0xE3, 0x1F, 0xE2, 0x1F,
	0xE0, 0x1F, 0xDF, 0x1F, 0xDE, 0x1F, 0xDD, 0x1F, 0xDC, 0x1F, 0xDB, 0x1F, 0xD9, 0x1F, 0xD8, 0x1F,
	0xD7, 0x1F, 0xD6, 0x1F, 0xD5, 0x1F, 0xD3, 0x1F, 0xD2, 0x1F, 0xD1, 0x1F, 0xD0, 0x1F, 0xCF, 0x1F,
	0xCE, 0x1F, 0xCC, 0x1F, 0xCB, 0x1F, 0xCA, 0x1F, 0xC9, 0x1F, 0xC8, 0x1F, 0xC6, 0x1F, 0xC5, 0x1F,
	0xC4, 0x1F, 0xC3, 0x1F, 0xC2, 0x1F, 0xC0, 0x1F, 0xBF, 0x1F, 0xBE, 0x1F, 0xBD, 0x1F, 0xBC, 0x1F,
	0xBB, 0x1F, 0xB9, 0x1F, 0xB8, 0x1F, 0xB7, 0x1F, 0xB6, 0x1F, 0xB5, 0x1F, 0xB3, 0x1F, 0xB2, 0x1F,
	0xB1, 0x1F, 0xB0, 0x1F, 0xAF, 0x1F, 0xAD, 0x1F, 0xAC, 0x1F, 0xAB, 0x1F, 0xAA, 0x1F, 0xA9, 0x1F,
	0xA8, 0x1F, 0x07, 0x06, 0x07, 0x06, 0x69, 0xEC, 0x6A, 0xEC, 0x6B, 0xEC, 0x6B, 0xEC, 0x6C, 0xEC,
	0x6D, 0xEC, 0x6E, 0xEC, 0x6E, 0xEC, 0x6F, 0xEC, 0x70, 0xEC, 0x71, 0xEC, 0x71, 0xEC, 0x72, 0xEC,
	0x73, 0xEC, 0x74, 0xEC, 0x74, 0xEC, 0x75, 0xEC, 0x76, 0xEC, 0x76, 0xEC, 0x77, 0xEC, 0x78, 0xEC,
	0x79, 0xEC, 0x79, 0xEC, 0x7A, 0xEC, 0x7B, 0xEC, 0x7C, 0xEC, 0x7C, 0xEC, 0x7D, 0xEC, 0x7E, 0xEC,
	0x7F, 0xEC, 0x7F, 0xEC, 0x80, 0xEC, 0x81, 0xEC, 0x81, 0xEC, 0x82, 0xEC, 0x83, 0xEC, 0x84, 0xEC,
	0x84, 0xEC, 0x85, 0xEC, 0x86, 0xEC, 0x87, 0xEC, 0x87, 0xEC, 0x88, 0xEC, 0x89, 0xEC, 0x8A, 0xEC,
	0x8A, 0xEC, 0x8B, 0xEC, 0x8C, 0xEC, 0x8C, 0xEC, 0x8D, 0xEC, 0x8E, 0xEC, 0x8F, 0xEC, 0x8F, 0xEC,
	0x90, 0xEC, 0x91, 0xEC, 0x92, 0xEC, 0x92, 0xEC, 0x93, 0xEC, 0x94, 0xEC, 0x95, 0xEC, 0x95, 0xEC,
	0x96, 0xEC, 0x97, 0xEC, 0x97, 0xEC, 0x98, 0xEC, 0x99, 0xEC, 0x9A, 0xEC, 0x9A, 0xEC, 0x9B, 0xEC,
	0x9C, 0xEC, 0x9D, 0xEC, 0x9D, 0xEC, 0x9E, 0xEC, 0x9F, 0xEC, 0xA0, 0xEC, 0xA0, 0xEC, 0xA1, 0xEC,
	0xA2, 0xEC, 0xA3, 0xEC, 0xA3, 0xEC, 0xA4, 0xEC, 0xA5, 0xEC, 0xA5, 0xEC, 0xA6, 0xEC, 0xA7, 0xEC,
	0xA8, 0xEC, 0xA8, 0xEC, 0xA9, 0xEC, 0xAA, 0xEC, 0xAB, 0xEC, 0xAB, 0xEC, 0xAC, 0xEC, 0xAD, 0xEC,
	0xAE, 0xEC, 0xAE, 0xEC, 0xAF, 0xEC, 0xB0, 0xEC, 0xB0, 0xEC, 0xB1, 0xEC, 0xB2, 0xEC, 0xB3, 0xEC,
	0xB3, 0xEC, 0xB4, 0xEC, 0xB5, 0xEC, 0xB6, 0xEC, 0xB6, 0xEC, 0xB7, 0xEC, 0xB8, 0xEC, 0xB9, 0xEC,
	0xB9, 0xEC, 0xBA, 0xEC, 0xBB, 0xEC, 0xBB, 0xEC, 0xBC, 0xEC, 0xBD, 0xEC, 0xBE, 0xEC, 0xBE, 0xEC,
	0xBF, 0xEC, 0xC0, 0xEC, 0xC1, 0xEC, 0xC1, 0xEC, 0xC2, 0xEC, 0xC3, 0xEC, 0xC4, 0xEC, 0xC4, 0xEC,
	0xC5, 0xEC, 0xC6, 0xEC, 0xC6, 0xEC, 0xC7, 0xEC, 0xC8, 0xEC, 0xC9, 0xEC, 0xC9, 0xEC, 0xCA, 0xEC,
	0xCB, 0xEC, 0xCC, 0xEC, 0xCC, 0xEC, 0xCD, 0xEC, 0xCE, 0xEC, 0xCF, 0xEC, 0xCF, 0xEC, 0xD0, 0xEC,
	0xD1, 0xEC, 0xD2, 0xEC, 0xD2, 0xEC, 0xD3, 0xEC, 0xD4, 0xEC, 0xD4, 0xEC, 0xD5, 0xEC, 0xD6, 0xEC,
	0xD7, 0xEC, 0xD7, 0xEC, 0xD8, 0xEC, 0xD9, 0xEC, 0xDA, 0xEC, 0xDA, 0xEC, 0xDB, 0xEC, 0xDC, 0xEC,
	0xDD, 0xEC, 0xDD, 0xEC, 0xDE, 0xEC, 0xDF, 0xEC, 0xDF, 0xEC, 0xE0, 0xEC, 0xE1, 0xEC, 0xE2, 0xEC,
	0xE2, 0xEC, 0xE3, 0xEC, 0xE4, 0xEC, 0xE5, 0xEC, 0xE5, 0xEC, 0xE6, 0xEC, 0xE7, 0xEC, 0xE8, 0xEC,
	0xE8, 0xEC, 0xE9, 0xEC, 0xEA, 0xEC, 0x18, 0xF4, 0x19, 0xF4, 0xA1, 0x09, 0xA1, 0x09, 0xA1, 0x09,
	0xA0, 0x09, 0xA0, 0x09, 0xA0, 0x09, 0x9F, 0x09, 0x9F, 0x09, 0x9E, 0x09, 0x9E, 0x09, 0x9E, 0x09,
	0x9D, 0x09, 0x9D, 0x09, 0x9D, 0x09, 0x9C, 0x09, 0x9C, 0x09, 0x9B, 0x09, 0x9B, 0x09, 0x9B, 0x09,
	0x9A, 0x09, 0x9A, 0x09, 0x9A, 0x09, 0x99, 0x09, 0x99, 0x09, 0x98, 0x09, 0x98, 0x09, 0x98, 0x09,
	0x97, 0x09, 0x97, 0x09, 0x97, 0x09, 0x96, 0x09, 0x96, 0x09, 0x96, 0x09, 0x95, 0x09, 0x95, 0x09,
	0x94, 0x09, 0x94, 0x09, 0x94, 0x09, 0x93, 0x09, 0x93, 0x09, 0x93, 0x09, 0x92, 0x09, 0x92, 0x09,
	0x91, 0x09, 0x91, 0x09, 0x91, 0x09, 0x90, 0x09, 0x90, 0x09, 0x90, 0x09, 0x8F, 0x09, 0x8F, 0x09,
	0x8E, 0x09, 0x8E, 0x09, 0x8E, 0x09, 0x8D, 0x09, 0x8D, 0x09, 0x8D, 0x09, 0x8C, 0x09, 0x8C, 0x09,
	0x8B, 0x09, 0x8B, 0x09, 0x8B, 0x09, 0x8A, 0x09, 0x8A, 0x09, 0x8A, 0x09, 0x89, 0x09, 0x89, 0x09,
	0x89, 0x09, 0x88, 0x09, 0x88, 0x09, 0x87, 0x09, 0x87, 0x09, 0x87, 0x09, 0x86, 0x09, 0x86, 0x09,
	0x86, 0x09, 0x85, 0x09, 0x85, 0x09, 0x84, 0x09, 0x84, 0x09, 0x84, 0x09, 0x83, 0x09, 0x83, 0x09,
	0x83, 0x09, 0x82, 0x09, 0x82, 0x09, 0x81, 0x09, 0x81, 0x09, 0x81, 0x09, 0x80, 0x09, 0x80, 0x09,
	0x80, 0x09, 0x7F, 0x09, 0x7F, 0x09, 0x7F, 0x09, 0x7E, 0x09, 0x7E, 0x09, 0x7D, 0x09, 0x7D, 0x09,
	0x7D, 0x09, 0x7C, 0x09, 0x7C, 0x09, 0x7C, 0x09, 0x7B, 0x09, 0x7B, 0x09, 0x7A, 0x09, 0x7A, 0x09,
	0x7A, 0x09, 0x79, 0x09, 0x79, 0x09, 0x79, 0x09, 0x78, 0x09, 0x78, 0x09, 0x77, 0x09, 0x77, 0x09,
	0x77, 0x09, 0x76, 0x09, 0x76, 0x09, 0x76, 0x09, 0x75, 0x09, 0x75, 0x09, 0x75, 0x09, 0x74, 0x09,
	0x74, 0x09, 0x73, 0x09, 0x73, 0x09, 0x73, 0x09, 0x72, 0x09, 0x72, 0x09, 0x72, 0x09, 0x71, 0x09,
	0x71, 0x09, 0x70, 0x09, 0x70, 0x09, 0x70, 0x09, 0x6F, 0x09, 0x6F, 0x09, 0x6F, 0x09, 0x6E, 0x09,
	0x6E, 0x09, 0x6D, 0x09, 0x6D, 0x09, 0x6D, 0x09, 0x6C, 0x09, 0x6C, 0x09, 0x6C, 0x09, 0x6B, 0x09,
	0x6B, 0x09, 0x6A, 0x09, 0x6A, 0x09, 0x6A, 0x09, 0x69, 0x09, 0x69, 0x09, 0x69, 0x09, 0x68, 0x09,
	0x68, 0x09, 0x68, 0x09, 0x67, 0x09, 0x67, 0x09, 0x66, 0x09, 0x66, 0x09, 0x66, 0x09, 0x65, 0x09,
	0x65, 0x09, 0x65, 0x09, 0x64, 0x09, 0x64, 0x09, 0x63, 0x09, 0xEE, 0x06, 0xED, 0x06, 0xED, 0x06,
	0xED, 0x06, 0xEC, 0x06, 0xEC, 0x06, 0xEC, 0x06, 0xEC, 0x06, 0xEB, 0x06, 0xEB, 0x06, 0xEB, 0x06,
	0xEB, 0x06, 0xEA, 0x06, 0xEA, 0x06, 0xEA, 0x06, 0xE9, 0x06, 0xE9, 0x06, 0xE9, 0x06, 0xE9, 0x06,
	0xE8, 0x06, 0xE8, 0x06, 0xE8, 0x06, 0xE8, 0x06, 0xE7, 0x06, 0xE7, 0x06, 0xE7, 0x06, 0xE6, 0x06,
	0xE6, 0x06, 0xE6, 0x06, 0xE6, 0x06, 0xE5, 0x06, 0xE5, 0x06, 0xE5, 0x06, 0xE5, 0x06, 0xE4, 0x06,
	0xE4, 0x06, 0xE4, 0x06, 0xE3, 0x06, 0xE3, 0x06, 0xE3, 0x06, 0xE3, 0x06, 0xE2, 0x06, 0xE2, 0x06,
	0xE2, 0x06, 0xE2, 0x06, 0xE1, 0x06, 0xE1, 0x06, 0xE1, 0x06, 0xE0, 0x06, 0xE0, 0x06, 0xE0, 0x06,
	0xE0, 0x06, 0xDF, 0x06, 0xDF, 0x06, 0xDF, 0x06, 0xDF, 0x06, 0xDE, 0x06, 0xDE, 0x06, 0xDE, 0x06,
	0xDD, 0x06, 0xDD, 0x06, 0xDD, 0x06, 0xDD, 0x06, 0xDC, 0x06, 0xDC, 0x06, 0xDC, 0x06, 0xDC, 0x06,
	0xDB, 0x06, 0xDB, 0x06, 0xDB, 0x06, 0xDA, 0x06, 0xDA, 0x06, 0xDA, 0x06, 0xDA, 0x06, 0xD9, 0x06,
	0xD9, 0x06, 0xD9, 0x06, 0xD9, 0x06, 0xD8, 0x06, 0xD8, 0x06, 0xD8, 0x06, 0xD7, 0x06, 0xD7, 0x06,
	0xD7, 0x06, 0xD7, 0x06, 0xD6, 0x06, 0xD6, 0x06, 0xD6, 0x06, 0xD5, 0x06, 0xD5, 0x06, 0xD5, 0x06,
	0xD5, 0x06, 0xD4, 0x06, 0xD4, 0x06, 0xD4, 0x06, 0xD4, 0x06, 0xD3, 0x06, 0xD3, 0x06, 0xD3, 0x06,
	0xD2, 0x06, 0xD2, 0x06, 0xD2, 0x06, 0xD2, 0x06, 0xD1, 0x06, 0xD1, 0x06, 0xD1, 0x06, 0xD1, 0x06,
	0xD0, 0x06, 0xD0, 0x06, 0xD0, 0x06, 0xCF, 0x06, 0xCF, 0x06, 0xCF, 0x06, 0xCF, 0x06, 0xCE, 0x06,
	0xCE, 0x06, 0xCE, 0x06, 0xCE, 0x06, 0xCD, 0x06, 0xCD, 0x06, 0xCD, 0x06, 0xCC, 0x06, 0xCC, 0x06,
	0xCC, 0x06, 0xCC, 0x06, 0xCB, 0x06, 0xCB, 0x06, 0xCB, 0x06, 0xCB, 0x06, 0xCA, 0x06, 0xCA, 0x06,
	0xCA, 0x06, 0xC9, 0x06, 0xC9, 0x06, 0xC9, 0x06, 0xC9, 0x06, 0xC8, 0x06, 0xC8, 0x06, 0xC8, 0x06,
	0xC8, 0x06, 0xC7, 0x06, 0xC7, 0x06, 0xC7, 0x06, 0xC6, 0x06, 0xC6, 0x06, 0xC6, 0x06, 0xC6, 0x06,
	0xC5, 0x06, 0xC5, 0x06, 0xC5, 0x06, 0xC5, 0x06, 0xC4, 0x06, 0xC4, 0x06, 0xC4, 0x06, 0xC3, 0x06,
	0xC3, 0x06, 0xC3, 0x06, 0xC3, 0x06, 0xC2, 0x06, 0xC2, 0x06, 0xC2, 0x06, 0xC2, 0x06, 0xC4, 0xF9,
	0xC4, 0xF9, 0xC5, 0xF9, 0xC5, 0xF9, 0xC5, 0xF9, 0xC5, 0xF9, 0xC6, 0xF9, 0xC6, 0xF9, 0xC6, 0xF9,
	0xC6, 0xF9, 0xC7, 0xF9, 0xC7, 0xF9, 0xC7, 0xF9, 0xC7, 0xF9, 0xC8, 0xF9, 0xC8, 0xF9, 0xC8, 0xF9,
	0xC8, 0xF9, 0xC9, 0xF9, 0xC9, 0xF9, 0xC9, 0xF9, 0xC9, 0xF9, 0xCA, 0xF9, 0xCA, 0xF9, 0xCA, 0xF9,
	0xCA, 0xF9, 0xCB, 0xF9, 0xCB, 0xF9, 0xCB, 0xF9, 0xCB, 0xF9, 0xCC, 0xF9, 0xCC, 0xF9, 0xCC, 0xF9,
	0xCC, 0xF9, 0xCD, 0xF9, 0xCD, 0xF9, 0xCD, 0xF9, 0xCD, 0xF9, 0xCE, 0xF9, 0xCE, 0xF9, 0xCE, 0xF9,
	0xCE, 0xF9, 0xCF, 0xF9, 0xCF, 0xF9, 0xCF, 0xF9, 0xCF, 0xF9, 0xD0, 0xF9, 0xD0, 0xF9, 0xD0, 0xF9,
	0xD0, 0xF9, 0xD1, 0xF9, 0xD1, 0xF9, 0xD1, 0xF9, 0xD1, 0xF9, 0xD2, 0xF9, 0xD2, 0xF9, 0xD2, 0xF9,
	0xD2, 0xF9, 0xD3, 0xF9, 0xD3, 0xF9, 0xD3, 0xF9, 0xD3, 0xF9, 0xD4, 0xF9, 0xD4, 0xF9, 0xD4, 0xF9,
	0xD4, 0xF9, 0xD5, 0xF9, 0xD5, 0xF9, 0xD5, 0xF9, 0xD6, 0xF9, 0xD6, 0xF9, 0xD6, 0xF9, 0xD6, 0xF9,
	0xD7, 0xF9, 0xD7, 0xF9, 0xD7, 0xF9, 0xD7, 0xF9, 0xD8, 0xF9, 0xD8, 0xF9, 0xD8, 0xF9, 0xD8, 0xF9,
	0xD9, 0xF9, 0xD9, 0xF9, 0xD9, 0xF9, 0xD9, 0xF9, 0xDA, 0xF9, 0xDA, 0xF9, 0xDA, 0xF9, 0xDA, 0xF9,
	0xDB, 0xF9, 0xDB, 0xF9, 0xDB, 0xF9, 0xDB, 0xF9, 0xDC, 0xF9, 0xDC, 0xF9, 0xDC, 0xF9, 0xDC, 0xF9,
	0xDD, 0xF9, 0xDD, 0xF9, 0xDD, 0xF9, 0xDD, 0xF9, 0xDE, 0xF9, 0xDE, 0xF9, 0xDE, 0xF9, 0xDE, 0xF9,
	0xDF, 0xF9, 0xDF, 0xF9, 0xDF, 0xF9, 0xDF, 0xF9, 0xE0, 0xF9, 0xE0, 0xF9, 0xE0, 0xF9, 0xE0, 0xF9,
	0xE1, 0xF9, 0xE1, 0xF9, 0xE1, 0xF9, 0xE1, 0xF9, 0xE2, 0xF9, 0xE2, 0xF9, 0xE2, 0xF9, 0xE2, 0xF9,
	0xE3, 0xF9, 0xE3, 0xF9, 0xE3, 0xF9, 0xE3, 0xF9, 0xE4, 0xF9, 0xE4, 0xF9, 0xE4, 0xF9, 0xE4, 0xF9,
	0xE5, 0xF9, 0xE5, 0xF9, 0xE5, 0xF9, 0xE5, 0xF9, 0xE6, 0xF9, 0xE6, 0xF9, 0xE6, 0xF9, 0xE6, 0xF9,
	0xE7, 0xF9, 0xE7, 0xF9, 0xE7, 0xF9, 0xE7, 0xF9, 0xE8, 0xF9, 0xE8, 0xF9, 0xE8, 0xF9, 0xE8, 0xF9,
	0xE9, 0xF9, 0xE9, 0xF9, 0xE9, 0xF9, 0xE9, 0xF9, 0xEA, 0xF9, 0xEA, 0xF9, 0xEA, 0xF9, 0xEA, 0xF9,
	0xEB, 0xF9, 0xC1, 0x0F, 0xC1, 0x0F, 0xC0, 0x0F, 0xBF, 0x0F, 0xBF, 0x0F, 0xBE, 0x0F, 0xBD, 0x0F,
	0xBD, 0x0F, 0xBC, 0x0F, 0xBB, 0x0F, 0xBB, 0x0F, 0xBA, 0x0F, 0xB9, 0x0F, 0xB9, 0x0F, 0xB8, 0x0F,
	0xB7, 0x0F, 0xB7, 0x0F, 0xB6, 0x0F, 0xB5, 0x0F, 0xB5, 0x0F, 0xB4, 0x0F, 0xB3, 0x0F, 0xB3, 0x0F,
	0xB2, 0x0F, 0xB2, 0x0F, 0xB1, 0x0F, 0xB0, 0x0F, 0xB0, 0x0F, 0xAF, 0x0F, 0xAE, 0x0F, 0xAE, 0x0F,
	0xAD, 0x0F, 0xAC, 0x0F, 0xAC, 0x0F, 0xAB, 0x0F, 0xAA, 0x0F, 0xAA, 0x0F, 0xA9, 0x0F, 0xA8, 0x0F,
	0xA8, 0x0F, 0xA7, 0x0F, 0xA6, 0x0F, 0xA6, 0x0F, 0xA5, 0x0F, 0xA4, 0x0F, 0xA4, 0x0F, 0xA3, 0x0F,
	0xA2, 0x0F, 0xA2, 0x0F, 0xA1, 0x0F, 0xA1, 0x0F, 0xA0, 0x0F, 0x9F, 0x0F, 0x9F, 0x0F, 0x9E, 0x0F,
	0x9D, 0x0F, 0x9D, 0x0F, 0x9C, 0x0F, 0x9B, 0x0F, 0x9B, 0x0F, 0x9A, 0x0F, 0x99, 0x0F, 0x99, 0x0F,
	0x98, 0x0F, 0x97, 0x0F, 0x97, 0x0F, 0x96, 0x0F, 0x95, 0x0F, 0x95, 0x0F, 0x94, 0x0F, 0x93, 0x0F,
	0x93, 0x0F, 0x92, 0x0F, 0x91, 0x0F, 0x91, 0x0F, 0x90, 0x0F, 0x90, 0x0F, 0x8F, 0x0F, 0x8E, 0x0F,
	0x8E, 0x0F, 0x8D, 0x0F, 0x8C, 0x0F, 0x8C, 0x0F, 0x8B, 0x0F, 0x8A, 0x0F, 0x8A, 0x0F, 0x89, 0x0F,
	0x88, 0x0F, 0x88, 0x0F, 0x87, 0x0F, 0x86, 0x0F, 0x86, 0x0F, 0x85, 0x0F, 0x84, 0x0F, 0x84, 0x0F,
	0x83, 0x0F, 0x82, 0x0F, 0x82, 0x0F, 0x81, 0x0F, 0x80, 0x0F, 0x80, 0x0F, 0x7F, 0x0F, 0x7F, 0x0F,
	0x7E, 0x0F, 0x7D, 0x0F, 0x7D, 0x0F, 0x7C, 0x0F, 0x7B, 0x0F, 0x7B, 0x0F, 0x7A, 0x0F, 0x79, 0x0F,
	0x79, 0x0F, 0x78, 0x0F, 0x77, 0x0F, 0x77, 0x0F, 0x76, 0x0F, 0x75, 0x0F, 0x75, 0x0F, 0x74, 0x0F,
	0x73, 0x0F, 0x73, 0x0F, 0x72, 0x0F, 0x71, 0x0F, 0x71, 0x0F, 0x70, 0x0F, 0x6F, 0x0F, 0x6F, 0x0F,
	0x6E, 0x0F, 0x6E, 0x0F, 0x6D, 0x0F, 0x6C, 0x0F, 0x6C, 0x0F, 0x6B, 0x0F, 0x6A, 0x0F, 0x6A, 0x0F,
	0x69, 0x0F, 0x68, 0x0F, 0x68, 0x0F, 0x67, 0x0F, 0x66, 0x0F, 0x66, 0x0F, 0x65, 0x0F, 0x64, 0x0F,
	0x64, 0x0F, 0x63, 0x0F, 0x62, 0x0F, 0x62, 0x0F, 0x61, 0x0F, 0xD8, 0xD2, 0xDA, 0xD2, 0xDC, 0xD2,
	0xDE, 0xD2, 0xE0, 0xD2, 0xE2, 0xD2, 0xE3, 0xD2, 0xE5, 0xD2, 0xE7, 0xD2, 0xE9, 0xD2, 0xEB, 0xD2,
	0xED, 0xD2, 0xEF, 0xD2, 0xF1, 0xD2, 0xF3, 0xD2, 0xF5, 0xD2, 0xF7, 0xD2, 0xF9, 0xD2, 0xFB, 0xD2,
	0xFC, 0xD2, 0xFE, 0xD2, 0x00, 0xD3, 0x02, 0xD3, 0x04, 0xD3, 0x06, 0xD3, 0x08, 0xD3, 0x0A, 0xD3,
	0x0C, 0xD3, 0x0E, 0xD3, 0x10, 0xD3, 0x12, 0xD3, 0x13, 0xD3, 0x15, 0xD3, 0x17, 0xD3, 0x19, 0xD3,
	0x1B, 0xD3, 0x1D, 0xD3, 0x1F, 0xD3, 0x21, 0xD3, 0x23, 0xD3, 0x25, 0xD3, 0x27, 0xD3, 0x29, 0xD3,
	0x2B, 0xD3, 0x2C, 0xD3, 0x2E, 0xD3, 0x30, 0xD3, 0x32, 0xD3, 0x34, 0xD3, 0x36, 0xD3, 0x38, 0xD3,
	0x3A, 0xD3, 0x3C, 0xD3, 0x3E, 0xD3, 0x40, 0xD3, 0x42, 0xD3, 0x43, 0xD3, 0x45, 0xD3, 0x47, 0xD3,
	0x49, 0xD3, 0x4B, 0xD3, 0x4D, 0xD3, 0x4F, 0xD3, 0x51, 0xD3, 0x53, 0xD3, 0x55, 0xD3, 0x57, 0xD3,
	0x59, 0xD3, 0x5B, 0xD3, 0x5C, 0xD3, 0x5E, 0xD3, 0x60, 0xD3, 0x62, 0xD3, 0x64, 0xD3, 0x66, 0xD3,
	0x68, 0xD3, 0x6A, 0xD3, 0x6C, 0xD3, 0x6E, 0xD3, 0x70, 0xD3, 0x72, 0xD3, 0x74, 0xD3, 0x75, 0xD3,
	0x77, 0xD3, 0x79, 0xD3, 0x7B, 0xD3, 0x7D, 0xD3, 0x7F, 0xD3, 0x81, 0xD3, 0x83, 0xD3, 0x85, 0xD3,
	0x87, 0xD3, 0x89, 0xD3, 0x8B, 0xD3, 0x8C, 0xD3, 0x8E, 0xD3, 0x90, 0xD3, 0x92, 0xD3, 0x94, 0xD3,
	0x96, 0xD3, 0x98, 0xD3, 0x9A, 0xD3, 0x9C, 0xD3, 0x9E, 0xD3, 0xA0, 0xD3, 0xA2, 0xD3, 0xA4, 0xD3,
	0xA5, 0xD3, 0xA7, 0xD3, 0xA9, 0xD3, 0xAB, 0xD3, 0xAD, 0xD3, 0xAF, 0xD3, 0xB1, 0xD3, 0xB3, 0xD3,
	0xB5, 0xD3, 0xB7, 0xD3, 0xB9, 0xD3, 0xBB, 0xD3, 0xBC, 0xD3, 0xBE, 0xD3, 0xC0, 0xD3, 0xC2, 0xD3,
	0xC4, 0xD3, 0xC6, 0xD3, 0xC8, 0xD3, 0xCA, 0xD3, 0xCC, 0xD3, 0xCE, 0xD3, 0xD0, 0xD3, 0xD2, 0xD3,
	0xD4, 0xD3, 0xD5, 0xD3, 0xD7, 0xD3, 0xD9, 0xD3, 0xDB, 0xD3, 0xDD, 0xD3, 0xDF, 0xD3, 0xE1, 0xD3,
	0xE3, 0xD3, 0xE5, 0xD3, 0xE7, 0xD3, 0x24, 0x19, 0x23, 0x19, 0x22, 0x19, 0x21, 0x19, 0x20, 0x19,
	0x1F, 0x19, 0x1D, 0x19, 0x1C, 0x19, 0x1B, 0x19, 0x1A, 0x19, 0x19, 0x19, 0x18, 0x19, 0x17, 0x19,
	0x16, 0x19, 0x15, 0x19, 0x14, 0x19, 0x12, 0x19, 0x11, 0x19, 0x10, 0x19, 0x0F, 0x19, 0x0E, 0x19,
	0x0D, 0x19, 0x0C, 0x19, 0x0B, 0x19, 0x0A, 0x19, 0x09, 0x19, 0x08, 0x19, 0x06, 0x19, 0x05, 0x19,
	0x04, 0x19, 0x03, 0x19, 0x02, 0x19, 0x01, 0x19, 0x00, 0x19, 0xFF, 0x18, 0xFE, 0x18, 0xFD, 0x18,
	0xFB, 0x18, 0xFA, 0x18, 0xF9, 0x18, 0xF8, 0x18, 0xF7, 0x18, 0xF6, 0x18, 0xF5, 0x18, 0xF4, 0x18,
	0xF3, 0x18, 0xF2, 0x18, 0xF1, 0x18, 0xEF, 0x18, 0xEE, 0x18, 0xED, 0x18, 0xEC, 0x18, 0xEB, 0x18,
	0xEA, 0x18, 0xE9, 0x18, 0xE8, 0x18, 0xE7, 0x18, 0xE6, 0x18, 0xE4, 0x18, 0xE3, 0x18, 0xE2, 0x18,
	0xE1, 0x18, 0xE0, 0x18, 0xDF, 0x18, 0xDE, 0x18, 0xDD, 0x18, 0xDC, 0x18, 0xDB, 0x18, 0xDA, 0x18,
	0xD8, 0x18, 0xD7, 0x18, 0xD6, 0x18, 0xD5, 0x18, 0xD4, 0x18, 0xD3, 0x18, 0xD2, 0x18, 0xD1, 0x18,
	0xD0, 0x18, 0xCF, 0x18, 0xCD, 0x18, 0xCC, 0x18, 0xCB, 0x18, 0xCA, 0x18, 0xC9, 0x18, 0xC8, 0x18,
	0xC7, 0x18, 0xC6, 0x18, 0xC5, 0x18, 0xC4, 0x18, 0xC3, 0x18, 0xC1, 0x18, 0xC0, 0x18, 0xBF, 0x18,
	0xBE, 0x18, 0xBD, 0x18, 0xBC, 0x18, 0xBB, 0x18, 0xBA, 0x18, 0xB9, 0x18, 0xB8, 0x18, 0xB6, 0x18,
	0xB5, 0x18, 0xB4, 0x18, 0xB3, 0x18, 0xB2, 0x18, 0xB1, 0x18, 0xB0, 0x18, 0xAF, 0x18, 0xAE, 0x18,
	0xAD, 0x18, 0xAC, 0x18, 0xAA, 0x18, 0xA9, 0x18, 0xA8, 0x18, 0xA7, 0x18, 0xA6, 0x18, 0xA5, 0x18,
	0xA4, 0x18, 0xA3, 0x18, 0xA2, 0x18, 0xA1, 0x18, 0x9F, 0x18, 0x9E, 0x18, 0x9D, 0x18, 0x9C, 0x18,
	0x9B, 0x18, 0x9A, 0x18, 0x99, 0x18, 0x98, 0x18, 0x97, 0x18, 0x96, 0x18, 0x95, 0x18, 0x93, 0x18,
	0x92, 0x18, 0x91, 0x18, 0x90, 0x18, 0xA8, 0xF9, 0xA9, 0xF9, 0xA9, 0xF9, 0xA9, 0xF9, 0xAA, 0xF9,
	0xAA, 0xF9, 0xAA, 0xF9, 0xAA, 0xF9, 0xAB, 0xF9, 0xAB, 0xF9, 0xAB, 0xF9, 0xAC, 0xF9, 0xAC, 0xF9,
	0xAC, 0xF9, 0xAC, 0xF9, 0xAD, 0xF9, 0xAD, 0xF9, 0xAD, 0xF9, 0xAE, 0xF9, 0xAE, 0xF9, 0xAE, 0xF9,
	0xAE, 0xF9, 0xAF, 0xF9, 0xAF, 0xF9, 0xAF, 0xF9, 0xB0, 0xF9, 0xB0, 0xF9, 0xB0, 0xF9, 0xB0, 0xF9,
	0xB1, 0xF9, 0xB1, 0xF9, 0xB1, 0xF9, 0xB2, 0xF9, 0xB2, 0xF9, 0xB2, 0xF9, 0xB2, 0xF9, 0xB3, 0xF9,
	0xB3, 0xF9, 0xB3, 0xF9, 0xB4, 0xF9, 0xB4, 0xF9, 0xB4, 0xF9, 0xB4, 0xF9, 0xB5, 0xF9, 0xB5, 0xF9,
	0xB5, 0xF9, 0xB5, 0xF9, 0xB6, 0xF9, 0xB6, 0xF9, 0xB6, 0xF9, 0xB7, 0xF9, 0xB7, 0xF9, 0xB7, 0xF9,
	0xB7, 0xF9, 0xB8, 0xF9, 0xB8, 0xF9, 0xB8, 0xF9, 0xB9, 0xF9, 0xB9, 0xF9, 0xB9, 0xF9, 0xB9, 0xF9,
	0xBA, 0xF9, 0xBA, 0xF9, 0xBA, 0xF9, 0xBB, 0xF9, 0xBB, 0xF9, 0xBB, 0xF9, 0xBB, 0xF9, 0xBC, 0xF9,
	0xBC, 0xF9, 0xBC, 0xF9, 0xBD, 0xF9, 0xBD, 0xF9, 0xBD, 0xF9, 0xBD, 0xF9, 0xBE, 0xF9, 0xBE, 0xF9,
	0xBE, 0xF9, 0xBF, 0xF9, 0xBF, 0xF9, 0xBF, 0xF9, 0xBF, 0xF9, 0xC0, 0xF9, 0xC0, 0xF9, 0xC0, 0xF9,
	0xC1, 0xF9, 0xC1, 0xF9, 0xC1, 0xF9, 0xC1, 0xF9, 0xC2, 0xF9, 0xC2, 0xF9, 0xC2, 0xF9, 0xC2, 0xF9,
	0xC3, 0xF9, 0xC3, 0xF9, 0xC3, 0xF9, 0xC4, 0xF9, 0xC4, 0xF9, 0xC4, 0xF9, 0xC4, 0xF9, 0xC5, 0xF9,
	0xC5, 0xF9, 0xC5, 0xF9, 0xC6, 0xF9, 0xC6, 0xF9, 0xC6, 0xF9, 0xC6, 0xF9, 0xC7, 0xF9, 0xC7, 0xF9,
	0xC7, 0xF9, 0xC8, 0xF9, 0xC8, 0xF9, 0xC8, 0xF9, 0xC8, 0xF9, 0xC9, 0xF9, 0xC9, 0xF9, 0xC9, 0xF9,
	0xCA, 0xF9, 0xCA, 0xF9, 0xCA, 0xF9, 0xCA, 0xF9, 0xCB, 0xF9, 0xCB, 0xF9, 0xCB, 0xF9, 0xCC, 0xF9,
	0xCC, 0xF9, 0xCC, 0xF9, 0xCC, 0xF9, 0xCD, 0xF9, 0xCD, 0xF9, 0xCD, 0xF9, 0xCE, 0xF9, 0x5C, 0xE4,
	0x5E, 0xE4, 0x5F, 0xE4, 0x60, 0xE4, 0x61, 0xE4, 0x63, 0xE4, 0x64, 0xE4, 0x65, 0xE4, 0x66, 0xE4,
	0x68, 0xE4, 0x69, 0xE4, 0x6A, 0xE4, 0x6B, 0xE4, 0x6D, 0xE4, 0x6E, 0xE4, 0x6F, 0xE4, 0x71, 0xE4,
	0x72, 0xE4, 0x73, 0xE4, 0x74, 0xE4, 0x76, 0xE4, 0x77, 0xE4, 0x78, 0xE4, 0x79, 0xE4, 0x7B, 0xE4,
	0x7C, 0xE4, 0x7D, 0xE4, 0x7E, 0xE4, 0x80, 0xE4, 0x81, 0xE4, 0x82, 0xE4, 0x83, 0xE4, 0x85, 0xE4,
	0x86, 0xE4, 0x87, 0xE4, 0x88, 0xE4, 0x8A, 0xE4, 0x8B, 0xE4, 0x8C, 0xE4, 0x8E, 0xE4, 0x8F, 0xE4,
	0x90, 0xE4, 0x91, 0xE4, 0x93, 0xE4, 0x94, 0xE4, 0x95, 0xE4, 0x96, 0xE4, 0x98, 0xE4, 0x99, 0xE4,
	0x9A, 0xE4, 0x9B, 0xE4, 0x9D, 0xE4, 0x9E, 0xE4, 0x9F, 0xE4, 0xA0, 0xE4, 0xA2, 0xE4, 0xA3, 0xE4,
	0xA4, 0xE4, 0xA5, 0xE4, 0xA7, 0xE4, 0xA8, 0xE4, 0xA9, 0xE4, 0xAB, 0xE4, 0xAC, 0xE4, 0xAD, 0xE4,
	0xAE, 0xE4, 0xB0, 0xE4, 0xB1, 0xE4, 0xB2, 0xE4, 0xB3, 0xE4, 0xB5, 0xE4, 0xB6, 0xE4, 0xB7, 0xE4,
	0xB8, 0xE4, 0xBA, 0xE4, 0xBB, 0xE4, 0xBC, 0xE4, 0xBD, 0xE4, 0xBF, 0xE4, 0xC0, 0xE4, 0xC1, 0xE4,
	0xC3, 0xE4, 0xC4, 0xE4, 0xC5, 0xE4, 0xC6, 0xE4, 0xC8, 0xE4, 0xC9, 0xE4, 0xCA, 0xE4, 0xCB, 0xE4,
	0xCD, 0xE4, 0xCE, 0xE4, 0xCF, 0xE4, 0xD0, 0xE4, 0xD2, 0xE4, 0xD3, 0xE4, 0xD4, 0xE4, 0xD5, 0xE4,
	0xD7, 0xE4, 0xD8, 0xE4, 0xD9, 0xE4, 0xDA, 0xE4, 0xDC, 0xE4, 0xDD, 0xE4, 0xDE, 0xE4, 0xE0, 0xE4,
	0xE1, 0xE4, 0xE2, 0xE4, 0xE3, 0xE4, 0xE5, 0xE4, 0xE6, 0xE4, 0xE7, 0xE4, 0xE8, 0xE4, 0xEA, 0xE4,
	0xEB, 0xE4, 0xEC, 0xE4, 0xED, 0xE4, 0xEF, 0xE4, 0xF0, 0xE4, 0xF1, 0xE4, 0xF2, 0xE4, 0xF4, 0xE4,
	0xF5, 0xE4, 0xF6, 0xE4, 0xF7, 0xE4, 0xF9, 0xE4, 0xFA, 0xE4, 0xB3, 0x0F, 0xB2, 0x0F, 0xB1, 0x0F,
	0xB1, 0x0F, 0xB0, 0x0F, 0xAF, 0x0F, 0xAE, 0x0F, 0xAE, 0x0F, 0xAD, 0x0F, 0xAC, 0x0F, 0xAC, 0x0F,
	0xAB, 0x0F, 0xAA, 0x0F, 0xA9, 0x0F, 0xA9, 0x0F, 0xA8, 0x0F, 0xA7, 0x0F, 0xA6, 0x0F, 0xA6, 0x0F,
	0xA5, 0x0F, 0xA4, 0x0F, 0xA3, 0x0F, 0xA3, 0x0F, 0xA2, 0x0F, 0xA1, 0x0F, 0xA1, 0x0F, 0xA0, 0x0F,
	0x9F, 0x0F, 0x9E, 0x0F, 0x9E, 0x0F, 0x9D, 0x0F, 0x9C, 0x0F, 0x9B, 0x0F, 0x9B, 0x0F, 0x9A, 0x0F,
	0x99, 0x0F, 0x98, 0x0F, 0x98, 0x0F, 0x97, 0x0F, 0x96, 0x0F, 0x96, 0x0F, 0x95, 0x0F, 0x94, 0x0F,
	0x93, 0x0F, 0x93, 0x0F, 0x92, 0x0F, 0x91, 0x0F, 0x90, 0x0F, 0x90, 0x0F, 0x8F, 0x0F, 0x8E, 0x0F,
	0x8D, 0x0F, 0x8D, 0x0F, 0x8C, 0x0F, 0x8B, 0x0F, 0x8B, 0x0F, 0x8A, 0x0F, 0x89, 0x0F, 0x88, 0x0F,
	0x88, 0x0F, 0x87, 0x0F, 0x86, 0x0F, 0x85, 0x0F, 0x85, 0x0F, 0x84, 0x0F, 0x83, 0x0F, 0x82, 0x0F,
	0x82, 0x0F, 0x81, 0x0F, 0x80, 0x0F, 0x80, 0x0F, 0x7F, 0x0F, 0x7E, 0x0F, 0x7D, 0x0F, 0x7D, 0x0F,
	0x7C, 0x0F, 0x7B, 0x0F, 0x7A, 0x0F, 0x7A, 0x0F, 0x79, 0x0F, 0x78, 0x0F, 0x77, 0x0F, 0x77, 0x0F,
	0x76, 0x0F, 0x75, 0x0F, 0x75, 0x0F, 0x74, 0x0F, 0x73, 0x0F, 0x72, 0x0F, 0x72, 0x0F, 0x71, 0x0F,
	0x70, 0x0F, 0x6F, 0x0F, 0x6F, 0x0F, 0x6E, 0x0F, 0x6D, 0x0F, 0x6C, 0x0F, 0x6C, 0x0F, 0x6B, 0x0F,
	0x6A, 0x0F, 0x6A, 0x0F, 0x69, 0x0F, 0x68, 0x0F, 0x67, 0x0F, 0x67, 0x0F, 0x66, 0x0F, 0x65, 0x0F,
	0x64, 0x0F, 0x64, 0x0F, 0x63, 0x0F, 0x62, 0x0F, 0x61, 0x0F, 0x61, 0x0F, 0x60, 0x0F, 0x5F, 0x0F,
	0x5F, 0x0F, 0x5E, 0x0F, 0x5D, 0x0F, 0x5C, 0x0F, 0x5C, 0x0F, 0x5B, 0x0F, 0x5A, 0x0F, 0x07, 0x10,
	0x06, 0x10, 0xC0, 0x14, 0xBF, 0x14, 0xBE, 0x14, 0xBD, 0x14, 0xBC, 0x14, 0xBB, 0x14, 0xBA, 0x14,
	0xB9, 0x14, 0xB8, 0x14, 0xB7, 0x14, 0xB6, 0x14, 0xB5, 0x14, 0xB4, 0x14, 0xB3, 0x14, 0xB2, 0x14,
	0xB1, 0x14, 0xB0, 0x14, 0xAF, 0x14, 0xAE, 0x14, 0xAD, 0x14, 0xAC, 0x14, 0xAB, 0x14, 0xAA, 0x14,
	0xA9, 0x14, 0xA8, 0x14, 0xA7, 0x14, 0xA6, 0x14, 0xA5, 0x14, 0xA4, 0x14, 0xA4, 0x14, 0xA3, 0x14,
	0xA2, 0x14, 0xA1, 0x14, 0xA0, 0x14, 0x9F, 0x14, 0x9E, 0x14, 0x9D, 0x14, 0x9C, 0x14, 0x9B, 0x14,
	0x9A, 0x14, 0x99, 0x14, 0x98, 0x14, 0x97, 0x14, 0x96, 0x14, 0x95, 0x14, 0x94, 0x14, 0x93, 0x14,
	0x92, 0x14, 0x91, 0x14, 0x90, 0x14, 0x8F, 0x14, 0x8E, 0x14, 0x8D, 0x14, 0x8C, 0x14, 0x8B, 0x14,
	0x8A, 0x14, 0x89, 0x14, 0x88, 0x14, 0x87, 0x14, 0x86, 0x14, 0x85, 0x14, 0x84, 0x14, 0x83, 0x14,
	0x82, 0x14, 0x81, 0x14, 0x80, 0x14, 0x7F, 0x14, 0x7E, 0x14, 0x7D, 0x14, 0x7C, 0x14, 0x7B, 0x14,
	0x7A, 0x14, 0x79, 0x14, 0x78, 0x14, 0x77, 0x14, 0x76, 0x14, 0x75, 0x14, 0x74, 0x14, 0x73, 0x14,
	0x72, 0x14, 0x71, 0x14, 0x70, 0x14, 0x6F, 0x14, 0x6E, 0x14, 0x6D, 0x14, 0x6C, 0x14, 0x6B, 0x14,
	0x6A, 0x14, 0x69, 0x14, 0x68, 0x14, 0x67, 0x14, 0x66, 0x14, 0x65, 0x14, 0x64, 0x14, 0x63, 0x14,
	0x62, 0x14, 0x61, 0x14, 0x60, 0x14, 0x5F, 0x14, 0x5E, 0x14, 0x5D, 0x14, 0x5C, 0x14, 0x5B, 0x14,
	0x5A, 0x14, 0x59, 0x14, 0x58, 0x14, 0x57, 0x14, 0x56, 0x14, 0x55, 0x14, 0x54, 0x14, 0x53, 0x14,
	0x52, 0x14, 0x51, 0x14, 0x50, 0x14, 0x4F, 0x14, 0x4E, 0x14, 0x4D, 0x14, 0x4C, 0x14, 0x3F, 0xE3,
	0x41, 0xE3, 0x42, 0xE3, 0x43, 0xE3, 0x45, 0xE3, 0x46, 0xE3, 0x48, 0xE3, 0x49, 0xE3, 0x4A, 0xE3,
	0x4C, 0xE3, 0x4D, 0xE3, 0x4F, 0xE3, 0x50, 0xE3, 0x51, 0xE3, 0x53, 0xE3, 0x54, 0xE3, 0x56, 0xE3,
	0x57, 0xE3, 0x58, 0xE3, 0x5A, 0xE3, 0x5B, 0xE3, 0x5D, 0xE3, 0x5E, 0xE3, 0x5F, 0xE3, 0x61, 0xE3,
	0x62, 0xE3, 0x64, 0xE3, 0x65, 0xE3, 0x67, 0xE3, 0x68, 0xE3, 0x69, 0xE3, 0x6B, 0xE3, 0x6C, 0xE3,
	0x6E, 0xE3, 0x6F, 0xE3, 0x70, 0xE3, 0x72, 0xE3, 0x73, 0xE3, 0x75, 0xE3, 0x76, 0xE3, 0x77, 0xE3,
	0x79, 0xE3, 0x7A, 0xE3, 0x7C, 0xE3, 0x7D, 0xE3, 0x7E, 0xE3, 0x80, 0xE3, 0x81, 0xE3, 0x83, 0xE3,
	0x84, 0xE3, 0x85, 0xE3, 0x87, 0xE3, 0x88, 0xE3, 0x8A, 0xE3, 0x8B, 0xE3, 0x8C, 0xE3, 0x8E, 0xE3,
	0x8F, 0xE3, 0x91, 0xE3, 0x92, 0xE3, 0x93, 0xE3, 0x95, 0xE3, 0x96, 0xE3, 0x98, 0xE3, 0x99, 0xE3,
	0x9A, 0xE3, 0x9C, 0xE3, 0x9D, 0xE3, 0x9F, 0xE3, 0xA0, 0xE3, 0xA2, 0xE3, 0xA3, 0xE3, 0xA4, 0xE3,
	0xA6, 0xE3, 0xA7, 0xE3, 0xA9, 0xE3, 0xAA, 0xE3, 0xAB, 0xE3, 0xAD, 0xE3, 0xAE, 0xE3, 0xB0, 0xE3,
	0xB1, 0xE3, 0xB2, 0xE3, 0xB4, 0xE3, 0xB5, 0xE3, 0xB7, 0xE3, 0xB8, 0xE3, 0xB9, 0xE3, 0xBB, 0xE3,
	0xBC, 0xE3, 0xBE, 0xE3, 0xBF, 0xE3, 0xC0, 0xE3, 0xC2, 0xE3, 0xC3, 0xE3, 0xC5, 0xE3, 0xC6, 0xE3,
	0xC7, 0xE3, 0xC9, 0xE3, 0xCA, 0xE3, 0xCC, 0xE3, 0xCD, 0xE3, 0xCE, 0xE3, 0xD0, 0xE3, 0xD1, 0xE3,
	0xD3, 0xE3, 0xD4, 0xE3, 0xD5, 0xE3, 0xD7, 0xE3, 0xD8, 0xE3, 0xDA, 0xE3, 0xDB, 0xE3, 0xDC, 0xE3,
	0xDE, 0xE3, 0xE8, 0xE3, 0xEA, 0xE3, 0xF1, 0xE3, 0xF2, 0xE3, 0xF4, 0xE3, 0xF5, 0xE3, 0xF6, 0xE3,
	0xF8, 0xE3, 0xF9, 0xE3, 0xFB, 0xE3, 0xFC, 0xE3, 0xFD, 0xE3, 0xFF, 0xE3, 0x00, 0xE4, 0x02, 0xE4,
	0x03, 0xE4, 0x04, 0xE4, 0x06, 0xE4, 0x07, 0xE4, 0x09, 0xE4, 0x0A, 0xE4, 0x0B, 0xE4, 0x0D, 0xE4,
	0x0E, 0xE4, 0x10, 0xE4, 0x11, 0xE4, 0x12, 0xE4, 0x14, 0xE4, 0x15, 0xE4, 0x17, 0xE4, 0x18, 0xE4,
	0x19, 0xE4, 0x1B, 0xE4, 0x1C, 0xE4, 0x1E, 0xE4, 0x1F, 0xE4, 0x20, 0xE4, 0x22, 0xE4, 0x23, 0xE4,
	0x25, 0xE4, 0x26, 0xE4, 0x27, 0xE4, 0x29, 0xE4, 0x2A, 0xE4, 0x2C, 0xE4, 0x2D, 0xE4, 0x2E, 0xE4,
	0x30, 0xE4, 0x31, 0xE4, 0x33, 0xE4, 0x34, 0xE4, 0x35, 0xE4, 0x37, 0xE4, 0x38, 0xE4, 0x3A, 0xE4,
	0x3B, 0xE4, 0x3C, 0xE4, 0x3E, 0xE4, 0x3F, 0xE4, 0x41, 0xE4, 0x42, 0xE4, 0x43, 0xE4, 0x45, 0xE4,
	0x46, 0xE4, 0x48, 0xE4, 0x49, 0xE4, 0x4A, 0xE4, 0x4C, 0xE4, 0x4D, 0xE4, 0x4F, 0xE4, 0x50, 0xE4,
	0x51, 0xE4, 0x53, 0xE4, 0x54, 0xE4, 0x56, 0xE4, 0x57, 0xE4, 0x58, 0xE4, 0x5A, 0xE4, 0x5B, 0xE4,
	0x5D, 0xE4, 0x5E, 0xE4, 0x5F, 0xE4, 0x61, 0xE4, 0x62, 0xE4, 0x64, 0xE4, 0x65, 0xE4, 0x67, 0xE4,
	0x68, 0xE4, 0x69, 0xE4, 0x6B, 0xE4, 0x6C, 0xE4, 0x6E, 0xE4, 0x6F, 0xE4, 0x70, 0xE4, 0x72, 0xE4,
	0x73, 0xE4, 0x75, 0xE4, 0x76, 0xE4, 0x77, 0xE4, 0x79, 0xE4, 0x7A, 0xE4, 0x7C, 0xE4, 0x7D, 0xE4,
	0x7E, 0xE4, 0x80, 0xE4, 0x81, 0xE4, 0x83, 0xE4, 0x84, 0xE4, 0x85, 0xE4, 0x87, 0xE4, 0x88, 0xE4,
	0x8A, 0xE4, 0x37, 0x22, 0x35, 0x22, 0x33, 0x22, 0x31, 0x22, 0x30, 0x22, 0x2E, 0x22, 0x2C, 0x22,
	0x2A, 0x22, 0x29, 0x22, 0x27, 0x22, 0x25, 0x22, 0x23, 0x22, 0x22, 0x22, 0x20, 0x22, 0x1E, 0x22,
	0x1D, 0x22, 0x1B, 0x22, 0x19, 0x22, 0x17, 0x22, 0x16, 0x22, 0x14, 0x22, 0x12, 0x22, 0x10, 0x22,
	0x0F, 0x22, 0x0D, 0x22, 0x0B, 0x22, 0x09, 0x22, 0x08, 0x22, 0x06, 0x22, 0x04, 0x22, 0x02, 0x22,
	0x01, 0x22, 0xFF, 0x21, 0xFD, 0x21, 0xFB, 0x21, 0xFA, 0x21, 0xF8, 0x21, 0xF6, 0x21, 0xF4, 0x21,
	0xF3, 0x21, 0xF1, 0x21, 0xEF, 0x21, 0xED, 0x21, 0xEC, 0x21, 0xEA, 0x21, 0xE8, 0x21, 0xE6, 0x21,
	0xE5, 0x21, 0xE3, 0x21, 0xE1, 0x21, 0xDF, 0x21, 0xDE, 0x21, 0xDC, 0x21, 0xDA, 0x21, 0xD8, 0x21,
	0xD7, 0x21, 0xD5, 0x21, 0xD3, 0x21, 0xD1, 0x21, 0xD0, 0x21, 0xCE, 0x21, 0xCC, 0x21, 0xCA, 0x21,
	0xC9, 0x21, 0xC7, 0x21, 0xC5, 0x21, 0xC3, 0x21, 0xC2, 0x21, 0xC0, 0x21, 0xBE, 0x21, 0xBC, 0x21,
	0xBB, 0x21, 0xB9, 0x21, 0xB7, 0x21, 0xB5, 0x21, 0xB4, 0x21, 0xB2, 0x21, 0xB0, 0x21, 0xAE, 0x21,
	0xAD, 0x21, 0xAB, 0x21, 0xA9, 0x21, 0xA7, 0x21, 0xA6, 0x21, 0xA4, 0x21, 0xA2, 0x21, 0xA1, 0x21,
	0x9F, 0x21, 0x9D, 0x21, 0x9B, 0x21, 0x9A, 0x21, 0x98, 0x21, 0x96, 0x21, 0x94, 0x21, 0x93, 0x21,
	0x91, 0x21, 0x8F, 0x21, 0x8D, 0x21, 0x8C, 0x21, 0x8A, 0x21, 0x88, 0x21, 0x86, 0x21, 0x85, 0x21,
	0x83, 0x21, 0x81, 0x21, 0x7F, 0x21, 0x7E, 0x21, 0x7C, 0x21, 0x7A, 0x00, 0x7A, 0x00, 0xC4, 0xFB,
	0xC4, 0xFB, 0xC4, 0xFB, 0xC5, 0xFB, 0xC5, 0xFB, 0xC5, 0xFB, 0xC5, 0xFB, 0xC6, 0xFB, 0xC6, 0xFB,
	0xC6, 0xFB, 0xC6, 0xFB, 0xC6, 0xFB, 0xC7, 0xFB, 0xC7, 0xFB, 0xC7, 0xFB, 0xC7, 0xFB, 0xC8, 0xFB,
	0xC8, 0xFB, 0xC8, 0xFB, 0xC8, 0xFB, 0xC8, 0xFB, 0xC9, 0xFB, 0xC9, 0xFB, 0xC9, 0xFB, 0xC9, 0xFB,
	0xCA, 0xFB, 0xCA, 0xFB, 0xCA, 0xFB, 0xCA, 0xFB, 0xCA, 0xFB, 0xCB, 0xFB, 0xCB, 0xFB, 0xCB, 0xFB,
	0xCB, 0xFB, 0xCC, 0xFB, 0xCC, 0xFB, 0xCC, 0xFB, 0xCC, 0xFB, 0xCC, 0xFB, 0xCD, 0xFB, 0xCD, 0xFB,
	0xCD, 0xFB, 0xCD, 0xFB, 0xCE, 0xFB, 0xCE, 0xFB, 0xCE, 0xFB, 0xCE, 0xFB, 0xCE, 0xFB, 0xCF, 0xFB,
	0xCF, 0xFB, 0xCF, 0xFB, 0xCF, 0xFB, 0xD0, 0xFB, 0xD0, 0xFB, 0xD0, 0xFB, 0xD0, 0xFB, 0xD0, 0xFB,
	0xD1, 0xFB, 0xD1, 0xFB, 0xD1, 0xFB, 0xD1, 0xFB, 0xD2, 0xFB, 0xD2, 0xFB, 0xD2, 0xFB, 0xD2, 0xFB,
	0xD2, 0xFB, 0xD3, 0xFB, 0xD3, 0xFB, 0xD3, 0xFB, 0xD3, 0xFB, 0xD4, 0xFB, 0xD4, 0xFB, 0xD4, 0xFB,
	0xD4, 0xFB, 0xD4, 0xFB, 0xD5, 0xFB, 0xD5, 0xFB, 0xD5, 0xFB, 0xD5, 0xFB, 0xD6, 0xFB, 0xD6, 0xFB,
	0xD6, 0xFB, 0xD6, 0xFB, 0xD6, 0xFB, 0xD7, 0xFB, 0xD7, 0xFB, 0xD7, 0xFB, 0xD7, 0xFB, 0xD7, 0xFB,
	0xD8, 0xFB, 0xD8, 0xFB, 0xD8, 0xFB, 0xD8, 0xFB, 0xD9, 0xFB, 0xD9, 0xFB, 0xD9, 0xFB, 0xD9, 0xFB,
	0xD9, 0xFB, 0xDA, 0xFB, 0xDA, 0xFB, 0xDA, 0xFB, 0xDA, 0xFB, 0xDB, 0xFB, 0xDB, 0xFB, 0xFF, 0x1B,
	0xFE, 0x1B, 0xFC, 0x1B, 0xFB, 0x1B, 0xF9, 0x1B, 0xF8, 0x1B, 0xF6, 0x1B, 0xF5, 0x1B, 0xF3, 0x1B,
	0xF2, 0x1B, 0xF0, 0x1B, 0xEF, 0x1B, 0xED, 0x1B, 0xEC, 0x1B, 0xEA, 0x1B, 0xE9, 0x1B, 0xE7, 0x1B,
	0xE6, 0x1B, 0xE4, 0x1B, 0xE3, 0x1B, 0xE1, 0x1B, 0xE0, 0x1B, 0xDE, 0x1B, 0xDD, 0x1B, 0xDB, 0x1B,
	0xDA, 0x1B, 0xD8, 0x1B, 0xD7, 0x1B, 0xD5, 0x1B, 0xD4, 0x1B, 0xD2, 0x1B, 0xD1, 0x1B, 0xCF, 0x1B,
	0xCE, 0x1B, 0xCC, 0x1B, 0xCB, 0x1B, 0xC9, 0x1B, 0xC8, 0x1B, 0xC6, 0x1B, 0xC5, 0x1B, 0xC4, 0x1B,
	0xC2, 0x1B, 0xC1, 0x1B, 0xBF, 0x1B, 0xBE, 0x1B, 0xBC, 0x1B, 0xBB, 0x1B, 0xB9, 0x1B, 0xB8, 0x1B,
	0xB6, 0x1B, 0xB5, 0x1B, 0xB3, 0x1B, 0xB2, 0x1B, 0xB0, 0x1B, 0xAF, 0x1B, 0xAD, 0x1B, 0xAC, 0x1B,
	0xAA, 0x1B, 0xA9, 0x1B, 0xA7, 0x1B, 0xA6, 0x1B, 0xA4, 0x1B, 0xA3, 0x1B, 0xA1, 0x1B, 0xA0, 0x1B,
	0x9E, 0x1B, 0x9D, 0x1B, 0x9B, 0x1B, 0x9A, 0x1B, 0x98, 0x1B, 0x97, 0x1B, 0x95, 0x1B, 0x94, 0x1B,
	0x92, 0x1B, 0x91, 0x1B, 0x8F, 0x1B, 0x8E, 0x1B, 0x8C, 0x1B, 0x8B, 0x1B, 0x89, 0x1B, 0x88, 0x1B,
	0x86, 0x1B, 0x85, 0x1B, 0x83, 0x1B, 0x82, 0x1B, 0x80, 0x1B, 0x7F, 0x1B, 0x7D, 0x1B, 0x7C, 0x1B,
	0x7A, 0x1B, 0x79, 0x1B, 0x77, 0x1B, 0x76, 0x1B, 0x74, 0x1B, 0x73, 0x1B, 0x71, 0x1B, 0x70, 0x1B,
	0x6E, 0x1B, 0x6D, 0x1B, 0x6B, 0x1B, 0x6A, 0x1B, 0x68, 0x1B, 0xFD, 0x05, 0xFD, 0x05, 0xFC, 0x05,
	0xFC, 0x05, 0xFC, 0x05, 0xFB, 0x05, 0xFB, 0x05, 0xFB, 0x05, 0xFA, 0x05, 0xFA, 0x05, 0xFA, 0x05,
	0xF9, 0x05, 0xF9, 0x05, 0xF9, 0x05, 0xF8, 0x05, 0xF8, 0x05, 0xF8, 0x05, 0xF7, 0x05, 0xF7, 0x05,
	0xF7, 0x05, 0xF6, 0x05, 0xF6, 0x05, 0xF6, 0x05, 0xF5, 0x05, 0xF5, 0x05, 0xF5, 0x05, 0xF4, 0x05,
	0xF4, 0x05, 0xF4, 0x05, 0xF3, 0x05, 0xF3, 0x05, 0xF3, 0x05, 0xF2, 0x05, 0xF2, 0x05, 0xF2, 0x05,
	0xF1, 0x05, 0xF1, 0x05, 0xF1, 0x05, 0xF0, 0x05, 0xF0, 0x05, 0xF0, 0x05, 0xEF, 0x05, 0xEF, 0x05,
	0xEF, 0x05, 0xEE, 0x05, 0xEE, 0x05, 0xEE, 0x05, 0xED, 0x05, 0xED, 0x05, 0xED, 0x05, 0xED, 0x05,
	0xEC, 0x05, 0xEC, 0x05, 0xEC, 0x05, 0xEB, 0x05, 0xEB, 0x05, 0xEB, 0x05, 0xEA, 0x05, 0xEA, 0x05,
	0xEA, 0x05, 0xE9, 0x05, 0xE9, 0x05, 0xE9, 0x05, 0xE8, 0x05, 0xE8, 0x05, 0xE8, 0x05, 0xE7, 0x05,
	0xE7, 0x05, 0xE7, 0x05, 0xE6, 0x05, 0xE6, 0x05, 0xE6, 0x05, 0xE5, 0x05, 0xE5, 0x05, 0xE5, 0x05,
	0xE4, 0x05, 0xE4, 0x05, 0xE4, 0x05, 0xE3, 0x05, 0xE3, 0x05, 0xE3, 0x05, 0xE2, 0x05, 0xE2, 0x05,
	0xE2, 0x05, 0xE1, 0x05, 0xE1, 0x05, 0xE1, 0x05, 0xE0, 0x05, 0xE0, 0x05, 0xE0, 0x05, 0xDF, 0x05,
	0xDF, 0x05, 0xDF, 0x05, 0xDE, 0x05, 0xDE, 0x05, 0xDE, 0x05, 0xDE, 0x05, 0xDD, 0x05, 0xDD, 0x05,
	0xDD, 0x05, 0x70, 0x22, 0x6E, 0x22, 0x6C, 0x22, 0x6A, 0x22, 0x68, 0x22, 0x67, 0x22, 0x65, 0x22,
	0x63, 0x22, 0x61, 0x22, 0x5F, 0x22, 0x5D, 0x22, 0x5B, 0x22, 0x59, 0x22, 0x57, 0x22, 0x55, 0x22,
	0x53, 0x22, 0x51, 0x22, 0x50, 0x22, 0x4E, 0x22, 0x4C, 0x22, 0x4A, 0x22, 0x48, 0x22, 0x46, 0x22,
	0x44, 0x22, 0x42, 0x22, 0x40, 0x22, 0x3E, 0x22, 0x3C, 0x22, 0x3A, 0x22, 0x39, 0x22, 0x37, 0x22,
	0x35, 0x22, 0x33, 0x22, 0x31, 0x22, 0x2F, 0x22, 0x2D, 0x22, 0x2B, 0x22, 0x29, 0x22, 0x27, 0x22,
	0x25, 0x22, 0x23, 0x22, 0x22, 0x22, 0x20, 0x22, 0x1E, 0x22, 0x1C, 0x22, 0x1A, 0x22, 0x18, 0x22,
	0x16, 0x22, 0x14, 0x22, 0x12, 0x22, 0x10, 0x22, 0x0E, 0x22, 0x0C, 0x22, 0x0B, 0x22, 0x09, 0x22,
	0x07, 0x22, 0x05, 0x22, 0x03, 0x22, 0x01, 0x22, 0xFF, 0x21, 0xFD, 0x21, 0xFB, 0x21, 0xF9, 0x21,
	0xF7, 0x21, 0xF5, 0x21, 0xF4, 0x21, 0xF2, 0x21, 0xF0, 0x21, 0xEE, 0x21, 0xEC, 0x21, 0xEA, 0x21,
	0xE8, 0x21, 0xE6, 0x21, 0xE4, 0x21, 0xE2, 0x21, 0xE0, 0x21, 0xDE, 0x21, 0xDD, 0x21, 0xDB, 0x21,
	0xD9, 0x21, 0xD7, 0x21, 0xD5, 0x21, 0xD3, 0x21, 0xD1, 0x21, 0xCF, 0x21, 0xCD, 0x21, 0xCB, 0x21,
	0xC9, 0x21, 0xC7, 0x21, 0xC6, 0x21, 0xC4, 0x21, 0xC2, 0x21, 0xC0, 0x21, 0xBE, 0x21, 0xBC, 0x21,
	0xBA, 0x21, 0xB8, 0x21, 0xB6, 0x21, 0x67, 0xE0, 0x69, 0xE0, 0x6B, 0xE0, 0x6D, 0xE0, 0x6E, 0xE0,
	0x70, 0xE0, 0x72, 0xE0, 0x74, 0xE0, 0x76, 0xE0, 0x77, 0xE0, 0x79, 0xE0, 0x7B, 0xE0, 0x7D, 0xE0,
	0x7F, 0xE0, 0x80, 0xE0, 0x82, 0xE0, 0x84, 0xE0, 0x86, 0xE0, 0x87, 0xE0, 0x89, 0xE0, 0x8B, 0xE0,
	0x8D, 0xE0, 0x8F, 0xE0, 0x90, 0xE0, 0x92, 0xE0, 0x94, 0xE0, 0x96, 0xE0, 0x98, 0xE0, 0x99, 0xE0,
	0x9B, 0xE0, 0x9D, 0xE0, 0x9F, 0xE0, 0xA1, 0xE0, 0xA2, 0xE0, 0xA4, 0xE0, 0xA6, 0xE0, 0xA8, 0xE0,
	0xAA, 0xE0, 0xAB, 0xE0, 0xAD, 0xE0, 0xAF, 0xE0, 0xB1, 0xE0, 0xB3, 0xE0, 0xB4, 0xE0, 0xB6, 0xE0,
	0xB8, 0xE0, 0xBA, 0xE0, 0xBC, 0xE0, 0xBD, 0xE0, 0xBF, 0xE0, 0xC1, 0xE0, 0xC3, 0xE0, 0xC5, 0xE0,
	0xC6, 0xE0, 0xC8, 0xE0, 0xCA, 0xE0, 0xCC, 0xE0, 0xCE, 0xE0, 0xCF, 0xE0, 0xD1, 0xE0, 0xD3, 0xE0,
	0xD5, 0xE0, 0xD7, 0xE0, 0xD8, 0xE0, 0xDA, 0xE0, 0xDC, 0xE0, 0xDE, 0xE0, 0xE0, 0xE0, 0xE1, 0xE0,
	0xE3, 0xE0, 0xE5, 0xE0, 0xE7, 0xE0, 0xE9, 0xE0, 0xEA, 0xE0, 0xEC, 0xE0, 0xEE, 0xE0, 0xF0, 0xE0,
	0xF2, 0xE0, 0xF3, 0xE0, 0xF5, 0xE0, 0xF7, 0xE0, 0xF9, 0xE0, 0xFA, 0xE0, 0xFC, 0xE0, 0xFE, 0xE0,
	0x00, 0xE1, 0x02, 0xE1, 0x03, 0xE1, 0x05, 0xE1, 0x07, 0xE1, 0x09, 0xE1, 0x0B, 0xE1, 0x0C, 0xE1,
	0x0E, 0xE1, 0xD3, 0xF0, 0xD4, 0xF0, 0xD5, 0xF0, 0xD6, 0xF0, 0xD7, 0xF0, 0xD7, 0xF0, 0xD8, 0xF0,
	0xD9, 0xF0, 0xDA, 0xF0, 0xDB, 0xF0, 0xDC, 0xF0, 0xDD, 0xF0, 0xDE, 0xF0, 0xDF, 0xF0, 0xDF, 0xF0,
	0xE0, 0xF0, 0xE1, 0xF0, 0xE2, 0xF0, 0xE3, 0xF0, 0xE4, 0xF0, 0xE5, 0xF0, 0xE6, 0xF0, 0xE6, 0xF0,
	0xE7, 0xF0, 0xE8, 0xF0, 0xE9, 0xF0, 0xEA, 0xF0, 0xEB, 0xF0, 0xEC, 0xF0, 0xED, 0xF0, 0xEE, 0xF0,
	0xEE, 0xF0, 0xEF, 0xF0, 0xF0, 0xF0, 0xF1, 0xF0, 0xF2, 0xF0, 0xF3, 0xF0, 0xF4, 0xF0, 0xF5, 0xF0,
	0xF5, 0xF0, 0xF6, 0xF0, 0xF7, 0xF0, 0xF8, 0xF0, 0xF9, 0xF0, 0xFA, 0xF0, 0xFB, 0xF0, 0xFC, 0xF0,
	0xFC, 0xF0, 0xFD, 0xF0, 0xFE, 0xF0, 0xFF, 0xF0, 0x00, 0xF1, 0x01, 0xF1, 0x02, 0xF1, 0x03, 0xF1,
	0x04, 0xF1, 0x04, 0xF1, 0x05, 0xF1, 0x06, 0xF1, 0x07, 0xF1, 0x08, 0xF1, 0x09, 0xF1, 0x0A, 0xF1,
	0x0B, 0xF1, 0x0B, 0xF1, 0x0C, 0xF1, 0x0D, 0xF1, 0x0E, 0xF1, 0x0F, 0xF1, 0x10, 0xF1, 0x11, 0xF1,
	0x12, 0xF1, 0x13, 0xF1, 0x13, 0xF1, 0x14, 0xF1, 0x15, 0xF1, 0x16, 0xF1, 0x17, 0xF1, 0x18, 0xF1,
	0x19, 0xF1, 0x1A, 0xF1, 0x1A, 0xF1, 0x1B, 0xF1, 0x1C, 0xF1, 0x1D, 0xF1, 0x1E, 0xF1, 0x1F, 0xF1,
	0x20, 0xF1, 0x21, 0xF1, 0x22, 0xF1, 0x22, 0xF1, 0x23, 0xF1, 0xBF, 0xF9, 0xBF, 0xF9, 0xFA, 0xFA,
	0xFA, 0xFA, 0xFB, 0xFA, 0xFB, 0xFA, 0xFB, 0xFA, 0xFB, 0xFA, 0xFC, 0xFA, 0xFC, 0xFA, 0xFC, 0xFA,
	0xFD, 0xFA, 0xFD, 0xFA, 0xFD, 0xFA, 0xFE, 0xFA, 0xFE, 0xFA, 0xFE, 0xFA, 0xFE, 0xFA, 0xFF, 0xFA,
	0xFF, 0xFA, 0xFF, 0xFA, 0x00, 0xFB, 0x00, 0xFB, 0x00, 0xFB, 0x00, 0xFB, 0x01, 0xFB, 0x01, 0xFB,
	0x01, 0xFB, 0x02, 0xFB, 0x02, 0xFB, 0x02, 0xFB, 0x03, 0xFB, 0x03, 0xFB, 0x03, 0xFB, 0x03, 0xFB,
	0x04, 0xFB, 0x04, 0xFB, 0x04, 0xFB, 0x05, 0xFB, 0x05, 0xFB, 0x05, 0xFB, 0x06, 0xFB, 0x06, 0xFB,
	0x06, 0xFB, 0x06, 0xFB, 0x07, 0xFB, 0x07, 0xFB, 0x07, 0xFB, 0x08, 0xFB, 0x08, 0xFB, 0x08, 0xFB,
	0x09, 0xFB, 0x09, 0xFB, 0x09, 0xFB, 0x09, 0xFB, 0x0A, 0xFB, 0x0A, 0xFB, 0x0A, 0xFB, 0x0B, 0xFB,
	0x0B, 0xFB, 0x0B, 0xFB, 0x0C, 0xFB, 0x0C, 0xFB, 0x0C, 0xFB, 0x0C, 0xFB, 0x0D, 0xFB, 0x0D, 0xFB,
	0x0D, 0xFB, 0x0E, 0xFB, 0x0E, 0xFB, 0x0E, 0xFB, 0x0E, 0xFB, 0x0F, 0xFB, 0x0F, 0xFB, 0x0F, 0xFB,
	0x10, 0xFB, 0x10, 0xFB, 0x10, 0xFB, 0x11, 0xFB, 0x11, 0xFB, 0x11, 0xFB, 0x11, 0xFB, 0x12, 0xFB,
	0x12, 0xFB, 0x12, 0xFB, 0x13, 0xFB, 0x13, 0xFB, 0x13, 0xFB, 0x14, 0xFB, 0x14, 0xFB, 0x32, 0xF8,
	0x32, 0xF8, 0x64, 0xF3, 0x65, 0xF3, 0x66, 0xF3, 0x66, 0xF3, 0x67, 0xF3, 0x68, 0xF3, 0x69, 0xF3,
	0x69, 0xF3, 0x6A, 0xF3, 0x6B, 0xF3, 0x6C, 0xF3, 0x6C, 0xF3, 0x6D, 0xF3, 0x6E, 0xF3, 0x6F, 0xF3,
	0x70, 0xF3, 0x70, 0xF3, 0x71, 0xF3, 0x72, 0xF3, 0x73, 0xF3, 0x73, 0xF3, 0x74, 0xF3, 0x75, 0xF3,
	0x76, 0xF3, 0x76, 0xF3, 0x77, 0xF3, 0x78, 0xF3, 0x79, 0xF3, 0x79, 0xF3, 0x7A, 0xF3, 0x7B, 0xF3,
	0x7C, 0xF3, 0x7D, 0xF3, 0x7D, 0xF3, 0x7E, 0xF3, 0x7F, 0xF3, 0x80, 0xF3, 0x80, 0xF3, 0x81, 0xF3,
	0x82, 0xF3, 0x83, 0xF3, 0x83, 0xF3, 0x84, 0xF3, 0x85, 0xF3, 0x86, 0xF3, 0x86, 0xF3, 0x87, 0xF3,
	0x88, 0xF3, 0x89, 0xF3, 0x8A, 0xF3, 0x8A, 0xF3, 0x8B, 0xF3, 0x8C, 0xF3, 0x8D, 0xF3, 0x8D, 0xF3,
	0x8E, 0xF3, 0x8F, 0xF3, 0x90, 0xF3, 0x90, 0xF3, 0x91, 0xF3, 0x92, 0xF3, 0x93, 0xF3, 0x93, 0xF3,
	0x94, 0xF3, 0x94, 0xF3, 0x94, 0xF3, 0x94, 0xF3, 0x94, 0xF3, 0x95, 0xF3, 0x95, 0xF3, 0x95, 0xF3,
	0x95, 0xF3, 0x95, 0xF3, 0x96, 0xF3, 0x96, 0xF3, 0x96, 0xF3, 0x96, 0xF3, 0x97, 0xF3, 0x97, 0xF3,
	0x97, 0xF3, 0x97, 0xF3, 0x97, 0xF3, 0x98, 0xF3, 0x98, 0xF3, 0x98, 0xF3, 0x98, 0xF3, 0x98, 0xF3,
	0x99, 0xF3, 0x69, 0x00, 0x69, 0x00, 0x69, 0x00, 0x69, 0x00, 0x69, 0x00, 0x69, 0x00, 0x69, 0x00,
	0x69, 0x00, 0x69, 0x00, 0x69, 0x00, 0x69, 0x00, 0x69, 0x00, 0x69, 0x00, 0x69, 0x00, 0x69, 0x00,
	0x69, 0x00, 0x69, 0x00, 0x69, 0x00, 0x69, 0x00, 0x69, 0x00, 0x69, 0x00, 0x69, 0x00, 0x69, 0x00,
	0x69, 0x00, 0x69, 0x00, 0x69, 0x00, 0x69, 0x00, 0x69, 0x00, 0x69, 0x00, 0x69, 0x00, 0x69, 0x00,
	0x69, 0x00, 0x69, 0x00, 0x69, 0x00, 0x69, 0x00, 0x69, 0x00, 0x69, 0x00, 0x69, 0x00, 0x69, 0x00,
	0x69, 0x00, 0x69, 0x00, 0x69, 0x00, 0x69, 0x00, 0x69, 0x00, 0x69, 0x00, 0x69, 0x00, 0x69, 0x00,
	0x69, 0x00, 0x69, 0x00, 0x69, 0x00, 0x69, 0x00, 0x69, 0x00, 0x69, 0x00, 0x69, 0x00, 0x69, 0x00,
	0x69, 0x00, 0x69, 0x00, 0x69, 0x00, 0x69, 0x00, 0x69, 0x00, 0x69, 0x00, 0x69, 0x00, 0x69, 0x00,
	0x69, 0x00, 0x69, 0x00, 0x69, 0x00, 0x69, 0x00, 0x69, 0x00, 0x69, 0x00, 0x69, 0x00, 0x69, 0x00,
	0x69, 0x00, 0x69, 0x00, 0x69, 0x00, 0x69, 0x00, 0x69, 0x00, 0x69, 0x00, 0x69, 0x00, 0x69, 0x00,
	0x69, 0x00, 0x69, 0x00, 0x69, 0x00, 0x69, 0x00, 0x69, 0x00, 0x69, 0x00, 0x69, 0x00, 0x83, 0x19,
	0x82, 0x19, 0x82, 0x19, 0x82, 0x19, 0x81, 0x19, 0x81, 0x19, 0x80, 0x19, 0x80, 0x19, 0x7F, 0x19,
	0x7F, 0x19, 0x7F, 0x19, 0x7E, 0x19, 0x7E, 0x19, 0x7D, 0x19, 0x7D, 0x19, 0x7C, 0x19, 0x7C, 0x19,
	0x7C, 0x19, 0x7B, 0x19, 0x7B, 0x19, 0x7A, 0x19, 0x7A, 0x19, 0x79, 0x19, 0x79, 0x19, 0x79, 0x19,
	0x78, 0x19, 0x78, 0x19, 0x77, 0x19, 0x77, 0x19, 0x76, 0x19, 0x76, 0x19, 0x76, 0x19, 0x75, 0x19,
	0x75, 0x19, 0x74, 0x19, 0x74, 0x19, 0x73, 0x19, 0x73, 0x19, 0x73, 0x19, 0x72, 0x19, 0x72, 0x19,
	0x71, 0x19, 0x71, 0x19, 0x70, 0x19, 0x70, 0x19, 0x70, 0x19, 0x6F, 0x19, 0x6F, 0x19, 0x6E, 0x19,
	0x6E, 0x19, 0x6D, 0x19, 0x6D, 0x19, 0x6D, 0x19, 0x6C, 0x19, 0x6C, 0x19, 0x6B, 0x19, 0x6B, 0x19,
	0x6A, 0x19, 0x6A, 0x19, 0x6A, 0x19, 0x69, 0x19, 0x69, 0x19, 0x68, 0x19, 0x68, 0x19, 0x67, 0x19,
	0x67, 0x19, 0x67, 0x19, 0x66, 0x19, 0x66, 0x19, 0x65, 0x19, 0x65, 0x19, 0x65, 0x19, 0x64, 0x19,
	0x64, 0x19, 0x63, 0x19, 0x63, 0x19, 0x62, 0x19, 0x62, 0x19, 0x62, 0x19, 0x61, 0x19, 0x61, 0x19,
	0x60, 0x19, 0x60, 0x19, 0x5F, 0x19, 0xF8, 0xED, 0xF9, 0xED, 0xF9, 0xED, 0xF9, 0xED, 0xF9, 0xED,
	0xFA, 0xED, 0xFA, 0xED, 0xFA, 0xED, 0xFB, 0xED, 0xFB, 0xED, 0xFB, 0xED, 0xFC, 0xED, 0xFC, 0xED,
	0xFC, 0xED, 0xFD, 0xED, 0xFD, 0xED, 0xFD, 0xED, 0xFD, 0xED, 0xFE, 0xED, 0xFE, 0xED, 0xFE, 0xED,
	0xFF, 0xED, 0xFF, 0xED, 0xFF, 0xED, 0x00, 0xEE, 0x00, 0xEE, 0x00, 0xEE, 0x00, 0xEE, 0x01, 0xEE,
	0x01, 0xEE, 0x01, 0xEE, 0x02, 0xEE, 0x02, 0xEE, 0x02, 0xEE, 0x03, 0xEE, 0x03, 0xEE, 0x03, 0xEE,
	0x03, 0xEE, 0x04, 0xEE, 0x04, 0xEE, 0x04, 0xEE, 0x05, 0xEE, 0x05, 0xEE, 0x05, 0xEE, 0x06, 0xEE,
	0x06, 0xEE, 0x06, 0xEE, 0x07, 0xEE, 0x07, 0xEE, 0x07, 0xEE, 0x07, 0xEE, 0x08, 0xEE, 0x08, 0xEE,
	0x08, 0xEE, 0x09, 0xEE, 0x09, 0xEE, 0x09, 0xEE, 0x0A, 0xEE, 0x0A, 0xEE, 0x0A, 0xEE, 0x0A, 0xEE,
	0x0B, 0xEE, 0x0B, 0xEE, 0x0B, 0xEE, 0x0C, 0xEE, 0x0C, 0xEE, 0x0C, 0xEE, 0x0D, 0xEE, 0x0D, 0xEE,
	0x0D, 0xEE, 0x0D, 0xEE, 0x0E, 0xEE, 0x0E, 0xEE, 0x0E, 0xEE, 0x0F, 0xEE, 0x0F, 0xEE, 0x0F, 0xEE,
	0x10, 0xEE, 0x10, 0xEE, 0x10, 0xEE, 0x11, 0xEE, 0x11, 0xEE, 0x2B, 0xFD, 0x2C, 0xFD, 0x3B, 0x06,
	0x3B, 0x06, 0x3B, 0x06, 0x3B, 0x06, 0x3B, 0x06, 0x3B, 0x06, 0x3A, 0x06, 0x3A, 0x06, 0x3A, 0x06,
	0x3A, 0x06, 0x3A, 0x06, 0x3A, 0x06, 0x3A, 0x06, 0x3A, 0x06, 0x3A, 0x06, 0x39, 0x06, 0x39, 0x06,
	0x39, 0x06, 0x39, 0x06, 0x39, 0x06, 0x39, 0x06, 0x39, 0x06, 0x39, 0x06, 0x39, 0x06, 0x39, 0x06,
	0x38, 0x06, 0x38, 0x06, 0x38, 0x06, 0x38, 0x06, 0x38, 0x06, 0x38, 0x06, 0x38, 0x06, 0x38, 0x06,
	0x38, 0x06, 0x37, 0x06, 0x37, 0x06, 0x37, 0x06, 0x37, 0x06, 0x37, 0x06, 0x37, 0x06, 0x37, 0x06,
	0x37, 0x06, 0x37, 0x06, 0x37, 0x06, 0x36, 0x06, 0x36, 0x06, 0x36, 0x06, 0x36, 0x06, 0x36, 0x06,
	0x36, 0x06, 0x36, 0x06, 0x36, 0x06, 0x36, 0x06, 0x35, 0x06, 0x35, 0x06, 0x35, 0x06, 0x35, 0x06,
	0x35, 0x06, 0x35, 0x06, 0x35, 0x06, 0x35, 0x06, 0x35, 0x06, 0x35, 0x06, 0x34, 0x06, 0x34, 0x06,
	0x34, 0x06, 0x34, 0x06, 0x34, 0x06, 0x34, 0x06, 0x34, 0x06, 0x34, 0x06, 0x34, 0x06, 0x33, 0x06,
	0x33, 0x06, 0x33, 0x06, 0x33, 0x06, 0x33, 0x06, 0x33, 0x06, 0x33, 0x06, 0x33, 0x06, 0xA4, 0xEA,
	0xA5, 0xEA, 0xA5, 0xEA, 0xA6, 0xEA, 0xA6, 0xEA, 0xA6, 0xEA, 0xA7, 0xEA, 0xA7, 0xEA, 0xA7, 0xEA,
	0xA8, 0xEA, 0xA8, 0xEA, 0xA8, 0xEA, 0xA9, 0xEA, 0xA9, 0xEA, 0xAA, 0xEA, 0xAA, 0xEA, 0xAA, 0xEA,
	0xAB, 0xEA, 0xAB, 0xEA, 0xAB, 0xEA, 0xAC, 0xEA, 0xAC, 0xEA, 0xAC, 0xEA, 0xAD, 0xEA, 0xAD, 0xEA,
	0xAE, 0xEA, 0xAE, 0xEA, 0xAE, 0xEA, 0xAF, 0xEA, 0xAF, 0xEA, 0xAF, 0xEA, 0xB0, 0xEA, 0xB0, 0xEA,
	0xB0, 0xEA, 0xB1, 0xEA, 0xB1, 0xEA, 0xB2, 0xEA, 0xB2, 0xEA, 0xB2, 0xEA, 0xB3, 0xEA, 0xB3, 0xEA,
	0xB3, 0xEA, 0xB4, 0xEA, 0xB4, 0xEA, 0xB4, 0xEA, 0xB5, 0xEA, 0xB5, 0xEA, 0xB6, 0xEA, 0xB6, 0xEA,
	0xB6, 0xEA, 0xB7, 0xEA, 0xB7, 0xEA, 0xB7, 0xEA, 0xB8, 0xEA, 0xB8, 0xEA, 0xB8, 0xEA, 0xB9, 0xEA,
	0xB9, 0xEA, 0xBA, 0xEA, 0xBA, 0xEA, 0xBA, 0xEA, 0xBB, 0xEA, 0xBB, 0xEA, 0xBB, 0xEA, 0xBC, 0xEA,
	0xBC, 0xEA, 0xBC, 0xEA, 0xBD, 0xEA, 0xBD, 0xEA, 0xBE, 0xEA, 0xBE, 0xEA, 0xBE, 0xEA, 0xBF, 0xEA,
	0xBF, 0xEA, 0xBF, 0xEA, 0xC0, 0xEA, 0xC0, 0xEA, 0xC0, 0xEA, 0x6A, 0xE9, 0x6B, 0xE9, 0x0D, 0xE0,
	0x0D, 0xE0, 0x0E, 0xE0, 0x0F, 0xE0, 0x0F, 0xE0, 0x10, 0xE0, 0x10, 0xE0, 0x11, 0xE0, 0x11, 0xE0,
	0x12, 0xE0, 0x12, 0xE0, 0x13, 0xE0, 0x13, 0xE0, 0x14, 0xE0, 0x15, 0xE0, 0x15, 0xE0, 0x16, 0xE0,
	0x16, 0xE0, 0x17, 0xE0, 0x17, 0xE0, 0x18, 0xE0, 0x18, 0xE0, 0x19, 0xE0, 0x19, 0xE0, 0x1A, 0xE0,
	0x1B, 0xE0, 0x1B, 0xE0, 0x1C, 0xE0, 0x1C, 0xE0, 0x1D, 0xE0, 0x1D, 0xE0, 0x1E, 0xE0, 0x1E, 0xE0,
	0x1F, 0xE0, 0x1F, 0xE0, 0x20, 0xE0, 0x21, 0xE0, 0x21, 0xE0, 0x22, 0xE0, 0x22, 0xE0, 0x23, 0xE0,
	0x23, 0xE0, 0x24, 0xE0, 0x24, 0xE0, 0x25, 0xE0, 0x26, 0xE0, 0x26, 0xE0, 0x27, 0xE0, 0x27, 0xE0,
	0x28, 0xE0, 0x28, 0xE0, 0x29, 0xE0, 0x29, 0xE0, 0x2A, 0xE0, 0x2A, 0xE0, 0x2B, 0xE0, 0x2C, 0xE0,
	0x2C, 0xE0, 0x2D, 0xE0, 0x2D, 0xE0, 0x2E, 0xE0, 0x2E, 0xE0, 0x2F, 0xE0, 0x2F, 0xE0, 0x30, 0xE0,
	0x30, 0xE0, 0x31, 0xE0, 0x32, 0xE0, 0x32, 0xE0, 0x33, 0xE0, 0x33, 0xE0, 0x34, 0xE0, 0x34, 0xE0,
	0x35, 0xE0, 0x35, 0xE0, 0x36, 0xE0, 0x75, 0xEE, 0x75, 0xEE, 0x32, 0x06, 0x32, 0x06, 0x32, 0x06,
	0x32, 0x06, 0x32, 0x06, 0x32, 0x06, 0x31, 0x06, 0x31, 0x06, 0x31, 0x06, 0x31, 0x06, 0x31, 0x06,
	0x31, 0x06, 0x31, 0x06, 0x31, 0x06, 0x31, 0x06, 0x31, 0x06, 0x30, 0x06, 0x30, 0x06, 0x30, 0x06,
	0x30, 0x06, 0x30, 0x06, 0x30, 0x06, 0x30, 0x06, 0x30, 0x06, 0x30, 0x06, 0x2F, 0x06, 0x2F, 0x06,
	0x2F, 0x06, 0x2F, 0x06, 0x2F, 0x06, 0x2F, 0x06, 0x2F, 0x06, 0x2F, 0x06, 0x2F, 0x06, 0x2E, 0x06,
	0x2E, 0x06, 0x2E, 0x06, 0x2E, 0x06, 0x2E, 0x06, 0x2E, 0x06, 0x2E, 0x06, 0x2E, 0x06, 0x2E, 0x06,
	0x2E, 0x06, 0x2D, 0x06, 0x2D, 0x06, 0x2D, 0x06, 0x2D, 0x06, 0x2D, 0x06, 0x2D, 0x06, 0x2D, 0x06,
	0x2D, 0x06, 0x2D, 0x06, 0x2C, 0x06, 0x2C, 0x06, 0x2C, 0x06, 0x2C, 0x06, 0x2C, 0x06, 0x2C, 0x06,
	0x2C, 0x06, 0x2C, 0x06, 0x2C, 0x06, 0x2C, 0x06, 0x2B, 0x06, 0x2B, 0x06, 0x2B, 0x06, 0x2B, 0x06,
	0x2B, 0x06, 0x2B, 0x06, 0x2B, 0x06, 0x2B, 0x06, 0x2B, 0x06, 0x2A, 0x06, 0x2A, 0x06, 0x2A, 0x06,
	0x2A, 0x06, 0x0C, 0xE1, 0x0D, 0xE1, 0x0D, 0xE1, 0x0E, 0xE1, 0x0E, 0xE1, 0x0F, 0xE1, 0x0F, 0xE1,
	0x10, 0xE1, 0x10, 0xE1, 0x11, 0xE1, 0x11, 0xE1, 0x12, 0xE1, 0x12, 0xE1, 0x13, 0xE1, 0x13, 0xE1,
	0x14, 0xE1, 0x15, 0xE1, 0x15, 0xE1, 0x16, 0xE1, 0x16, 0xE1, 0x17, 0xE1, 0x17, 0xE1, 0x18, 0xE1,
	0x18, 0xE1, 0x19, 0xE1, 0x19, 0xE1, 0x1A, 0xE1, 0x1A, 0xE1, 0x1B, 0xE1, 0x1C, 0xE1, 0x1C, 0xE1,
	0x1D, 0xE1, 0x1D, 0xE1, 0x1E, 0xE1, 0x1E, 0xE1, 0x1F, 0xE1, 0x1F, 0xE1, 0x20, 0xE1, 0x20, 0xE1,
	0x21, 0xE1, 0x21, 0xE1, 0x22, 0xE1, 0x22, 0xE1, 0x23, 0xE1, 0x24, 0xE1, 0x24, 0xE1, 0x25, 0xE1,
	0x25, 0xE1, 0x26, 0xE1, 0x26, 0xE1, 0x27, 0xE1, 0x27, 0xE1, 0x28, 0xE1, 0x28, 0xE1, 0x29, 0xE1,
	0x29, 0xE1, 0x2A, 0xE1, 0x2A, 0xE1, 0x2B, 0xE1, 0x2C, 0xE1, 0x2C, 0xE1, 0x2D, 0xE1, 0x2D, 0xE1,
	0x2E, 0xE1, 0x2E, 0xE1, 0x2F, 0xE1, 0x2F, 0xE1, 0x30, 0xE1, 0x30, 0xE1, 0x31, 0xE1, 0x31, 0xE1,
	0x32, 0xE1, 0x32, 0xE1, 0x33, 0xE1, 0x63, 0xEB, 0x64, 0xEB, 0x64, 0xEB, 0x64, 0xEB, 0x65, 0xEB,
	0x65, 0xEB, 0x65, 0xEB, 0x66, 0xEB, 0x66, 0xEB, 0x66, 0xEB, 0x67, 0xEB, 0x67, 0xEB, 0x68, 0xEB,
	0x68, 0xEB, 0x68, 0xEB, 0x69, 0xEB, 0x69, 0xEB, 0x69, 0xEB, 0x6A, 0xEB, 0x6A, 0xEB, 0x6A, 0xEB,
	0x6B, 0xEB, 0x6B, 0xEB, 0x6B, 0xEB, 0x6C, 0xEB, 0x6C, 0xEB, 0x6D, 0xEB, 0x6D, 0xEB, 0x6D, 0xEB,
	0x6E, 0xEB, 0x6E, 0xEB, 0x6E, 0xEB, 0x6F, 0xEB, 0x6F, 0xEB, 0x6F, 0xEB, 0x70, 0xEB, 0x70, 0xEB,
	0x70, 0xEB, 0x71, 0xEB, 0x71, 0xEB, 0x72, 0xEB, 0x72, 0xEB, 0x72, 0xEB, 0x73, 0xEB, 0x73, 0xEB,
	0x73, 0xEB, 0x74, 0xEB, 0x74, 0xEB, 0x74, 0xEB, 0x75, 0xEB, 0x75, 0xEB, 0x76, 0xEB, 0x76, 0xEB,
	0x76, 0xEB, 0x77, 0xEB, 0x77, 0xEB, 0x77, 0xEB, 0x78, 0xEB, 0x78, 0xEB, 0x78, 0xEB, 0x79, 0xEB,
	0x79, 0xEB, 0x79, 0xEB, 0x7A, 0xEB, 0x7A, 0xEB, 0x7B, 0xEB, 0x7B, 0xEB, 0x7B, 0xEB, 0x7C, 0xEB,
	0x7C, 0xEB, 0x7C, 0xEB, 0x7D, 0xEB, 0x7D, 0xEB, 0x7D, 0xEB, 0x7E, 0xEB, 0x7E, 0xEB, 0x7E, 0xEB,
	0x7F, 0xEB, 0x7F, 0xEB, 0x80, 0xEB, 0x80, 0xEB, 0x80, 0xEB, 0x81, 0xEB, 0x81, 0xEB, 0x81, 0xEB,
	0x82, 0xEB, 0x82, 0xEB, 0x82, 0xEB, 0x83, 0xEB, 0x83, 0xEB, 0x83, 0xEB, 0x84, 0xEB, 0x84, 0xEB,
	0x85, 0xEB, 0x85, 0xEB, 0x85, 0xEB, 0x86, 0xEB, 0x86, 0xEB, 0x86, 0xEB, 0x87, 0xEB, 0x87, 0xEB,
	0x87, 0xEB, 0x88, 0xEB, 0x88, 0xEB, 0x88, 0xEB, 0x89, 0xEB, 0x89, 0xEB, 0x8A, 0xEB, 0x8A, 0xEB,
	0x8A, 0xEB, 0x8B, 0xEB, 0x8B, 0xEB, 0x8B, 0xEB, 0x8C, 0xEB, 0xD4, 0x06, 0xD4, 0x06, 0x32, 0x17,
	0x31, 0x17, 0x31, 0x17, 0x30, 0x17, 0x30, 0x17, 0x30, 0x17, 0x2F, 0x17, 0x2F, 0x17, 0x2E, 0x17,
	0x2E, 0x17, 0x2E, 0x17, 0x2D, 0x17, 0x2D, 0x17, 0x2C, 0x17, 0x2C, 0x17, 0x2B, 0x17, 0x2B, 0x17,
	0x2B, 0x17, 0x2A, 0x17, 0x2A, 0x17, 0x29, 0x17, 0x29, 0x17, 0x29, 0x17, 0x28, 0x17, 0x28, 0x17,
	0x27, 0x17, 0x27, 0x17, 0x27, 0x17, 0x26, 0x17, 0x26, 0x17, 0x25, 0x17, 0x25, 0x17, 0x25, 0x17,
	0x24, 0x17, 0x24, 0x17, 0x23, 0x17, 0x23, 0x17, 0x23, 0x17, 0x22, 0x17, 0x22, 0x17, 0x21, 0x17,
	0x21, 0x17, 0x21, 0x17, 0x20, 0x17, 0x20, 0x17, 0x1F, 0x17, 0x1F, 0x17, 0x1F, 0x17, 0x1E, 0x17,
	0x1E, 0x17, 0x1D, 0x17, 0x1D, 0x17, 0x1C, 0x17, 0x1C, 0x17, 0x1C, 0x17, 0x1B, 0x17, 0x1B, 0x17,
	0x1A, 0x17, 0x1A, 0x17, 0x1A, 0x17, 0x19, 0x17, 0x19, 0x17, 0x18, 0x17, 0x18, 0x17, 0x18, 0x17,
	0x17, 0x17, 0x17, 0x17, 0x16, 0x17, 0x16, 0x17, 0x16, 0x17, 0x15, 0x17, 0x15, 0x17, 0x14, 0x17,
	0x14, 0x17, 0x14, 0x17, 0x13, 0x17, 0x13, 0x17, 0x12, 0x17, 0x12, 0x17, 0x12, 0x17, 0x11, 0x17,
	0x11, 0x17, 0x10, 0x17, 0x10, 0x17, 0x0F, 0x17, 0x0F, 0x17, 0x0F, 0x17, 0x0E, 0x17, 0x0E, 0x17,
	0x0D, 0x17, 0x0D, 0x17, 0x0D, 0x17, 0x0C, 0x17, 0x0C, 0x17, 0x0B, 0x17, 0x0B, 0x17, 0x0B, 0x17,
	0x0A, 0x17, 0x0A, 0x17, 0x09, 0x17, 0x09, 0x17, 0x09, 0x17, 0x08, 0x17, 0x08, 0x17, 0x07, 0x17,
	0x07, 0x17, 0x07, 0x17, 0x06, 0x17, 0x6A, 0x12, 0x69, 0x12, 0x27, 0xF2, 0x27, 0xF2, 0x27, 0xF2,
	0x27, 0xF2, 0x28, 0xF2, 0x28, 0xF2, 0x28, 0xF2, 0x28, 0xF2, 0x29, 0xF2, 0x29, 0xF2, 0x29, 0xF2,
	0x29, 0xF2, 0x2A, 0xF2, 0x2A, 0xF2, 0x2A, 0xF2, 0x2A, 0xF2, 0x2B, 0xF2, 0x2B, 0xF2, 0x2B, 0xF2,
	0x2B, 0xF2, 0x2C, 0xF2, 0x2C, 0xF2, 0x2C, 0xF2, 0x2C, 0xF2, 0x2D, 0xF2, 0x2D, 0xF2, 0x2D, 0xF2,
	0x2D, 0xF2, 0x2E, 0xF2, 0x2E, 0xF2, 0x2E, 0xF2, 0x2E, 0xF2, 0x2E, 0xF2, 0x2F, 0xF2, 0x2F, 0xF2,
	0x2F, 0xF2, 0x2F, 0xF2, 0x30, 0xF2, 0x30, 0xF2, 0x30, 0xF2, 0x30, 0xF2, 0x31, 0xF2, 0x31, 0xF2,
	0x31, 0xF2, 0x31, 0xF2, 0x32, 0xF2, 0x32, 0xF2, 0x32, 0xF2, 0x32, 0xF2, 0x33, 0xF2, 0x33, 0xF2,
	0x33, 0xF2, 0x33, 0xF2, 0x34, 0xF2, 0x34, 0xF2, 0x34, 0xF2, 0x34, 0xF2, 0x35, 0xF2, 0x35, 0xF2,
	0x35, 0xF2, 0x35, 0xF2, 0x36, 0xF2, 0x36, 0xF2, 0x36, 0xF2, 0x36, 0xF2, 0x37, 0xF2, 0x37, 0xF2,
	0x37, 0xF2, 0x37, 0xF2, 0x38, 0xF2, 0x38, 0xF2, 0x38, 0xF2, 0x38, 0xF2, 0x38, 0xF2, 0x39, 0xF2,
	0x39, 0xF2, 0x39, 0xF2, 0x39, 0xF2, 0x3A, 0xF2, 0x3A, 0xF2, 0x3A, 0xF2, 0x3A, 0xF2, 0x3B, 0xF2,
	0x3B, 0xF2, 0x3B, 0xF2, 0x3B, 0xF2, 0x3C, 0xF2, 0x3C, 0xF2, 0x3C, 0xF2, 0x3C, 0xF2, 0x3D, 0xF2,
	0x3D, 0xF2, 0x3D, 0xF2, 0x3D, 0xF2, 0x3E, 0xF2, 0x3E, 0xF2, 0x3E, 0xF2, 0x3E, 0xF2, 0x3F, 0xF2,
	0x3F, 0xF2, 0x3F, 0xF2, 0x3F, 0xF2, 0x40, 0xF2, 0x40, 0xF2, 0x40, 0xF2, 0x40, 0xF2, 0x2C, 0x18,
	0x2B, 0x18, 0x2B, 0x18, 0x2A, 0x18, 0x2A, 0x18, 0x29, 0x18, 0x29, 0x18, 0x29, 0x18, 0x28, 0x18,
	0x28, 0x18, 0x27, 0x18, 0x27, 0x18, 0x26, 0x18, 0x26, 0x18, 0x26, 0x18, 0x25, 0x18, 0x25, 0x18,
	0x24, 0x18, 0x24, 0x18, 0x23, 0x18, 0x23, 0x18, 0x23, 0x18, 0x22, 0x18, 0x22, 0x18, 0x21, 0x18,
	0x21, 0x18, 0x20, 0x18, 0x20, 0x18, 0x20, 0x18, 0x1F, 0x18, 0x1F, 0x18, 0x1E, 0x18, 0x1E, 0x18,
	0x1D, 0x18, 0x1D, 0x18, 0x1D, 0x18, 0x1C, 0x18, 0x1C, 0x18, 0x1B, 0x18, 0x1B, 0x18, 0x1A, 0x18,
	0x1A, 0x18, 0x1A, 0x18, 0x19, 0x18, 0x19, 0x18, 0x18, 0x18, 0x18, 0x18, 0x17, 0x18, 0x17, 0x18,
	0x17, 0x18, 0x16, 0x18, 0x16, 0x18, 0x15, 0x18, 0x15, 0x18, 0x14, 0x18, 0x14, 0x18, 0x14, 0x18,
	0x13, 0x18, 0x13, 0x18, 0x12, 0x18, 0x12, 0x18, 0x11, 0x18, 0x11, 0x18, 0x11, 0x18, 0x10, 0x18,
	0x10, 0x18, 0x0F, 0x18, 0x0F, 0x18, 0x0E, 0x18, 0x0E, 0x18, 0x0E, 0x18, 0x0D, 0x18, 0x0D, 0x18,
	0x0C, 0x18, 0x0C, 0x18, 0x0B, 0x18, 0x0B, 0x18, 0x0B, 0x18, 0x0A, 0x18, 0x0A, 0x18, 0x09, 0x18,
	0x09, 0x18, 0x08, 0x18, 0x08, 0x18, 0x08, 0x18, 0x07, 0x18, 0x07, 0x18, 0x06, 0x18, 0x06, 0x18,
	0x05, 0x18, 0x05, 0x18, 0x05, 0x18, 0x04, 0x18, 0x04, 0x18, 0x03, 0x18, 0x03, 0x18, 0x02, 0x18,
	0x02, 0x18, 0x02, 0x18, 0x01, 0x18, 0x01, 0x18, 0x00, 0x18, 0x00, 0x18, 0xFF, 0x17, 0x42, 0xE4,
	0x43, 0xE4, 0x43, 0xE4, 0x44, 0xE4, 0x44, 0xE4, 0x45, 0xE4, 0x45, 0xE4, 0x46, 0xE4, 0x46, 0xE4,
	0x47, 0xE4, 0x47, 0xE4, 0x48, 0xE4, 0x48, 0xE4, 0x49, 0xE4, 0x49, 0xE4, 0x4A, 0xE4, 0x4A, 0xE4,
	0x4B, 0xE4, 0x4B, 0xE4, 0x4B, 0xE4, 0x4C, 0xE4, 0x4C, 0xE4, 0x4D, 0xE4, 0x4D, 0xE4, 0x4E, 0xE4,
	0x4E, 0xE4, 0x4F, 0xE4, 0x4F, 0xE4, 0x50, 0xE4, 0x50, 0xE4, 0x51, 0xE4, 0x51, 0xE4, 0x52, 0xE4,
	0x52, 0xE4, 0x53, 0xE4, 0x53, 0xE4, 0x54, 0xE4, 0x54, 0xE4, 0x55, 0xE4, 0x55, 0xE4, 0x56, 0xE4,
	0x56, 0xE4, 0x57, 0xE4, 0x57, 0xE4, 0x58, 0xE4, 0x58, 0xE4, 0x59, 0xE4, 0x59, 0xE4, 0x5A, 0xE4,
	0x5A, 0xE4, 0x5B, 0xE4, 0x5B, 0xE4, 0x5C, 0xE4, 0x5C, 0xE4, 0x5D, 0xE4, 0x5D, 0xE4, 0x5E, 0xE4,
	0x5E, 0xE4, 0x5F, 0xE4, 0x5F, 0xE4, 0x60, 0xE4, 0x60, 0xE4, 0x61, 0xE4, 0x61, 0xE4, 0x62, 0xE4,
	0x62, 0xE4, 0x63, 0xE4, 0x63, 0xE4, 0x64, 0xE4, 0x64, 0xE4, 0x65, 0xE4, 0x65, 0xE4, 0x66, 0xE4,
	0x66, 0xE4, 0x67, 0xE4, 0x67, 0xE4, 0x68, 0xE4, 0x68, 0xE4, 0x69, 0xE4, 0x69, 0xE4, 0x6A, 0xE4,
	0x6A, 0xE4, 0x6B, 0xE4, 0x6B, 0xE4, 0x6C, 0xE4, 0x6C, 0xE4, 0x6D, 0xE4, 0x6D, 0xE4, 0x6E, 0xE4,
	0x6E, 0xE4, 0x6F, 0xE4, 0x6F, 0xE4, 0x70, 0xE4, 0x70, 0xE4, 0x71, 0xE4, 0x71, 0xE4, 0x72, 0xE4,
	0x72, 0xE4, 0x73, 0xE4, 0x73, 0xE4, 0x06, 0xE9, 0x07, 0xE9, 0xAE, 0xE9, 0xAF, 0xE9, 0xAF, 0xE9,
	0xB0, 0xE9, 0xB0, 0xE9, 0xB0, 0xE9, 0xB1, 0xE9, 0xB1, 0xE9, 0xB2, 0xE9, 0xB2, 0xE9, 0xB2, 0xE9,
	0xB3, 0xE9, 0xB3, 0xE9, 0xB4, 0xE9, 0xB4, 0xE9, 0xB4, 0xE9, 0xB5, 0xE9, 0xB5, 0xE9, 0xB6, 0xE9,
	0xB6, 0xE9, 0xB6, 0xE9, 0xB7, 0xE9, 0xB7, 0xE9, 0xB8, 0xE9, 0xB8, 0xE9, 0xB8, 0xE9, 0xB9, 0xE9,
	0xB9, 0xE9, 0xBA, 0xE9, 0xBA, 0xE9, 0xBB, 0xE9, 0xBB, 0xE9, 0xBB, 0xE9, 0xBC, 0xE9, 0xBC, 0xE9,
	0xBD, 0xE9, 0xBD, 0xE9, 0xBD, 0xE9, 0xBE, 0xE9, 0xBE, 0xE9, 0xBF, 0xE9, 0xBF, 0xE9, 0xBF, 0xE9,
	0xC0, 0xE9, 0xC0, 0xE9, 0xC1, 0xE9, 0xC1, 0xE9, 0xC1, 0xE9, 0xC2, 0xE9, 0xC2, 0xE9, 0xC3, 0xE9,
	0xC3, 0xE9, 0xC3, 0xE9, 0xC4, 0xE9, 0xC4, 0xE9, 0xC5, 0xE9, 0xC5, 0xE9, 0xC5, 0xE9, 0xC6, 0xE9,
	0xC6, 0xE9, 0xC7, 0xE9, 0xC7, 0xE9, 0xC7, 0xE9, 0xC8, 0xE9, 0xC8, 0xE9, 0xC9, 0xE9, 0xC9, 0xE9,
	0xC9, 0xE9, 0xCA, 0xE9, 0xCA, 0xE9, 0xCB, 0xE9, 0xCB, 0xE9, 0xCB, 0xE9, 0xCC, 0xE9, 0xCC, 0xE9,
	0xCD, 0xE9, 0xCD, 0xE9, 0xCD, 0xE9, 0xCE, 0xE9, 0xCE, 0xE9, 0xCF, 0xE9, 0xCF, 0xE9, 0xCF, 0xE9,
	0xD0, 0xE9, 0xD0, 0xE9, 0xD1, 0xE9, 0xD1, 0xE9, 0xD1, 0xE9, 0xD2, 0xE9, 0xD2, 0xE9, 0xD3, 0xE9,
	0xD3, 0xE9, 0xD3, 0xE9, 0xD4, 0xE9, 0xD4, 0xE9, 0xD5, 0xE9, 0x68, 0x0F, 0x68, 0x0F, 0x68, 0x0F,
	0x67, 0x0F, 0x67, 0x0F, 0x67, 0x0F, 0x66, 0x0F, 0x66, 0x0F, 0x66, 0x0F, 0x66, 0x0F, 0x65, 0x0F,
	0x65, 0x0F, 0x65, 0x0F, 0x64, 0x0F, 0x64, 0x0F, 0x64, 0x0F, 0x64, 0x0F, 0x63, 0x0F, 0x63, 0x0F,
	0x63, 0x0F, 0x62, 0x0F, 0x62, 0x0F, 0x62, 0x0F, 0x62, 0x0F, 0x61, 0x0F, 0x61, 0x0F, 0x61, 0x0F,
	0x61, 0x0F, 0x60, 0x0F, 0x60, 0x0F, 0x60, 0x0F, 0x5F, 0x0F, 0x5F, 0x0F, 0x5F, 0x0F, 0x5F, 0x0F,
	0x5E, 0x0F, 0x5E, 0x0F, 0x5E, 0x0F, 0x5D, 0x0F, 0x5D, 0x0F, 0x5D, 0x0F, 0x5D, 0x0F, 0x5C, 0x0F,
	0x5C, 0x0F, 0x5C, 0x0F, 0x5B, 0x0F, 0x5B, 0x0F, 0x5B, 0x0F, 0x5B, 0x0F, 0x5A, 0x0F, 0x5A, 0x0F,
	0x5A, 0x0F, 0x5A, 0x0F, 0x59, 0x0F, 0x59, 0x0F, 0x59, 0x0F, 0x58, 0x0F, 0x58, 0x0F, 0x58, 0x0F,
	0x58, 0x0F, 0x57, 0x0F, 0x57, 0x0F, 0x57, 0x0F, 0x56, 0x0F, 0x56, 0x0F, 0x56, 0x0F, 0x56, 0x0F,
	0x55, 0x0F, 0x55, 0x0F, 0x55, 0x0F, 0x55, 0x0F, 0x54, 0x0F, 0x54, 0x0F, 0x54, 0x0F, 0x53, 0x0F,
	0x53, 0x0F, 0x53, 0x0F, 0x53, 0x0F, 0x52, 0x0F, 0x52, 0x0F, 0x52, 0x0F, 0x51, 0x0F, 0x51, 0x0F,
	0x51, 0x0F, 0x51, 0x0F, 0x50, 0x0F, 0x50, 0x0F, 0x50, 0x0F, 0x4F, 0x0F, 0x4F, 0x0F, 0x4F, 0x0F,
	0x4F, 0x0F, 0x4E, 0x0F, 0x4E, 0x0F, 0xB8, 0x10, 0xB8, 0x10, 0xA1, 0x1A, 0xA1, 0x1A, 0xA0, 0x1A,
	0xA0, 0x1A, 0x9F, 0x1A, 0x9F, 0x1A, 0x9E, 0x1A, 0x9E, 0x1A, 0x9D, 0x1A, 0x9D, 0x1A, 0x9D, 0x1A,
	0x9C, 0x1A, 0x9C, 0x1A, 0x9B, 0x1A, 0x9B, 0x1A, 0x9A, 0x1A, 0x9A, 0x1A, 0x99, 0x1A, 0x99, 0x1A,
	0x98, 0x1A, 0x98, 0x1A, 0x97, 0x1A, 0x97, 0x1A, 0x96, 0x1A, 0x96, 0x1A, 0x95, 0x1A, 0x95, 0x1A,
	0x94, 0x1A, 0x94, 0x1A, 0x93, 0x1A, 0x93, 0x1A, 0x92, 0x1A, 0x92, 0x1A, 0x91, 0x1A, 0x91, 0x1A,
	0x90, 0x1A, 0x90, 0x1A, 0x8F, 0x1A, 0x8F, 0x1A, 0x8E, 0x1A, 0x8E, 0x1A, 0x8D, 0x1A, 0x8D, 0x1A,
	0x8C, 0x1A, 0x8C, 0x1A, 0x8B, 0x1A, 0x8B, 0x1A, 0x8B, 0x1A, 0x8A, 0x1A, 0x8A, 0x1A, 0x89, 0x1A,
	0x89, 0x1A, 0x88, 0x1A, 0x88, 0x1A, 0x87, 0x1A, 0x87, 0x1A, 0x86, 0x1A, 0x86, 0x1A, 0x85, 0x1A,
	0x85, 0x1A, 0x84, 0x1A, 0x84, 0x1A, 0x83, 0x1A, 0x83, 0x1A, 0x82, 0x1A, 0x82, 0x1A, 0x81, 0x1A,
	0x81, 0x1A, 0x80, 0x1A, 0x80, 0x1A, 0x7F, 0x1A, 0x7F, 0x1A, 0x7E, 0x1A, 0x7E, 0x1A, 0x7D, 0x1A,
	0x7D, 0x1A, 0x7C, 0x1A, 0x7C, 0x1A, 0x7B, 0x1A, 0x7B, 0x1A, 0x7A, 0x1A, 0x7A, 0x1A, 0x79, 0x1A,
	0x79, 0x1A, 0x79, 0x1A, 0x78, 0x1A, 0x78, 0x1A, 0x77, 0x1A, 0x77, 0x1A, 0x76, 0x1A, 0x76, 0x1A,
	0x75, 0x1A, 0x66, 0x15, 0x65, 0x15, 0x65, 0x15, 0x65, 0x15, 0x64, 0x15, 0x64, 0x15, 0x63, 0x15,
	0x63, 0x15, 0x63, 0x15, 0x62, 0x15, 0x62, 0x15, 0x61, 0x15, 0x61, 0x15, 0x61, 0x15, 0x60, 0x15,
	0x60, 0x15, 0x5F, 0x15, 0x5F, 0x15, 0x5F, 0x15, 0x5E, 0x15, 0x5E, 0x15, 0x5D, 0x15, 0x5D, 0x15,
	0x5D, 0x15, 0x5C, 0x15, 0x5C, 0x15, 0x5B, 0x15, 0x5B, 0x15, 0x5B, 0x15, 0x5A, 0x15, 0x5A, 0x15,
	0x5A, 0x15, 0x59, 0x15, 0x59, 0x15, 0x58, 0x15, 0x58, 0x15, 0x58, 0x15, 0x57, 0x15, 0x57, 0x15,
	0x56, 0x15, 0x56, 0x15, 0x56, 0x15, 0x55, 0x15, 0x55, 0x15, 0x54, 0x15, 0x54, 0x15, 0x54, 0x15,
	0x53, 0x15, 0x53, 0x15, 0x52, 0x15, 0x52, 0x15, 0x52, 0x15, 0x51, 0x15, 0x51, 0x15, 0x50, 0x15,
	0x50, 0x15, 0x50, 0x15, 0x4F, 0x15, 0x4F, 0x15, 0x4F, 0x15, 0x4E, 0x15, 0x4E, 0x15, 0x4D, 0x15,
	0x4D, 0x15, 0x4D, 0x15, 0x4C, 0x15, 0x4C, 0x15, 0x4B, 0x15, 0x4B, 0x15, 0x4B, 0x15, 0x4A, 0x15,
	0x4A, 0x15, 0x49, 0x15, 0x49, 0x15, 0x49, 0x15, 0x48, 0x15, 0x48, 0x15, 0x47, 0x15, 0x47, 0x15,
	0x47, 0x15, 0x46, 0x15, 0x46, 0x15, 0x45, 0x15, 0x45, 0x15, 0x45, 0x15, 0x44, 0x15, 0x44, 0x15,
	0x44, 0x15, 0x43, 0x15, 0x43, 0x15, 0xC0, 0xF1, 0xC1, 0xF1, 0xC1, 0xF1, 0xC1, 0xF1, 0xC1, 0xF1,
	0xC2, 0xF1, 0xC2, 0xF1, 0xC2, 0xF1, 0xC2, 0xF1, 0xC3, 0xF1, 0xC3, 0xF1, 0xC3, 0xF1, 0xC3, 0xF1,
	0xC4, 0xF1, 0xC4, 0xF1, 0xC4, 0xF1, 0xC5, 0xF1, 0xC5, 0xF1, 0xC5, 0xF1, 0xC5, 0xF1, 0xC6, 0xF1,
	0xC6, 0xF1, 0xC6, 0xF1, 0xC6, 0xF1, 0xC7, 0xF1, 0xC7, 0xF1, 0xC7, 0xF1, 0xC7, 0xF1, 0xC8, 0xF1,
	0xC8, 0xF1, 0xC8, 0xF1, 0xC9, 0xF1, 0xC9, 0xF1, 0xC9, 0xF1, 0xC9, 0xF1, 0xCA, 0xF1, 0xCA, 0xF1,
	0xCA, 0xF1, 0xCA, 0xF1, 0xCB, 0xF1, 0xCB, 0xF1, 0xCB, 0xF1, 0xCB, 0xF1, 0xCC, 0xF1, 0xCC, 0xF1,
	0xCC, 0xF1, 0xCC, 0xF1, 0xCD, 0xF1, 0xCD, 0xF1, 0xCD, 0xF1, 0xCE, 0xF1, 0xCE, 0xF1, 0xCE, 0xF1,
	0xCE, 0xF1, 0xCF, 0xF1, 0xCF, 0xF1, 0xCF, 0xF1, 0xCF, 0xF1, 0xD0, 0xF1, 0xD0, 0xF1, 0xD0, 0xF1,
	0xD0, 0xF1, 0xD1, 0xF1, 0xD1, 0xF1, 0xD1, 0xF1, 0xD1, 0xF1, 0xD2, 0xF1, 0xD2, 0xF1, 0xD2, 0xF1,
	0xD3, 0xF1, 0xD3, 0xF1, 0xD3, 0xF1, 0xD3, 0xF1, 0xD4, 0xF1, 0xD4, 0xF1, 0xD4, 0xF1, 0xD4, 0xF1,
	0xD5, 0xF1, 0xD5, 0xF1, 0xD5, 0xF1, 0xD5, 0xF1, 0xD6, 0xF1, 0xD6, 0xF1, 0xD6, 0xF1, 0xD6, 0xF1,
	0xD7, 0xF1, 0xD7, 0xF1, 0xD7, 0xF1, 0x32, 0xE3, 0x32, 0xE3, 0x33, 0xE3, 0x33, 0xE3, 0x34, 0xE3,
	0x34, 0xE3, 0x35, 0xE3, 0x35, 0xE3, 0x36, 0xE3, 0x36, 0xE3, 0x37, 0xE3, 0x37, 0xE3, 0x38, 0xE3,
	0x38, 0xE3, 0x39, 0xE3, 0x3A, 0xE3, 0x3A, 0xE3, 0x3B, 0xE3, 0x3B, 0xE3, 0x3C, 0xE3, 0x3C, 0xE3,
	0x3D, 0xE3, 0x3D, 0xE3, 0x3E, 0xE3, 0x3E, 0xE3, 0x3F, 0xE3, 0x3F, 0xE3, 0x40, 0xE3, 0x41, 0xE3,
	0x41, 0xE3, 0x42, 0xE3, 0x42, 0xE3, 0x43, 0xE3, 0x43, 0xE3, 0x44, 0xE3, 0x44, 0xE3, 0x45, 0xE3,
	0x45, 0xE3, 0x46, 0xE3, 0x46, 0xE3, 0x47, 0xE3, 0x48, 0xE3, 0x48, 0xE3, 0x49, 0xE3, 0x49, 0xE3,
	0x4A, 0xE3, 0x4A, 0xE3, 0x4B, 0xE3, 0x4B, 0xE3, 0x4C, 0xE3, 0x4C, 0xE3, 0x4D, 0xE3, 0x4D, 0xE3,
	0x4E, 0xE3, 0x4E, 0xE3, 0x4F, 0xE3, 0x50, 0xE3, 0x50, 0xE3, 0x51, 0xE3, 0x51, 0xE3, 0x52, 0xE3,
	0x52, 0xE3, 0x53, 0xE3, 0x53, 0xE3, 0x54, 0xE3, 0x54, 0xE3, 0x55, 0xE3, 0x55, 0xE3, 0x56, 0xE3,
	0x57, 0xE3, 0x57, 0xE3, 0x58, 0xE3, 0x58, 0xE3, 0x59, 0xE3, 0x59, 0xE3, 0x5A, 0xE3, 0x5A, 0xE3,
	0x5B, 0xE3, 0x5B, 0xE3, 0x5C, 0xE3, 0x5C, 0xE3, 0x5D, 0xE3, 0x5D, 0xE3, 0x5E, 0xE3, 0x25, 0xE9,
	0x25, 0xE9, 0x78, 0xFA, 0x78, 0xFA, 0x78, 0xFA, 0x78, 0xFA, 0x78, 0xFA, 0x78, 0xFA, 0x78, 0xFA,
	0x78, 0xFA, 0x78, 0xFA, 0x79, 0xFA, 0x79, 0xFA, 0x79, 0xFA, 0x79, 0xFA, 0x79, 0xFA, 0x79, 0xFA,
	0x79, 0xFA, 0x79, 0xFA, 0x79, 0xFA, 0x7A, 0xFA, 0x7A, 0xFA, 0x7A, 0xFA, 0x7A, 0xFA, 0x7A, 0xFA,
	0x7A, 0xFA, 0x7A, 0xFA, 0x7A, 0xFA, 0x7A, 0xFA, 0x7A, 0xFA, 0x7B, 0xFA, 0x7B, 0xFA, 0x7B, 0xFA,
	0x7B, 0xFA, 0x7B, 0xFA, 0x7B, 0xFA, 0x7B, 0xFA, 0x7B, 0xFA, 0x7B, 0xFA, 0x7B, 0xFA, 0x7C, 0xFA,
	0x7C, 0xFA, 0x7C, 0xFA, 0x7C, 0xFA, 0x7C, 0xFA, 0x7C, 0xFA, 0x7C, 0xFA, 0x7C, 0xFA, 0x7C, 0xFA,
	0x7D, 0xFA, 0x7D, 0xFA, 0x7D, 0xFA, 0x7D, 0xFA, 0x7D, 0xFA, 0x7D, 0xFA, 0x7D, 0xFA, 0x7D, 0xFA,
	0x7D, 0xFA, 0x7D, 0xFA, 0x7E, 0xFA, 0x7E, 0xFA, 0x7E, 0xFA, 0x7E, 0xFA, 0x7E, 0xFA, 0x7E, 0xFA,
	0x7E, 0xFA, 0x7E, 0xFA, 0x7E, 0xFA, 0x7E, 0xFA, 0x7F, 0xFA, 0x7F, 0xFA, 0x7F, 0xFA, 0x7F, 0xFA,
	0x7F, 0xFA, 0x7F, 0xFA, 0x7F, 0xFA, 0x7F, 0xFA, 0x7F, 0xFA, 0x80, 0xFA, 0x80, 0xFA, 0x80, 0xFA,
	0x80, 0xFA, 0x80, 0xFA, 0x80, 0xFA, 0xD8, 0x07, 0xD8, 0x07, 0xD9, 0x0F, 0xD9, 0x0F, 0xD8, 0x0F,
	0xD8, 0x0F, 0xD8, 0x0F, 0xD8, 0x0F, 0xD7, 0x0F, 0xD7, 0x0F, 0xD7, 0x0F, 0xD6, 0x0F, 0xD6, 0x0F,
	0xD6, 0x0F, 0xD5, 0x0F, 0xD5, 0x0F, 0xD5, 0x0F, 0xD5, 0x0F, 0xD4, 0x0F, 0xD4, 0x0F, 0xD4, 0x0F,
	0xD3, 0x0F, 0xD3, 0x0F, 0xD3, 0x0F, 0xD2, 0x0F, 0xD2, 0x0F, 0xD2, 0x0F, 0xD2, 0x0F, 0xD1, 0x0F,
	0xD1, 0x0F, 0xD1, 0x0F, 0xD0, 0x0F, 0xD0, 0x0F, 0xD0, 0x0F, 0xD0, 0x0F, 0xCF, 0x0F, 0xCF, 0x0F,
	0xCF, 0x0F, 0xCE, 0x0F, 0xCE, 0x0F, 0xCE, 0x0F, 0xCD, 0x0F, 0xCD, 0x0F, 0xCD, 0x0F, 0xCD, 0x0F,
	0xCC, 0x0F, 0xCC, 0x0F, 0xCC, 0x0F, 0xCB, 0x0F, 0xCB, 0x0F, 0xCB, 0x0F, 0xCA, 0x0F, 0xCA, 0x0F,
	0xCA, 0x0F, 0xCA, 0x0F, 0xC9, 0x0F, 0xC9, 0x0F, 0xC9, 0x0F, 0xC8, 0x0F, 0xC8, 0x0F, 0xC8, 0x0F,
	0xC7, 0x0F, 0xC7, 0x0F, 0xC7, 0x0F, 0xC7, 0x0F, 0xC6, 0x0F, 0xC6, 0x0F, 0xC6, 0x0F, 0xC5, 0x0F,
	0xC5, 0x0F, 0xC5, 0x0F, 0xC4, 0x0F, 0xC4, 0x0F, 0xC4, 0x0F, 0xC4, 0x0F, 0xC3, 0x0F, 0xC3, 0x0F,
	0xC3, 0x0F, 0xC2, 0x0F, 0xC2, 0x0F, 0xC2, 0x0F, 0xC1, 0x0F, 0x7B, 0xF3, 0x7C, 0xF3, 0x7C, 0xF3,
	0x7C, 0xF3, 0x7C, 0xF3, 0x7C, 0xF3, 0x7D, 0xF3, 0x7D, 0xF3, 0x7D, 0xF3, 0x7D, 0xF3, 0x7E, 0xF3,
	0x7E, 0xF3, 0x7E, 0xF3, 0x7E, 0xF3, 0x7F, 0xF3, 0x7F, 0xF3, 0x7F, 0xF3, 0x7F, 0xF3, 0x80, 0xF3,
	0x80, 0xF3, 0x80, 0xF3, 0x80, 0xF3, 0x81, 0xF3, 0x81, 0xF3, 0x81, 0xF3, 0x81, 0xF3, 0x81, 0xF3,
	0x82, 0xF3, 0x82, 0xF3, 0x82, 0xF3, 0x82, 0xF3, 0x83, 0xF3, 0x83, 0xF3, 0x83, 0xF3, 0x83, 0xF3,
	0x84, 0xF3, 0x84, 0xF3, 0x84, 0xF3, 0x84, 0xF3, 0x85, 0xF3, 0x85, 0xF3, 0x85, 0xF3, 0x85, 0xF3,
	0x86, 0xF3, 0x86, 0xF3, 0x86, 0xF3, 0x86, 0xF3, 0x86, 0xF3, 0x87, 0xF3, 0x87, 0xF3, 0x87, 0xF3,
	0x87, 0xF3, 0x88, 0xF3, 0x88, 0xF3, 0x88, 0xF3, 0x88, 0xF3, 0x89, 0xF3, 0x89, 0xF3, 0x89, 0xF3,
	0x89, 0xF3, 0x8A, 0xF3, 0x8A, 0xF3, 0x8A, 0xF3, 0x8A, 0xF3, 0x8A, 0xF3, 0x8B, 0xF3, 0x8B, 0xF3,
	0x8B, 0xF3, 0x8B, 0xF3, 0x8C, 0xF3, 0x8C, 0xF3, 0x8C, 0xF3, 0x8C, 0xF3, 0x8D, 0xF3, 0x8D, 0xF3,
	0x8D, 0xF3, 0x8D, 0xF3, 0x8E, 0xF3, 0x8E, 0xF3, 0x8E, 0xF3, 0xE9, 0x11, 0xE8, 0x11, 0xE8, 0x11,
	0xE8, 0x11, 0xE7, 0x11, 0xE7, 0x11, 0xE7, 0x11, 0xE6, 0x11, 0xE6, 0x11, 0xE6, 0x11, 0xE5, 0x11,
	0xE5, 0x11, 0xE5, 0x11, 0xE4, 0x11, 0xE4, 0x11, 0xE4, 0x11, 0xE3, 0x11, 0xE3, 0x11, 0xE3, 0x11,
	0xE2, 0x11, 0xE2, 0x11, 0xE1, 0x11, 0xE1, 0x11, 0xE1, 0x11, 0xE0, 0x11, 0xE0, 0x11, 0xE0, 0x11,
	0xDF, 0x11, 0xDF, 0x11, 0xDF, 0x11, 0xDE, 0x11, 0xDE, 0x11, 0xDE, 0x11, 0xDD, 0x11, 0xDD, 0x11,
	0xDD, 0x11, 0xDC, 0x11, 0xDC, 0x11, 0xDC, 0x11, 0xDB, 0x11, 0xDB, 0x11, 0xDB, 0x11, 0xDA, 0x11,
	0xDA, 0x11, 0xDA, 0x11, 0xD9, 0x11, 0xD9, 0x11, 0xD9, 0x11, 0xD8, 0x11, 0xD8, 0x11, 0xD8, 0x11,
	0xD7, 0x11, 0xD7, 0x11, 0xD7, 0x11, 0xD6, 0x11, 0xD6, 0x11, 0xD6, 0x11, 0xD5, 0x11, 0xD5, 0x11,
	0xD5, 0x11, 0xD4, 0x11, 0xD4, 0x11, 0xD3, 0x11, 0xD3, 0x11, 0xD3, 0x11, 0xD2, 0x11, 0xD2, 0x11,
	0xD2, 0x11, 0xD1, 0x11, 0xD1, 0x11, 0xD1, 0x11, 0xD0, 0x11, 0xD0, 0x11, 0xD0, 0x11, 0xCF, 0x11,
	0xCF, 0x11, 0xCF, 0x11, 0xCE, 0x11, 0x44, 0xEA, 0x45, 0xEA, 0x45, 0xEA, 0x46, 0xEA, 0x46, 0xEA,
	0x46, 0xEA, 0x47, 0xEA, 0x47, 0xEA, 0x48, 0xEA, 0x48, 0xEA, 0x48, 0xEA, 0x49, 0xEA, 0x49, 0xEA,
	0x4A, 0xEA, 0x4A, 0xEA, 0x4B, 0xEA, 0x4B, 0xEA, 0x4B, 0xEA, 0x4C, 0xEA, 0x4C, 0xEA, 0x4D, 0xEA,
	0x4D, 0xEA, 0x4D, 0xEA, 0x4E, 0xEA, 0x4E, 0xEA, 0x4F, 0xEA, 0x4F, 0xEA, 0x50, 0xEA, 0x50, 0xEA,
	0x50, 0xEA, 0x51, 0xEA, 0x51, 0xEA, 0x52, 0xEA, 0x52, 0xEA, 0x52, 0xEA, 0x53, 0xEA, 0x53, 0xEA,
	0x54, 0xEA, 0x54, 0xEA, 0x55, 0xEA, 0x55, 0xEA, 0x55, 0xEA, 0x56, 0xEA, 0x56, 0xEA, 0x57, 0xEA,
	0x57, 0xEA, 0x57, 0xEA, 0x58, 0xEA, 0x58, 0xEA, 0x59, 0xEA, 0x59, 0xEA, 0x5A, 0xEA, 0x5A, 0xEA,
	0x5A, 0xEA, 0x5B, 0xEA, 0x5B, 0xEA, 0x5C, 0xEA, 0x5C, 0xEA, 0x5C, 0xEA, 0x5D, 0xEA, 0x5D, 0xEA,
	0x5E, 0xEA, 0x5E, 0xEA, 0x5F, 0xEA, 0x5F, 0xEA, 0x5F, 0xEA, 0x60, 0xEA, 0x60, 0xEA, 0x61, 0xEA,
	0x61, 0xEA, 0x61, 0xEA, 0x62, 0xEA, 0x62, 0xEA, 0x63, 0xEA, 0x63, 0xEA, 0x64, 0xEA, 0x7D, 0xE8,
	0x7E, 0xE8, 0x5B, 0xE7, 0x5B, 0xE7, 0x5B, 0xE7, 0x5C, 0xE7, 0x5C, 0xE7, 0x5D, 0xE7, 0x5D, 0xE7,
	0x5E, 0xE7, 0x5E, 0xE7, 0x5F, 0xE7, 0x5F, 0xE7, 0x60, 0xE7, 0x60, 0xE7, 0x61, 0xE7, 0x61, 0xE7,
	0x62, 0xE7, 0x62, 0xE7, 0x63, 0xE7, 0x63, 0xE7, 0x64, 0xE7, 0x64, 0xE7, 0x65, 0xE7, 0x65, 0xE7,
	0x65, 0xE7, 0x66, 0xE7, 0x66, 0xE7, 0x67, 0xE7, 0x67, 0xE7, 0x68, 0xE7, 0x68, 0xE7, 0x69, 0xE7,
	0x69, 0xE7, 0x6A, 0xE7, 0x6A, 0xE7, 0x6B, 0xE7, 0x6B, 0xE7, 0x6C, 0xE7, 0x6C, 0xE7, 0x6D, 0xE7,
	0x6D, 0xE7, 0x6E, 0xE7, 0x6E, 0xE7, 0x6F, 0xE7, 0x6F, 0xE7, 0x6F, 0xE7, 0x70, 0xE7, 0x70, 0xE7,
	0x71, 0xE7, 0x71, 0xE7, 0x72, 0xE7, 0x72, 0xE7, 0x73, 0xE7, 0x73, 0xE7, 0x74, 0xE7, 0x74, 0xE7,
	0x75, 0xE7, 0x75, 0xE7, 0x76, 0xE7, 0x76, 0xE7, 0x77, 0xE7, 0x77, 0xE7, 0x78, 0xE7, 0x78, 0xE7,
	0x78, 0xE7, 0x79, 0xE7, 0x79, 0xE7, 0x7A, 0xE7, 0x7A, 0xE7, 0x7B, 0xE7, 0x7B, 0xE7, 0x7C, 0xE7,
	0x7C, 0xE7, 0x7D, 0xE7, 0x7D, 0xE7, 0x10, 0xE9, 0x10, 0xE9, 0x11, 0xE9, 0x11, 0xE9, 0x12, 0xE9,
	0x12, 0xE9, 0x13, 0xE9, 0x13, 0xE9, 0x14, 0xE9, 0x14, 0xE9, 0x14, 0xE9, 0x15, 0xE9, 0x15, 0xE9,
	0x16, 0xE9, 0x16, 0xE9, 0x17, 0xE9, 0x17, 0xE9, 0x18, 0xE9, 0x18, 0xE9, 0x18, 0xE9, 0x19, 0xE9,
	0x19, 0xE9, 0x1A, 0xE9, 0x1A, 0xE9, 0x1B, 0xE9, 0x1B, 0xE9, 0x1C, 0xE9, 0x1C, 0xE9, 0x1C, 0xE9,
	0x1D, 0xE9, 0x1D, 0xE9, 0x1E, 0xE9, 0x1E, 0xE9, 0x1F, 0xE9, 0x1F, 0xE9, 0x20, 0xE9, 0x20, 0xE9,
	0x20, 0xE9, 0x21, 0xE9, 0x21, 0xE9, 0x22, 0xE9, 0x22, 0xE9, 0x23, 0xE9, 0x23, 0xE9, 0x24, 0xE9,
	0x24, 0xE9, 0x24, 0xE9, 0x25, 0xE9, 0x25, 0xE9, 0x26, 0xE9, 0x26, 0xE9, 0x27, 0xE9, 0x27, 0xE9,
	0x28, 0xE9, 0x28, 0xE9, 0x28, 0xE9, 0x29, 0xE9, 0x29, 0xE9, 0x2A, 0xE9, 0x2A, 0xE9, 0x2B, 0xE9,
	0x2B, 0xE9, 0x2C, 0xE9, 0x2C, 0xE9, 0x2C, 0xE9, 0x2D, 0xE9, 0x2D, 0xE9, 0x2E, 0xE9, 0x2E, 0xE9,
	0x2F, 0xE9, 0x2F, 0xE9, 0x30, 0xE9, 0x2F, 0xFB, 0x30, 0xFB, 0x2D, 0x19, 0x2D, 0x19, 0x2C, 0x19,
	0x2C, 0x19, 0x2B, 0x19, 0x2B, 0x19, 0x2B, 0x19, 0x2A, 0x19, 0x2A, 0x19, 0x29, 0x19, 0x29, 0x19,
	0x28, 0x19, 0x28, 0x19, 0x27, 0x19, 0x27, 0x19, 0x26, 0x19, 0x26, 0x19, 0x25, 0x19, 0x25, 0x19,
	0x24, 0x19, 0x24, 0x19, 0x23, 0x19, 0x23, 0x19, 0x22, 0x19, 0x22, 0x19, 0x21, 0x19, 0x21, 0x19,
	0x20, 0x19, 0x20, 0x19, 0x1F, 0x19, 0x1F, 0x19, 0x1E, 0x19, 0x1E, 0x19, 0x1D, 0x19, 0x1D, 0x19,
	0x1C, 0x19, 0x1C, 0x19, 0x1B, 0x19, 0x1B, 0x19, 0x1A, 0x19, 0x1A, 0x19, 0x19, 0x19, 0x19, 0x19,
	0x18, 0x19, 0x18, 0x19, 0x17, 0x19, 0x17, 0x19, 0x16, 0x19, 0x16, 0x19, 0x15, 0x19, 0x15, 0x19,
	0x14, 0x19, 0x14, 0x19, 0x13, 0x19, 0x13, 0x19, 0x12, 0x19, 0x12, 0x19, 0x11, 0x19, 0x11, 0x19,
	0x10, 0x19, 0x10, 0x19, 0x0F, 0x19, 0x0F, 0x19, 0x0F, 0x19, 0x0E, 0x19, 0x0E, 0x19, 0x0D, 0x19,
	0x0D, 0x19, 0x0C, 0x19, 0x0C, 0x19, 0xBE, 0x06, 0xBE, 0x06, 0x72, 0xF4, 0x72, 0xF4, 0x73, 0xF4,
	0x73, 0xF4, 0x73, 0xF4, 0x73, 0xF4, 0x74, 0xF4, 0x74, 0xF4, 0x74, 0xF4, 0x74, 0xF4, 0x74, 0xF4,
	0x75, 0xF4, 0x75, 0xF4, 0x75, 0xF4, 0x75, 0xF4, 0x76, 0xF4, 0x76, 0xF4, 0x76, 0xF4, 0x76, 0xF4,
	0x76, 0xF4, 0x77, 0xF4, 0x77, 0xF4, 0x77, 0xF4, 0x77, 0xF4, 0x78, 0xF4, 0x78, 0xF4, 0x78, 0xF4,
	0x78, 0xF4, 0x79, 0xF4, 0x79, 0xF4, 0x79, 0xF4, 0x79, 0xF4, 0x79, 0xF4, 0x7A, 0xF4, 0x7A, 0xF4,
	0x7A, 0xF4, 0x7A, 0xF4, 0x7B, 0xF4, 0x7B, 0xF4, 0x7B, 0xF4, 0x7B, 0xF4, 0x7B, 0xF4, 0x7C, 0xF4,
	0x7C, 0xF4, 0x7C, 0xF4, 0x7C, 0xF4, 0x7D, 0xF4, 0x7D, 0xF4, 0x7D, 0xF4, 0x7D, 0xF4, 0x7E, 0xF4,
	0x7E, 0xF4, 0x7E, 0xF4, 0x7E, 0xF4, 0x7E, 0xF4, 0x7F, 0xF4, 0x7F, 0xF4, 0x7F, 0xF4, 0x7F, 0xF4,
	0x80, 0xF4, 0x80, 0xF4, 0x80, 0xF4, 0x80, 0xF4, 0x80, 0xF4, 0x81, 0xF4, 0x81, 0xF4, 0x81, 0xF4,
	0x81, 0xF4, 0x82, 0xF4, 0x82, 0xF4, 0xDC, 0xE6, 0xDD, 0xE6, 0xDD, 0xE6, 0xDE, 0xE6, 0xDE, 0xE6,
	0xDF, 0xE6, 0xDF, 0xE6, 0xE0, 0xE6, 0xE0, 0xE6, 0xE1, 0xE6, 0xE1, 0xE6, 0xE2, 0xE6, 0xE2, 0xE6,
	0xE3, 0xE6, 0xE3, 0xE6, 0xE4, 0xE6, 0xE4, 0xE6, 0xE5, 0xE6, 0xE5, 0xE6, 0xE6, 0xE6, 0xE6, 0xE6,
	0xE7, 0xE6, 0xE7, 0xE6, 0xE8, 0xE6, 0xE8, 0xE6, 0xE9, 0xE6, 0xE9, 0xE6, 0xEA, 0xE6, 0xEA, 0xE6,
	0xEB, 0xE6, 0xEB, 0xE6, 0xEC, 0xE6, 0xEC, 0xE6, 0xED, 0xE6, 0xED, 0xE6, 0xEE, 0xE6, 0xEE, 0xE6,
	0xEF, 0xE6, 0xEF, 0xE6, 0xF0, 0xE6, 0xF0, 0xE6, 0xF1, 0xE6, 0xF1, 0xE6, 0xF2, 0xE6, 0xF2, 0xE6,
	0xF3, 0xE6, 0xF3, 0xE6, 0xF4, 0xE6, 0xF4, 0xE6, 0xF5, 0xE6, 0xF5, 0xE6, 0xF6, 0xE6, 0xF6, 0xE6,
	0xF6, 0xE6, 0xF7, 0xE6, 0xF7, 0xE6, 0xF8, 0xE6, 0xF8, 0xE6, 0xF9, 0xE6, 0xF9, 0xE6, 0xFA, 0xE6,
	0xFA, 0xE6, 0xFB, 0xE6, 0xFB, 0xE6, 0xFC, 0xE6, 0xFC, 0xE6, 0xFD, 0xE6, 0xFD, 0xE6, 0x5F, 0xFD,
	0x5F, 0xFD, 0x91, 0x00, 0x91, 0x00, 0x91, 0x00, 0x91, 0x00, 0x91, 0x00, 0x91, 0x00, 0x91, 0x00,
	0x91, 0x00, 0x91, 0x00, 0x91, 0x00, 0x91, 0x00, 0x91, 0x00, 0x91, 0x00, 0x91, 0x00, 0x91, 0x00,
	0x91, 0x00, 0x91, 0x00, 0x91, 0x00, 0x91, 0x00, 0x91, 0x00, 0x91, 0x00, 0x91, 0x00, 0x91, 0x00,
	0x91, 0x00, 0x91, 0x00, 0x91, 0x00, 0x91, 0x00, 0x91, 0x00, 0x91, 0x00, 0x91, 0x00, 0x91, 0x00,
	0x91, 0x00, 0x91, 0x00, 0x91, 0x00, 0x91, 0x00, 0x91, 0x00, 0x91, 0x00, 0x91, 0x00, 0x91, 0x00,
	0x91, 0x00, 0x91, 0x00, 0x91, 0x00, 0x91, 0x00, 0x91, 0x00, 0x91, 0x00, 0x91, 0x00, 0x91, 0x00,
	0x91, 0x00, 0x91, 0x00, 0x91, 0x00, 0x91, 0x00, 0x91, 0x00, 0x91, 0x00, 0x91, 0x00, 0x91, 0x00,
	0x91, 0x00, 0x91, 0x00, 0x91, 0x00, 0x91, 0x00, 0x91, 0x00, 0x91, 0x00, 0x91, 0x00, 0x91, 0x00,
	0x91, 0x00, 0x91, 0x00, 0x91, 0x00, 0x49, 0x18, 0x49, 0x18, 0x48, 0x18, 0x48, 0x18, 0x47, 0x18,
	0x47, 0x18, 0x46, 0x18, 0x46, 0x18, 0x45, 0x18, 0x45, 0x18, 0x44, 0x18, 0x44, 0x18, 0x43, 0x18,
	0x43, 0x18, 0x42, 0x18, 0x42, 0x18, 0x42, 0x18, 0x41, 0x18, 0x41, 0x18, 0x40, 0x18, 0x40, 0x18,
	0x3F, 0x18, 0x3F, 0x18, 0x3E, 0x18, 0x3E, 0x18, 0x3D, 0x18, 0x3D, 0x18, 0x3C, 0x18, 0x3C, 0x18,
	0x3B, 0x18, 0x3B, 0x18, 0x3A, 0x18, 0x3A, 0x18, 0x39, 0x18, 0x39, 0x18, 0x38, 0x18, 0x38, 0x18,
	0x37, 0x18, 0x37, 0x18, 0x36, 0x18, 0x36, 0x18, 0x35, 0x18, 0x35, 0x18, 0x34, 0x18, 0x34, 0x18,
	0x33, 0x18, 0x33, 0x18, 0x33, 0x18, 0x32, 0x18, 0x32, 0x18, 0x31, 0x18, 0x31, 0x18, 0x30, 0x18,
	0x30, 0x18, 0x2F, 0x18, 0x2F, 0x18, 0x2E, 0x18, 0x2E, 0x18, 0x2D, 0x18, 0x2D, 0x18, 0x2C, 0x18,
	0x2C, 0x18, 0x2B, 0x18, 0x2B, 0x18, 0x2A, 0x18, 0x2A, 0x18, 0xA4, 0x16, 0xA4, 0x16, 0x15, 0x12,
	0x15, 0x12, 0x15, 0x12, 0x14, 0x12, 0x14, 0x12, 0x13, 0x12, 0x13, 0x12, 0x13, 0x12, 0x12, 0x12,
	0x12, 0x12, 0x12, 0x12, 0x11, 0x12, 0x11, 0x12, 0x11, 0x12, 0x10, 0x12, 0x10, 0x12, 0x0F, 0x12,
	0x0F, 0x12, 0x0F, 0x12, 0x0E, 0x12, 0x0E, 0x12, 0x0E, 0x12, 0x0D, 0x12, 0x0D, 0x12, 0x0D, 0x12,
	0x0C, 0x12, 0x0C, 0x12, 0x0B, 0x12, 0x0B, 0x12, 0x0B, 0x12, 0x0A, 0x12, 0x0A, 0x12, 0x0A, 0x12,
	0x09, 0x12, 0x09, 0x12, 0x09, 0x12, 0x08, 0x12, 0x08, 0x12, 0x07, 0x12, 0x07, 0x12, 0x07, 0x12,
	0x06, 0x12, 0x06, 0x12, 0x06, 0x12, 0x05, 0x12, 0x05, 0x12, 0x05, 0x12, 0x04, 0x12, 0x04, 0x12,
	0x03, 0x12, 0x03, 0x12, 0x03, 0x12, 0x02, 0x12, 0x02, 0x12, 0x02, 0x12, 0x01, 0x12, 0x01, 0x12,
	0x01, 0x12, 0x00, 0x12, 0x00, 0x12, 0x00, 0x12, 0xFF, 0x11, 0xFF, 0x11, 0xFE, 0x11, 0xD4, 0x15,
	0xD4, 0x15, 0xD3, 0x15, 0xD3, 0x15, 0xD3, 0x15, 0xD2, 0x15, 0xD2, 0x15, 0xD1, 0x15, 0xD1, 0x15,
	0xD0, 0x15, 0xD0, 0x15, 0xD0, 0x15, 0xCF, 0x15, 0xCF, 0x15, 0xCE, 0x15, 0xCE, 0x15, 0xCD, 0x15,
	0xCD, 0x15, 0xCC, 0x15, 0xCC, 0x15, 0xCC, 0x15, 0xCB, 0x15, 0xCB, 0x15, 0xCA, 0x15, 0xCA, 0x15,
	0xC9, 0x15, 0xC9, 0x15, 0xC8, 0x15, 0xC8, 0x15, 0xC8, 0x15, 0xC7, 0x15, 0xC7, 0x15, 0xC6, 0x15,
	0xC6, 0x15, 0xC5, 0x15, 0xC5, 0x15, 0xC5, 0x15, 0xC4, 0x15, 0xC4, 0x15, 0xC3, 0x15, 0xC3, 0x15,
	0xC2, 0x15, 0xC2, 0x15, 0xC1, 0x15, 0xC1, 0x15, 0xC1, 0x15, 0xC0, 0x15, 0xC0, 0x15, 0xBF, 0x15,
	0xBF, 0x15, 0xBE, 0x15, 0xBE, 0x15, 0xBD, 0x15, 0xBD, 0x15, 0xBD, 0x15, 0xBC, 0x15, 0xBC, 0x15,
	0xBB, 0x15, 0xBB, 0x15, 0xBA, 0x15, 0xBA, 0x15, 0xBA, 0x15, 0xB9, 0x15, 0xB9, 0x15, 0x14, 0x02,
	0x14, 0x02, 0x70, 0xEE, 0x70, 0xEE, 0x71, 0xEE, 0x71, 0xEE, 0x72, 0xEE, 0x72, 0xEE, 0x72, 0xEE,
	0x73, 0xEE, 0x73, 0xEE, 0x73, 0xEE, 0x74, 0xEE, 0x74, 0xEE, 0x74, 0xEE, 0x75, 0xEE, 0x75, 0xEE,
	0x75, 0xEE, 0x76, 0xEE, 0x76, 0xEE, 0x77, 0xEE, 0x77, 0xEE, 0x77, 0xEE, 0x78, 0xEE, 0x78, 0xEE,
	0x78, 0xEE, 0x79, 0xEE, 0x79, 0xEE, 0x79, 0xEE, 0x7A, 0xEE, 0x7A, 0xEE, 0x7A, 0xEE, 0x7B, 0xEE,
	0x7B, 0xEE, 0x7B, 0xEE, 0x7C, 0xEE, 0x7C, 0xEE, 0x7D, 0xEE, 0x7D, 0xEE, 0x7D, 0xEE, 0x7E, 0xEE,
	0x7E, 0xEE, 0x7E, 0xEE, 0x7F, 0xEE, 0x7F, 0xEE, 0x7F, 0xEE, 0x80, 0xEE, 0x80, 0xEE, 0x80, 0xEE,
	0x81, 0xEE, 0x81, 0xEE, 0x82, 0xEE, 0x82, 0xEE, 0x82, 0xEE, 0x83, 0xEE, 0x83, 0xEE, 0x83, 0xEE,
	0x84, 0xEE, 0x84, 0xEE, 0x84, 0xEE, 0x85, 0xEE, 0x85, 0xEE, 0x85, 0xEE, 0x86, 0xEE, 0xAA, 0x02,
	0xAA, 0x02, 0xAA, 0x02, 0xAA, 0x02, 0xAA, 0x02, 0xAA, 0x02, 0xAA, 0x02, 0xA9, 0x02, 0xA9, 0x02,
	0xA9, 0x02, 0xA9, 0x02, 0xA9, 0x02, 0xA9, 0x02, 0xA9, 0x02, 0xA9, 0x02, 0xA9, 0x02, 0xA9, 0x02,
	0xA9, 0x02, 0xA9, 0x02, 0xA9, 0x02, 0xA9, 0x02, 0xA9, 0x02, 0xA9, 0x02, 0xA9, 0x02, 0xA9, 0x02,
	0xA8, 0x02, 0xA8, 0x02, 0xA8, 0x02, 0xA8, 0x02, 0xA8, 0x02, 0xA8, 0x02, 0xA8, 0x02, 0xA8, 0x02,
	0xA8, 0x02, 0xA8, 0x02, 0xA8, 0x02, 0xA8, 0x02, 0xA8, 0x02, 0xA8, 0x02, 0xA8, 0x02, 0xA8, 0x02,
	0xA8, 0x02, 0xA8, 0x02, 0xA7, 0x02, 0xA7, 0x02, 0xA7, 0x02, 0xA7, 0x02, 0xA7, 0x02, 0xA7, 0x02,
	0xA7, 0x02, 0xA7, 0x02, 0xA7, 0x02, 0xA7, 0x02, 0xA7, 0x02, 0xA7, 0x02, 0xA7, 0x02, 0xA7, 0x02,
	0xA7, 0x02, 0xA7, 0x02, 0xA7, 0x02, 0xA7, 0x02, 0xA7, 0x02, 0xC0, 0xF4, 0xC0, 0xF4, 0xC0, 0xF4,
	0xC0, 0xF4, 0xC0, 0xF4, 0xC1, 0xF4, 0xC1, 0xF4, 0xC1, 0xF4, 0xC1, 0xF4, 0xC2, 0xF4, 0xC2, 0xF4,
	0xC2, 0xF4, 0xC2, 0xF4, 0xC3, 0xF4, 0xC3, 0xF4, 0xC3, 0xF4, 0xC3, 0xF4, 0xC3, 0xF4, 0xC4, 0xF4,
	0xC4, 0xF4, 0xC4, 0xF4, 0xC4, 0xF4, 0xC5, 0xF4, 0xC5, 0xF4, 0xC5, 0xF4, 0xC5, 0xF4, 0xC6, 0xF4,
	0xC6, 0xF4, 0xC6, 0xF4, 0xC6, 0xF4, 0xC6, 0xF4, 0xC7, 0xF4, 0xC7, 0xF4, 0xC7, 0xF4, 0xC7, 0xF4,
	0xC8, 0xF4, 0xC8, 0xF4, 0xC8, 0xF4, 0xC8, 0xF4, 0xC9, 0xF4, 0xC9, 0xF4, 0xC9, 0xF4, 0xC9, 0xF4,
	0xC9, 0xF4, 0xCA, 0xF4, 0xCA, 0xF4, 0xCA, 0xF4, 0xCA, 0xF4, 0xCB, 0xF4, 0xCB, 0xF4, 0xCB, 0xF4,
	0xCB, 0xF4, 0xCC, 0xF4, 0xCC, 0xF4, 0xCC, 0xF4, 0xCC, 0xF4, 0xCC, 0xF4, 0xCD, 0xF4, 0xCD, 0xF4,
	0xCD, 0xF4, 0xCD, 0xF4, 0xCE, 0xF4, 0xF9, 0x01, 0xF9, 0x01, 0xF9, 0x01, 0xF9, 0x01, 0xF9, 0x01,
	0xF9, 0x01, 0xF9, 0x01, 0xF8, 0x01, 0xF8, 0x01, 0xF8, 0x01, 0xF8, 0x01, 0xF8, 0x01, 0xF8, 0x01,
	0xF8, 0x01, 0xF8, 0x01, 0xF8, 0x01, 0xF8, 0x01, 0xF8, 0x01, 0xF8, 0x01, 0xF8, 0x01, 0xF8, 0x01,
	0xF8, 0x01, 0xF8, 0x01, 0xF8, 0x01, 0xF8, 0x01, 0xF8, 0x01, 0xF8, 0x01, 0xF8, 0x01, 0xF8, 0x01,
	0xF8, 0x01, 0xF8, 0x01, 0xF8, 0x01, 0xF7, 0x01, 0xF7, 0x01, 0xF7, 0x01, 0xF7, 0x01, 0xF7, 0x01,
	0xF7, 0x01, 0xF7, 0x01, 0xF7, 0x01, 0xF7, 0x01, 0xF7, 0x01, 0xF7, 0x01, 0xF7, 0x01, 0xF7, 0x01,
	0xF7, 0x01, 0xF7, 0x01, 0xF7, 0x01, 0xF7, 0x01, 0xF7, 0x01, 0xF7, 0x01, 0xF7, 0x01, 0xF7, 0x01,
	0xF7, 0x01, 0xF7, 0x01, 0xF7, 0x01, 0xF7, 0x01, 0xF6, 0x01, 0xF6, 0x01, 0xF6, 0x01, 0xDB, 0xFF,
	0xDB, 0xFF, 0xDB, 0xFF, 0xDB, 0xFF, 0xDB, 0xFF, 0xDB, 0xFF, 0xDB, 0xFF, 0xDB, 0xFF, 0xDB, 0xFF,
	0xDB, 0xFF, 0xDB, 0xFF, 0xDB, 0xFF, 0xDB, 0xFF, 0xDB, 0xFF, 0xDB, 0xFF, 0xDB, 0xFF, 0xDB, 0xFF,
	0xDB, 0xFF, 0xDB, 0xFF, 0xDB, 0xFF, 0xDB, 0xFF, 0xDB, 0xFF, 0xDB, 0xFF, 0xDB, 0xFF, 0xDB, 0xFF,
	0xDB, 0xFF, 0xDB, 0xFF, 0xDB, 0xFF, 0xDB, 0xFF, 0xDB, 0xFF, 0xDB, 0xFF, 0xDB, 0xFF, 0xDB, 0xFF,
	0xDB, 0xFF, 0xDB, 0xFF, 0xDB, 0xFF, 0xDB, 0xFF, 0xDB, 0xFF, 0xDB, 0xFF, 0xDB, 0xFF, 0xDB, 0xFF,
	0xDB, 0xFF, 0xDB, 0xFF, 0xDB, 0xFF, 0xDB, 0xFF, 0xDB, 0xFF, 0xDB, 0xFF, 0xDB, 0xFF, 0xDB, 0xFF,
	0xDB, 0xFF, 0xDB, 0xFF, 0xDB, 0xFF, 0xDB, 0xFF, 0xDB, 0xFF, 0xDB, 0xFF, 0xDB, 0xFF, 0xDB, 0xFF,
	0xDB, 0xFF, 0x58, 0x05, 0x58, 0x05, 0xCF, 0x15, 0xCE, 0x15, 0xCE, 0x15, 0xCD, 0x15, 0xCD, 0x15,
	0xCC, 0x15, 0xCC, 0x15, 0xCB, 0x15, 0xCB, 0x15, 0xCB, 0x15, 0xCA, 0x15, 0xCA, 0x15, 0xC9, 0x15,
	0xC9, 0x15, 0xC8, 0x15, 0xC8, 0x15, 0xC7, 0x15, 0xC7, 0x15, 0xC6, 0x15, 0xC6, 0x15, 0xC6, 0x15,
	0xC5, 0x15, 0xC5, 0x15, 0xC4, 0x15, 0xC4, 0x15, 0xC3, 0x15, 0xC3, 0x15, 0xC2, 0x15, 0xC2, 0x15,
	0xC1, 0x15, 0xC1, 0x15, 0xC1, 0x15, 0xC0, 0x15, 0xC0, 0x15, 0xBF, 0x15, 0xBF, 0x15, 0xBE, 0x15,
	0xBE, 0x15, 0xBD, 0x15, 0xBD, 0x15, 0xBD, 0x15, 0xBC, 0x15, 0xBC, 0x15, 0xBB, 0x15, 0xBB, 0x15,
	0xBA, 0x15, 0xBA, 0x15, 0xB9, 0x15, 0xB9, 0x15, 0xB8, 0x15, 0xB8, 0x15, 0xB8, 0x15, 0xB7, 0x15,
	0xB7, 0x15, 0xB6, 0x15, 0xB6, 0x15, 0xB5, 0x15, 0xB5, 0x15, 0xBE, 0x0D, 0xBD, 0x0D, 0xBD, 0x0D,
	0xBD, 0x0D, 0xBC, 0x0D, 0xBC, 0x0D, 0xBC, 0x0D, 0xBC, 0x0D, 0xBB, 0x0D, 0xBB, 0x0D, 0xBB, 0x0D,
	0xBA, 0x0D, 0xBA, 0x0D, 0xBA, 0x0D, 0xBA, 0x0D, 0xB9, 0x0D, 0xB9, 0x0D, 0xB9, 0x0D, 0xB8, 0x0D,
	0xB8, 0x0D, 0xB8, 0x0D, 0xB8, 0x0D, 0xB7, 0x0D, 0xB7, 0x0D, 0xB7, 0x0D, 0xB6, 0x0D, 0xB6, 0x0D,
	0xB6, 0x0D, 0xB6, 0x0D, 0xB5, 0x0D, 0xB5, 0x0D, 0xB5, 0x0D, 0xB4, 0x0D, 0xB4, 0x0D, 0xB4, 0x0D,
	0xB4, 0x0D, 0xB3, 0x0D, 0xB3, 0x0D, 0xB3, 0x0D, 0xB2, 0x0D, 0xB2, 0x0D, 0xB2, 0x0D, 0xB2, 0x0D,
	0xB1, 0x0D, 0xB1, 0x0D, 0xB1, 0x0D, 0xB0, 0x0D, 0xB0, 0x0D, 0xB0, 0x0D, 0xB0, 0x0D, 0xAF, 0x0D,
	0xAF, 0x0D, 0xAF, 0x0D, 0xAE, 0x0D, 0xAE, 0x0D, 0xAE, 0x0D, 0x3D, 0xF5, 0x3D, 0xF5, 0x94, 0xE6,
	0x94, 0xE6, 0x95, 0xE6, 0x96, 0xE6, 0x96, 0xE6, 0x97, 0xE6, 0x97, 0xE6, 0x98, 0xE6, 0x98, 0xE6,
	0x99, 0xE6, 0x99, 0xE6, 0x9A, 0xE6, 0x9A, 0xE6, 0x9B, 0xE6, 0x9B, 0xE6, 0x9C, 0xE6, 0x9C, 0xE6,
	0x9D, 0xE6, 0x9E, 0xE6, 0x9E, 0xE6, 0x9F, 0xE6, 0x9F, 0xE6, 0xA0, 0xE6, 0xA0, 0xE6, 0xA1, 0xE6,
	0xA1, 0xE6, 0xA2, 0xE6, 0xA2, 0xE6, 0xA3, 0xE6, 0xA3, 0xE6, 0xA4, 0xE6, 0xA4, 0xE6, 0xA5, 0xE6,
	0xA6, 0xE6, 0xA6, 0xE6, 0xA7, 0xE6, 0xA7, 0xE6, 0xA8, 0xE6, 0xA8, 0xE6, 0xA9, 0xE6, 0xA9, 0xE6,
	0xAA, 0xE6, 0xAA, 0xE6, 0xAB, 0xE6, 0xAB, 0xE6, 0xAC, 0xE6, 0xAC, 0xE6, 0xAD, 0xE6, 0xAD, 0xE6,
	0xAE, 0xE6, 0xAF, 0xE6, 0xAF, 0xE6, 0xB0, 0xE6, 0xB0, 0xE6, 0xB1, 0xE6, 0xB1, 0xE6, 0xB2, 0xE6,
	0xB2, 0xE6, 0xB3, 0xE6, 0xB3, 0xE6, 0xB4, 0xE6, 0xB4, 0xE6, 0xB5, 0xE6, 0xB5, 0xE6, 0xB6, 0xE6,
	0xB7, 0xE6, 0xB7, 0xE6, 0xB8, 0xE6, 0xB8, 0xE6, 0xB9, 0xE6, 0xB9, 0xE6, 0xBA, 0xE6, 0xBA, 0xE6,
	0xBB, 0xE6, 0xBB, 0xE6, 0xBC, 0xE6, 0x39, 0xE7, 0x3A, 0xE7, 0x0A, 0xE8, 0x0B, 0xE8, 0x0B, 0xE8,
	0x0C, 0xE8, 0x0C, 0xE8, 0x0D, 0xE8, 0x0D, 0xE8, 0x0E, 0xE8, 0x0E, 0xE8, 0x0F, 0xE8, 0x0F, 0xE8,
	0x10, 0xE8, 0x10, 0xE8, 0x11, 0xE8, 0x11, 0xE8, 0x12, 0xE8, 0x12, 0xE8, 0x13, 0xE8, 0x13, 0xE8,
	0x14, 0xE8, 0x14, 0xE8, 0x15, 0xE8, 0x15, 0xE8, 0x16, 0xE8, 0x16, 0xE8, 0x17, 0xE8, 0x17, 0xE8,
	0x18, 0xE8, 0x18, 0xE8, 0x19, 0xE8, 0x19, 0xE8, 0x1A, 0xE8, 0x1A, 0xE8, 0x1B, 0xE8, 0x1B, 0xE8,
	0x1C, 0xE8, 0x1C, 0xE8, 0x1D, 0xE8, 0x1D, 0xE8, 0x1E, 0xE8, 0x1E, 0xE8, 0x1F, 0xE8, 0x1F, 0xE8,
	0x20, 0xE8, 0x20, 0xE8, 0x21, 0xE8, 0x21, 0xE8, 0x22, 0xE8, 0x22, 0xE8, 0x23, 0xE8, 0x23, 0xE8,
	0x24, 0xE8, 0x24, 0xE8, 0x25, 0xE8, 0x25, 0xE8, 0x26, 0xE8, 0x26, 0xE8, 0x27, 0xE8, 0x27, 0xE8,
	0x28, 0xE8, 0x28, 0xE8, 0x29, 0xE8, 0x29, 0xE8, 0x2A, 0xE8, 0x2A, 0xE8, 0x2B, 0xE8, 0x2B, 0xE8,
	0x2C, 0xE8, 0x2C, 0xE8, 0x2D, 0xE8, 0x2D, 0xE8, 0x2E, 0xE8, 0x2E, 0xE8, 0x2F, 0xE8, 0x8D, 0xEA,
	0x8D, 0xEA, 0x1A, 0xFB, 0x1A, 0xFB, 0x1A, 0xFB, 0x1A, 0xFB, 0x1A, 0xFB, 0x1A, 0xFB, 0x1A, 0xFB,
	0x1A, 0xFB, 0x1B, 0xFB, 0x1B, 0xFB, 0x1B, 0xFB, 0x1B, 0xFB, 0x1B, 0xFB, 0x1B, 0xFB, 0x1B, 0xFB,
	0x1B, 0xFB, 0x1B, 0xFB, 0x1B, 0xFB, 0x1C, 0xFB, 0x1C, 0xFB, 0x1C, 0xFB, 0x1C, 0xFB, 0x1C, 0xFB,
	0x1C, 0xFB, 0x1C, 0xFB, 0x1C, 0xFB, 0x1C, 0xFB, 0x1C, 0xFB, 0x1D, 0xFB, 0x1D, 0xFB, 0x1D, 0xFB,
	0x1D, 0xFB, 0x1D, 0xFB, 0x1D, 0xFB, 0x1D, 0xFB, 0x1D, 0xFB, 0x1D, 0xFB, 0x1E, 0xFB, 0x1E, 0xFB,
	0x1E, 0xFB, 0x1E, 0xFB, 0x1E, 0xFB, 0x1E, 0xFB, 0x1E, 0xFB, 0x1E, 0xFB, 0x1E, 0xFB, 0x1E, 0xFB,
	0x1F, 0xFB, 0x1F, 0xFB, 0x1F, 0xFB, 0x1F, 0xFB, 0x1F, 0xFB, 0x1F, 0xFB, 0x1F, 0xFB, 0x1F, 0xFB,
	0x1F, 0xFB, 0x1F, 0xFB, 0x20, 0xFB, 0x20, 0xFB, 0x20, 0xFB, 0x20, 0xFB, 0x20, 0xFB, 0x20, 0xFB,
	0x20, 0xFB, 0x20, 0xFB, 0x20, 0xFB, 0x21, 0xFB, 0x21, 0xFB, 0x21, 0xFB, 0x21, 0xFB, 0x21, 0xFB,
	0x21, 0xFB, 0x21, 0xFB, 0x21, 0xFB, 0x41, 0xED, 0x41, 0xED, 0x42, 0xED, 0x42, 0xED, 0x43, 0xED,
	0x43, 0xED, 0x43, 0xED, 0x44, 0xED, 0x44, 0xED, 0x45, 0xED, 0x45, 0xED, 0x45, 0xED, 0x46, 0xED,
	0x46, 0xED, 0x47, 0xED, 0x47, 0xED, 0x47, 0xED, 0x48, 0xED, 0x48, 0xED, 0x49, 0xED, 0x49, 0xED,
	0x49, 0xED, 0x4A, 0xED, 0x4A, 0xED, 0x4B, 0xED, 0x4B, 0xED, 0x4B, 0xED, 0x4C, 0xED, 0x4C, 0xED,
	0x4D, 0xED, 0x4D, 0xED, 0x4D, 0xED, 0x4E, 0xED, 0x4E, 0xED, 0x4F, 0xED, 0x4F, 0xED, 0x4F, 0xED,
	0x50, 0xED, 0x50, 0xED, 0x51, 0xED, 0x51, 0xED, 0x51, 0xED, 0x52, 0xED, 0x52, 0xED, 0x53, 0xED,
	0x53, 0xED, 0x53, 0xED, 0x54, 0xED, 0x54, 0xED, 0x55, 0xED, 0x55, 0xED, 0x55, 0xED, 0x56, 0xED,
	0x56, 0xED, 0x57, 0xED, 0x57, 0xED, 0x57, 0xED, 0x58, 0xED, 0x58, 0xED, 0x59, 0xED, 0x59, 0xED,
	0x59, 0xED, 0x5A, 0xED, 0x5A, 0xED, 0x5B, 0xED, 0x5B, 0xED, 0x5B, 0xED, 0x5C, 0xED, 0x5C, 0xED,
	0x5D, 0xED, 0x5D, 0xED, 0x5D, 0xED, 0x33, 0xF5, 0x33, 0xF5, 0x08, 0xFD, 0x08, 0xFD, 0x08, 0xFD,
	0x08, 0xFD, 0x08, 0xFD, 0x08, 0xFD, 0x08, 0xFD, 0x08, 0xFD, 0x09, 0xFD, 0x09, 0xFD, 0x09, 0xFD,
	0x09, 0xFD, 0x09, 0xFD, 0x09, 0xFD, 0x09, 0xFD, 0x09, 0xFD, 0x09, 0xFD, 0x09, 0xFD, 0x09, 0xFD,
	0x09, 0xFD, 0x09, 0xFD, 0x09, 0xFD, 0x09, 0xFD, 0x09, 0xFD, 0x0A, 0xFD, 0x0A, 0xFD, 0x0A, 0xFD,
	0x0A, 0xFD, 0x0A, 0xFD, 0x0A, 0xFD, 0x0A, 0xFD, 0x0A, 0xFD, 0x0A, 0xFD, 0x0A, 0xFD, 0x0A, 0xFD,
	0x0A, 0xFD, 0x0A, 0xFD, 0x0A, 0xFD, 0x0A, 0xFD, 0x0A, 0xFD, 0x0B, 0xFD, 0x0B, 0xFD, 0x0B, 0xFD,
	0x0B, 0xFD, 0x0B, 0xFD, 0x0B, 0xFD, 0x0B, 0xFD, 0x0B, 0xFD, 0x0B, 0xFD, 0x0B, 0xFD, 0x0B, 0xFD,
	0x0B, 0xFD, 0x0B, 0xFD, 0x0B, 0xFD, 0x0B, 0xFD, 0x0C, 0xFD, 0x0C, 0xFD, 0x0C, 0xFD, 0x0C, 0xFD,
	0x0C, 0xFD, 0x0C, 0xFD, 0x0C, 0xFD, 0x0C, 0xFD, 0x0C, 0xFD, 0x0C, 0xFD, 0x0C, 0xFD, 0x0C, 0xFD,
	0x0C, 0xFD, 0x0C, 0xFD, 0x0C, 0xFD, 0x06, 0xEF, 0x07, 0xEF, 0x07, 0xEF, 0x07, 0xEF, 0x08, 0xEF,
	0x08, 0xEF, 0x08, 0xEF, 0x09, 0xEF, 0x09, 0xEF, 0x0A, 0xEF, 0x0A, 0xEF, 0x0A, 0xEF, 0x0B, 0xEF,
	0x0B, 0xEF, 0x0B, 0xEF, 0x0C, 0xEF, 0x0C, 0xEF, 0x0D, 0xEF, 0x0D, 0xEF, 0x0D, 0xEF, 0x0E, 0xEF,
	0x0E, 0xEF, 0x0E, 0xEF, 0x0F, 0xEF, 0x0F, 0xEF, 0x0F, 0xEF, 0x10, 0xEF, 0x10, 0xEF, 0x11, 0xEF,
	0x11, 0xEF, 0x11, 0xEF, 0x12, 0xEF, 0x12, 0xEF, 0x12, 0xEF, 0x13, 0xEF, 0x13, 0xEF, 0x14, 0xEF,
	0x14, 0xEF, 0x14, 0xEF, 0x15, 0xEF, 0x15, 0xEF, 0x15, 0xEF, 0x16, 0xEF, 0x16, 0xEF, 0x16, 0xEF,
	0x17, 0xEF, 0x17, 0xEF, 0x18, 0xEF, 0x18, 0xEF, 0x18, 0xEF, 0x19, 0xEF, 0x19, 0xEF, 0x19, 0xEF,
	0x1A, 0xEF, 0x1A, 0xEF, 0x1A, 0xEF, 0x1B, 0xEF, 0x1B, 0xEF, 0x1C, 0xEF, 0x1C, 0xEF, 0x1C, 0xEF,
	0x1D, 0xEF, 0x1D, 0xEF, 0x1D, 0xEF, 0x1E, 0xEF, 0x1E, 0xEF, 0x1F, 0xEF, 0x1F, 0xEF, 0x1F, 0xEF,
	0x20, 0xEF, 0xC3, 0xEE, 0xC4, 0xEE, 0xC4, 0xEE, 0xC5, 0xEE, 0xC5, 0xEE, 0xC5, 0xEE, 0xC6, 0xEE,
	0xC6, 0xEE, 0xC6, 0xEE, 0xC7, 0xEE, 0xC7, 0xEE, 0xC8, 0xEE, 0xC8, 0xEE, 0xC8, 0xEE, 0xC9, 0xEE,
	0xC9, 0xEE, 0xC9, 0xEE, 0xCA, 0xEE, 0xCA, 0xEE, 0xCA, 0xEE, 0xCB, 0xEE, 0xCB, 0xEE, 0xCC, 0xEE,
	0xCC, 0xEE, 0xCC, 0xEE, 0xCD, 0xEE, 0xCD, 0xEE, 0xCD, 0xEE, 0xCE, 0xEE, 0xCE, 0xEE, 0xCF, 0xEE,
	0xCF, 0xEE, 0xCF, 0xEE, 0xD0, 0xEE, 0xD0, 0xEE, 0xD0, 0xEE, 0xD1, 0xEE, 0xD1, 0xEE, 0xD2, 0xEE,
	0xD2, 0xEE, 0xD2, 0xEE, 0xD3, 0xEE, 0xD3, 0xEE, 0xD3, 0xEE, 0xD4, 0xEE, 0xD4, 0xEE, 0xD5, 0xEE,
	0xD5, 0xEE, 0xD5, 0xEE, 0xD6, 0xEE, 0xD6, 0xEE, 0xD6, 0xEE, 0xD7, 0xEE, 0xD7, 0xEE, 0xD8, 0xEE,
	0xD8, 0xEE, 0xD8, 0xEE, 0xD9, 0xEE, 0xD9, 0xEE, 0xD9, 0xEE, 0xDA, 0xEE, 0xDA, 0xEE, 0xDB, 0xEE,
	0xDB, 0xEE, 0xDB, 0xEE, 0xDC, 0xEE, 0xDC, 0xEE, 0xDC, 0xEE, 0xB6, 0xF2, 0xB6, 0xF2, 0x06, 0xF5,
	0x06, 0xF5, 0x06, 0xF5, 0x06, 0xF5, 0x07, 0xF5, 0x07, 0xF5, 0x07, 0xF5, 0x07, 0xF5, 0x08, 0xF5,
	0x08, 0xF5, 0x08, 0xF5, 0x08, 0xF5, 0x09, 0xF5, 0x09, 0xF5, 0x09, 0xF5, 0x09, 0xF5, 0x0A, 0xF5,
	0x0A, 0xF5, 0x0A, 0xF5, 0x0A, 0xF5, 0x0B, 0xF5, 0x0B, 0xF5, 0x0B, 0xF5, 0x0B, 0xF5, 0x0B, 0xF5,
	0x0C, 0xF5, 0x0C, 0xF5, 0x0C, 0xF5, 0x0C, 0xF5, 0x0D, 0xF5, 0x0D, 0xF5, 0x0D, 0xF5, 0x0D, 0xF5,
	0x0E, 0xF5, 0x0E, 0xF5, 0x0E, 0xF5, 0x0E, 0xF5, 0x0F, 0xF5, 0x0F, 0xF5, 0x0F, 0xF5, 0x0F, 0xF5,
	0x10, 0xF5, 0x10, 0xF5, 0x10, 0xF5, 0x10, 0xF5, 0x11, 0xF5, 0x11, 0xF5, 0x11, 0xF5, 0x11, 0xF5,
	0x11, 0xF5, 0x12, 0xF5, 0x12, 0xF5, 0x12, 0xF5, 0x12, 0xF5, 0x13, 0xF5, 0x13, 0xF5, 0x13, 0xF5,
	0x13, 0xF5, 0x14, 0xF5, 0x14, 0xF5, 0x14, 0xF5, 0x14, 0xF5, 0x15, 0xF5, 0x15, 0xF5, 0x15, 0xF5,
	0x15, 0xF5, 0x86, 0x00, 0x86, 0x00, 0x86, 0x00, 0x86, 0x00, 0x86, 0x00, 0x86, 0x00, 0x85, 0x00,
	0x85, 0x00, 0x85, 0x00, 0x85, 0x00, 0x85, 0x00, 0x85, 0x00, 0x85, 0x00, 0x85, 0x00, 0x85, 0x00,
	0x85, 0x00, 0x85, 0x00, 0x85, 0x00, 0x85, 0x00, 0x85, 0x00, 0x85, 0x00, 0x85, 0x00, 0x85, 0x00,
	0x85, 0x00, 0x85, 0x00, 0x85, 0x00, 0x85, 0x00, 0x85, 0x00, 0x85, 0x00, 0x85, 0x00, 0x85, 0x00,
	0x85, 0x00, 0x85, 0x00, 0x85, 0x00, 0x85, 0x00, 0x85, 0x00, 0x85, 0x00, 0x85, 0x00, 0x85, 0x00,
	0x85, 0x00, 0x85, 0x00, 0x85, 0x00, 0x85, 0x00, 0x85, 0x00, 0x85, 0x00, 0x85, 0x00, 0x85, 0x00,
	0x85, 0x00, 0x85, 0x00, 0x85, 0x00, 0x85, 0x00, 0x85, 0x00, 0x85, 0x00, 0x85, 0x00, 0x85, 0x00,
	0x85, 0x00, 0x85, 0x00, 0x85, 0x00, 0x85, 0x00, 0x85, 0x00, 0x85, 0x00, 0x85, 0x00, 0x85, 0x00,
	0x85, 0x00, 0x85, 0x00, 0x85, 0x00, 0x59, 0x17, 0x59, 0x17, 0x58, 0x17, 0x58, 0x17, 0x57, 0x17,
	0x57, 0x17, 0x56, 0x17, 0x56, 0x17, 0x55, 0x17, 0x55, 0x17, 0x54, 0x17, 0x54, 0x17, 0x53, 0x17,
	0x53, 0x17, 0x52, 0x17, 0x52, 0x17, 0x51, 0x17, 0x50, 0x17, 0x50, 0x17, 0x4F, 0x17, 0x4F, 0x17,
	0x4E, 0x17, 0x4E, 0x17, 0x4D, 0x17, 0x4D, 0x17, 0x4C, 0x17, 0x4C, 0x17, 0x4B, 0x17, 0x4B, 0x17,
	0x4A, 0x17, 0x4A, 0x17, 0x49, 0x17, 0x49, 0x17, 0x48, 0x17, 0x48, 0x17, 0x47, 0x17, 0x47, 0x17,
	0x46, 0x17, 0x46, 0x17, 0x45, 0x17, 0x45, 0x17, 0x44, 0x17, 0x44, 0x17, 0x43, 0x17, 0x43, 0x17,
	0x42, 0x17, 0x41, 0x17, 0x41, 0x17, 0x40, 0x17, 0x40, 0x17, 0x3F, 0x17, 0x3F, 0x17, 0x3E, 0x17,
	0x3E, 0x17, 0x3D, 0x17, 0x3D, 0x17, 0x3C, 0x17, 0x3C, 0x17, 0x3B, 0x17, 0x3B, 0x17, 0x3A, 0x17,
	0x3A, 0x17, 0x39, 0x17, 0x39, 0x17, 0x5C, 0xFB, 0x5C, 0xFB, 0x5D, 0xFB, 0x5D, 0xFB, 0x5D, 0xFB,
	0x5D, 0xFB, 0x5D, 0xFB, 0x5D, 0xFB, 0x5D, 0xFB, 0x5D, 0xFB, 0x5D, 0xFB, 0x5D, 0xFB, 0x5E, 0xFB,
	0x5E, 0xFB, 0x5E, 0xFB, 0x5E, 0xFB, 0x5E, 0xFB, 0x5E, 0xFB, 0x5E, 0xFB, 0x5E, 0xFB, 0x5E, 0xFB,
	0x5F, 0xFB, 0x5F, 0xFB, 0x5F, 0xFB, 0x5F, 0xFB, 0x5F, 0xFB, 0x5F, 0xFB, 0x5F, 0xFB, 0x5F, 0xFB,
	0x5F, 0xFB, 0x5F, 0xFB, 0x60, 0xFB, 0x60, 0xFB, 0x60, 0xFB, 0x60, 0xFB, 0x60, 0xFB, 0x60, 0xFB,
	0x60, 0xFB, 0x60, 0xFB, 0x60, 0xFB, 0x60, 0xFB, 0x61, 0xFB, 0x61, 0xFB, 0x61, 0xFB, 0x61, 0xFB,
	0x61, 0xFB, 0x61, 0xFB, 0x61, 0xFB, 0x61, 0xFB, 0x61, 0xFB, 0x62, 0xFB, 0x62, 0xFB, 0x62, 0xFB,
	0x62, 0xFB, 0x62, 0xFB, 0x62, 0xFB, 0x62, 0xFB, 0x62, 0xFB, 0x62, 0xFB, 0x62, 0xFB, 0x63, 0xFB,
	0x63, 0xFB, 0x63, 0xFB, 0x63, 0xFB, 0x73, 0xEF, 0x73, 0xEF, 0x74, 0xEF, 0x74, 0xEF, 0x74, 0xEF,
	0x75, 0xEF, 0x75, 0xEF, 0x75, 0xEF, 0x76, 0xEF, 0x76, 0xEF, 0x77, 0xEF, 0x77, 0xEF, 0x77, 0xEF,
	0x78, 0xEF, 0x78, 0xEF, 0x78, 0xEF, 0x79, 0xEF, 0x79, 0xEF, 0x79, 0xEF, 0x7A, 0xEF, 0x7A, 0xEF,
	0x7B, 0xEF, 0x7B, 0xEF, 0x7B, 0xEF, 0x7C, 0xEF, 0x7C, 0xEF, 0x7C, 0xEF, 0x7D, 0xEF, 0x7D, 0xEF,
	0x7E, 0xEF, 0x7E, 0xEF, 0x7E, 0xEF, 0x7F, 0xEF, 0x7F, 0xEF, 0x7F, 0xEF, 0x80, 0xEF, 0x80, 0xEF,
	0x81, 0xEF, 0x81, 0xEF, 0x81, 0xEF, 0x82, 0xEF, 0x82, 0xEF, 0x82, 0xEF, 0x83, 0xEF, 0x83, 0xEF,
	0x83, 0xEF, 0x84, 0xEF, 0x84, 0xEF, 0x85, 0xEF, 0x85, 0xEF, 0x85, 0xEF, 0x86, 0xEF, 0x86, 0xEF,
	0x86, 0xEF, 0x87, 0xEF, 0x87, 0xEF, 0x88, 0xEF, 0x88, 0xEF, 0x88, 0xEF, 0x89, 0xEF, 0x89, 0xEF,
	0x89, 0xEF, 0x4A, 0xED, 0x4B, 0xED, 0x4B, 0xED, 0x4B, 0xED, 0x4C, 0xED, 0x4C, 0xED, 0x4D, 0xED,
	0x4D, 0xED, 0x4E, 0xED, 0x4E, 0xED, 0x4E, 0xED, 0x4F, 0xED, 0x4F, 0xED, 0x50, 0xED, 0x50, 0xED,
	0x50, 0xED, 0x51, 0xED, 0x51, 0xED, 0x52, 0xED, 0x52, 0xED, 0x53, 0xED, 0x53, 0xED, 0x53, 0xED,
	0x54, 0xED, 0x54, 0xED, 0x55, 0xED, 0x55, 0xED, 0x56, 0xED, 0x56, 0xED, 0x56, 0xED, 0x57, 0xED,
	0x57, 0xED, 0x58, 0xED, 0x58, 0xED, 0x58, 0xED, 0x59, 0xED, 0x59, 0xED, 0x5A, 0xED, 0x5A, 0xED,
	0x5B, 0xED, 0x5B, 0xED, 0x5B, 0xED, 0x5C, 0xED, 0x5C, 0xED, 0x5D, 0xED, 0x5D, 0xED, 0x5E, 0xED,
	0x5E, 0xED, 0x5E, 0xED, 0x5F, 0xED, 0x5F, 0xED, 0x60, 0xED, 0x60, 0xED, 0x60, 0xED, 0x61, 0xED,
	0x61, 0xED, 0x62, 0xED, 0x62, 0xED, 0x63, 0xED, 0x63, 0xED, 0x63, 0xED, 0x64, 0xED, 0x50, 0xF4,
	0x50, 0xF4, 0x51, 0xF4, 0x51, 0xF4, 0x51, 0xF4, 0x51, 0xF4, 0x52, 0xF4, 0x52, 0xF4, 0x52, 0xF4,
	0x52, 0xF4, 0x53, 0xF4, 0x53, 0xF4, 0x53, 0xF4, 0x53, 0xF4, 0x54, 0xF4, 0x54, 0xF4, 0x54, 0xF4,
	0x55, 0xF4, 0x55, 0xF4, 0x55, 0xF4, 0x55, 0xF4, 0x56, 0xF4, 0x56, 0xF4, 0x56, 0xF4, 0x56, 0xF4,
	0x57, 0xF4, 0x57, 0xF4, 0x57, 0xF4, 0x57, 0xF4, 0x58, 0xF4, 0x58, 0xF4, 0x58, 0xF4, 0x59, 0xF4,
	0x59, 0xF4, 0x59, 0xF4, 0x59, 0xF4, 0x5A, 0xF4, 0x5A, 0xF4, 0x5A, 0xF4, 0x5A, 0xF4, 0x5B, 0xF4,
	0x5B, 0xF4, 0x5B, 0xF4, 0x5B, 0xF4, 0x5C, 0xF4, 0x5C, 0xF4, 0x5C, 0xF4, 0x5C, 0xF4, 0x5D, 0xF4,
	0x5D, 0xF4, 0x5D, 0xF4, 0x5E, 0xF4, 0x5E, 0xF4, 0x5E, 0xF4, 0x5E, 0xF4, 0x5F, 0xF4, 0x5F, 0xF4,
	0x5F, 0xF4, 0x5F, 0xF4, 0x60, 0xF4, 0xDD, 0x10, 0xDD, 0x10, 0xDD, 0x10, 0xDC, 0x10, 0xDC, 0x10,
	0xDC, 0x10, 0xDB, 0x10, 0xDB, 0x10, 0xDA, 0x10, 0xDA, 0x10, 0xDA, 0x10, 0xD9, 0x10, 0xD9, 0x10,
	0xD9, 0x10, 0xD8, 0x10, 0xD8, 0x10, 0xD7, 0x10, 0xD7, 0x10, 0xD7, 0x10, 0xD6, 0x10, 0xD6, 0x10,
	0xD5, 0x10, 0xD5, 0x10, 0xD5, 0x10, 0xD4, 0x10, 0xD4, 0x10, 0xD4, 0x10, 0xD3, 0x10, 0xD3, 0x10,
	0xD2, 0x10, 0xD2, 0x10, 0xD2, 0x10, 0xD1, 0x10, 0xD1, 0x10, 0xD0, 0x10, 0xD0, 0x10, 0xD0, 0x10,
	0xCF, 0x10, 0xCF, 0x10, 0xCF, 0x10, 0xCE, 0x10, 0xCE, 0x10, 0xCD, 0x10, 0xCD, 0x10, 0xCD, 0x10,
	0xCC, 0x10, 0xCC, 0x10, 0xCB, 0x10, 0xCB, 0x10, 0xCB, 0x10, 0xCA, 0x10, 0xCA, 0x10, 0xCA, 0x10,
	0xC9, 0x10, 0xC9, 0x10, 0xC8, 0x10, 0xC8, 0x10, 0xC8, 0x10, 0xD5, 0xF1, 0xD6, 0xF1, 0x6B, 0xED,
	0x6B, 0xED, 0x6B, 0xED, 0x6C, 0xED, 0x6C, 0xED, 0x6D, 0xED, 0x6D, 0xED, 0x6E, 0xED, 0x6E, 0xED,
	0x6E, 0xED, 0x6F, 0xED, 0x6F, 0xED, 0x70, 0xED, 0x70, 0xED, 0x70, 0xED, 0x71, 0xED, 0x71, 0xED,
	0x72, 0xED, 0x72, 0xED, 0x73, 0xED, 0x73, 0xED, 0x73, 0xED, 0x74, 0xED, 0x74, 0xED, 0x75, 0xED,
	0x75, 0xED, 0x76, 0xED, 0x76, 0xED, 0x76, 0xED, 0x77, 0xED, 0x77, 0xED, 0x78, 0xED, 0x78, 0xED,
	0x79, 0xED, 0x79, 0xED, 0x79, 0xED, 0x7A, 0xED, 0x7A, 0xED, 0x7B, 0xED, 0x7B, 0xED, 0x7C, 0xED,
	0x7C, 0xED, 0x7C, 0xED, 0x7D, 0xED, 0x7D, 0xED, 0x7E, 0xED, 0x7E, 0xED, 0x7F, 0xED, 0x7F, 0xED,
	0x7F, 0xED, 0x80, 0xED, 0x80, 0xED, 0x81, 0xED, 0x81, 0xED, 0x81, 0xED, 0x82, 0xED, 0x55, 0x05,
	0x54, 0x05, 0x45, 0x0D, 0x44, 0x0D, 0x44, 0x0D, 0x44, 0x0D, 0x44, 0x0D, 0x43, 0x0D, 0x43, 0x0D,
	0x43, 0x0D, 0x42, 0x0D, 0x42, 0x0D, 0x42, 0x0D, 0x41, 0x0D, 0x41, 0x0D, 0x41, 0x0D, 0x40, 0x0D,
	0x40, 0x0D, 0x40, 0x0D, 0x40, 0x0D, 0x3F, 0x0D, 0x3F, 0x0D, 0x3F, 0x0D, 0x3E, 0x0D, 0x3E, 0x0D,
	0x3E, 0x0D, 0x3D, 0x0D, 0x3D, 0x0D, 0x3D, 0x0D, 0x3D, 0x0D, 0x3C, 0x0D, 0x3C, 0x0D, 0x3C, 0x0D,
	0x3B, 0x0D, 0x3B, 0x0D, 0x3B, 0x0D, 0x3A, 0x0D, 0x3A, 0x0D, 0x3A, 0x0D, 0x39, 0x0D, 0x39, 0x0D,
	0x39, 0x0D, 0x39, 0x0D, 0x38, 0x0D, 0x38, 0x0D, 0x38, 0x0D, 0x37, 0x0D, 0x37, 0x0D, 0x37, 0x0D,
	0x36, 0x0D, 0x36, 0x0D, 0x36, 0x0D, 0x36, 0x0D, 0x35, 0x0D, 0x35, 0x0D, 0x35, 0x0D, 0x34, 0x0D,
	0x34, 0x0D, 0x33, 0xEE, 0x33, 0xEE, 0x34, 0xEE, 0x34, 0xEE, 0x35, 0xEE, 0x35, 0xEE, 0x36, 0xEE,
	0x36, 0xEE, 0x36, 0xEE, 0x37, 0xEE, 0x37, 0xEE, 0x38, 0xEE, 0x38, 0xEE, 0x38, 0xEE, 0x39, 0xEE,
	0x39, 0xEE, 0x3A, 0xEE, 0x3A, 0xEE, 0x3A, 0xEE, 0x3B, 0xEE, 0x3B, 0xEE, 0x3C, 0xEE, 0x3C, 0xEE,
	0x3C, 0xEE, 0x3D, 0xEE, 0x3D, 0xEE, 0x3E, 0xEE, 0x3E, 0xEE, 0x3F, 0xEE, 0x3F, 0xEE, 0x3F, 0xEE,
	0x40, 0xEE, 0x40, 0xEE, 0x41, 0xEE, 0x41, 0xEE, 0x41, 0xEE, 0x42, 0xEE, 0x42, 0xEE, 0x43, 0xEE,
	0x43, 0xEE, 0x43, 0xEE, 0x44, 0xEE, 0x44, 0xEE, 0x45, 0xEE, 0x45, 0xEE, 0x46, 0xEE, 0x46, 0xEE,
	0x46, 0xEE, 0x47, 0xEE, 0x47, 0xEE, 0x48, 0xEE, 0x48, 0xEE, 0x48, 0xEE, 0x49, 0xEE, 0x49, 0xEE,
	0x4A, 0xEE, 0x96, 0x11, 0x96, 0x11, 0x95, 0x11, 0x95, 0x11, 0x95, 0x11, 0x94, 0x11, 0x94, 0x11,
	0x93, 0x11, 0x93, 0x11, 0x93, 0x11, 0x92, 0x11, 0x92, 0x11, 0x91, 0x11, 0x91, 0x11, 0x90, 0x11,
	0x90, 0x11, 0x90, 0x11, 0x8F, 0x11, 0x8F, 0x11, 0x8E, 0x11, 0x8E, 0x11, 0x8E, 0x11, 0x8D, 0x11,
	0x8D, 0x11, 0x8C, 0x11, 0x8C, 0x11, 0x8C, 0x11, 0x8B, 0x11, 0x8B, 0x11, 0x8A, 0x11, 0x8A, 0x11,
	0x8A, 0x11, 0x89, 0x11, 0x89, 0x11, 0x88, 0x11, 0x88, 0x11, 0x88, 0x11, 0x87, 0x11, 0x87, 0x11,
	0x86, 0x11, 0x86, 0x11, 0x85, 0x11, 0x85, 0x11, 0x85, 0x11, 0x84, 0x11, 0x84, 0x11, 0x83, 0x11,
	0x83, 0x11, 0x83, 0x11, 0x82, 0x11, 0x82, 0x11, 0x81, 0x11, 0x81, 0x11, 0x81, 0x11, 0x80, 0x11,
	0x80, 0x11, 0x48, 0x0D, 0x47, 0x0D, 0x47, 0x0D, 0x47, 0x0D, 0x46, 0x0D, 0x46, 0x0D, 0x46, 0x0D,
	0x46, 0x0D, 0x45, 0x0D, 0x45, 0x0D, 0x45, 0x0D, 0x44, 0x0D, 0x44, 0x0D, 0x44, 0x0D, 0x43, 0x0D,
	0x43, 0x0D, 0x43, 0x0D, 0x42, 0x0D, 0x42, 0x0D, 0x42, 0x0D, 0x42, 0x0D, 0x41, 0x0D, 0x41, 0x0D,
	0x41, 0x0D, 0x40, 0x0D, 0x40, 0x0D, 0x40, 0x0D, 0x3F, 0x0D, 0x3F, 0x0D, 0x3F, 0x0D, 0x3E, 0x0D,
	0x3E, 0x0D, 0x3E, 0x0D, 0x3D, 0x0D, 0x3D, 0x0D, 0x3D, 0x0D, 0x3D, 0x0D, 0x3C, 0x0D, 0x3C, 0x0D,
	0x3C, 0x0D, 0x3B, 0x0D, 0x3B, 0x0D, 0x3B, 0x0D, 0x3A, 0x0D, 0x3A, 0x0D, 0x3A, 0x0D, 0x39, 0x0D,
	0x39, 0x0D, 0x39, 0x0D, 0x39, 0x0D, 0x38, 0x0D, 0x38, 0x0D, 0x38, 0x0D, 0x37, 0x0D, 0x23, 0xFB,
	0x23, 0xFB, 0x23, 0xFB, 0x23, 0xFB, 0x23, 0xFB, 0x23, 0xFB, 0x23, 0xFB, 0x23, 0xFB, 0x24, 0xFB,
	0x24, 0xFB, 0x24, 0xFB, 0x24, 0xFB, 0x24, 0xFB, 0x24, 0xFB, 0x24, 0xFB, 0x24, 0xFB, 0x24, 0xFB,
	0x25, 0xFB, 0x25, 0xFB, 0x25, 0xFB, 0x25, 0xFB, 0x25, 0xFB, 0x25, 0xFB, 0x25, 0xFB, 0x25, 0xFB,
	0x25, 0xFB, 0x26, 0xFB, 0x26, 0xFB, 0x26, 0xFB, 0x26, 0xFB, 0x26, 0xFB, 0x26, 0xFB, 0x26, 0xFB,
	0x26, 0xFB, 0x26, 0xFB, 0x27, 0xFB, 0x27, 0xFB, 0x27, 0xFB, 0x27, 0xFB, 0x27, 0xFB, 0x27, 0xFB,
	0x27, 0xFB, 0x27, 0xFB, 0x27, 0xFB, 0x28, 0xFB, 0x28, 0xFB, 0x28, 0xFB, 0x28, 0xFB, 0x28, 0xFB,
	0x28, 0xFB, 0x28, 0xFB, 0x28, 0xFB, 0x29, 0xFB, 0x29, 0xFB, 0x2B, 0xFA, 0x2B, 0xFA, 0x2B, 0xFA,
	0x2C, 0xFA, 0x2C, 0xFA, 0x2C, 0xFA, 0x2C, 0xFA, 0x2C, 0xFA, 0x2C, 0xFA, 0x2C, 0xFA, 0x2C, 0xFA,
	0x2D, 0xFA, 0x2D, 0xFA, 0x2D, 0xFA, 0x2D, 0xFA, 0x2D, 0xFA, 0x2D, 0xFA, 0x2D, 0xFA, 0x2E, 0xFA,
	0x2E, 0xFA, 0x2E, 0xFA, 0x2E, 0xFA, 0x2E, 0xFA, 0x2E, 0xFA, 0x2E, 0xFA, 0x2F, 0xFA, 0x2F, 0xFA,
	0x2F, 0xFA, 0x2F, 0xFA, 0x2F, 0xFA, 0x2F, 0xFA, 0x2F, 0xFA, 0x2F, 0xFA, 0x30, 0xFA, 0x30, 0xFA,
	0x30, 0xFA, 0x30, 0xFA, 0x30, 0xFA, 0x30, 0xFA, 0x30, 0xFA, 0x31, 0xFA, 0x31, 0xFA, 0x31, 0xFA,
	0x31, 0xFA, 0x31, 0xFA, 0x31, 0xFA, 0x31, 0xFA, 0x32, 0xFA, 0x32, 0xFA, 0x32, 0xFA, 0x32, 0xFA,
	0x32, 0xFA, 0x55, 0xEF, 0x55, 0xEF, 0xB7, 0xEB, 0xB7, 0xEB, 0xB8, 0xEB, 0xB8, 0xEB, 0xB9, 0xEB,
	0xB9, 0xEB, 0xBA, 0xEB, 0xBA, 0xEB, 0xBB, 0xEB, 0xBB, 0xEB, 0xBC, 0xEB, 0xBC, 0xEB, 0xBD, 0xEB,
	0xBD, 0xEB, 0xBE, 0xEB, 0xBE, 0xEB, 0xBF, 0xEB, 0xBF, 0xEB, 0xC0, 0xEB, 0xC0, 0xEB, 0xC0, 0xEB,
	0xC1, 0xEB, 0xC1, 0xEB, 0xC2, 0xEB, 0xC2, 0xEB, 0xC3, 0xEB, 0xC3, 0xEB, 0xC4, 0xEB, 0xC4, 0xEB,
	0xC5, 0xEB, 0xC5, 0xEB, 0xC6, 0xEB, 0xC6, 0xEB, 0xC7, 0xEB, 0xC7, 0xEB, 0xC8, 0xEB, 0xC8, 0xEB,
	0xC9, 0xEB, 0xC9, 0xEB, 0xCA, 0xEB, 0xCA, 0xEB, 0xCB, 0xEB, 0xCB, 0xEB, 0xCC, 0xEB, 0xCC, 0xEB,
	0xCC, 0xEB, 0xCD, 0xEB, 0xCD, 0xEB, 0xCE, 0xEB, 0xCE, 0xEB, 0x7B, 0xF0, 0x7C, 0xF0, 0x29, 0xF5,
	0x29, 0xF5, 0x29, 0xF5, 0x29, 0xF5, 0x2A, 0xF5, 0x2A, 0xF5, 0x2A, 0xF5, 0x2A, 0xF5, 0x2B, 0xF5,
	0x2B, 0xF5, 0x2B, 0xF5, 0x2B, 0xF5, 0x2C, 0xF5, 0x2C, 0xF5, 0x2C, 0xF5, 0x2D, 0xF5, 0x2D, 0xF5,
	0x2D, 0xF5, 0x2D, 0xF5, 0x2E, 0xF5, 0x2E, 0xF5, 0x2E, 0xF5, 0x2E, 0xF5, 0x2F, 0xF5, 0x2F, 0xF5,
	0x2F, 0xF5, 0x2F, 0xF5, 0x30, 0xF5, 0x30, 0xF5, 0x30, 0xF5, 0x30, 0xF5, 0x31, 0xF5, 0x31, 0xF5,
	0x31, 0xF5, 0x31, 0xF5, 0x32, 0xF5, 0x32, 0xF5, 0x32, 0xF5, 0x32, 0xF5, 0x33, 0xF5, 0x33, 0xF5,
	0x33, 0xF5, 0x33, 0xF5, 0x34, 0xF5, 0x34, 0xF5, 0x34, 0xF5, 0x34, 0xF5, 0x35, 0xF5, 0x35, 0xF5,
	0x35, 0xF5, 0x3D, 0x10, 0x3C, 0x10, 0x3C, 0x10, 0x3B, 0x10, 0x3B, 0x10, 0x3B, 0x10, 0x3A, 0x10,
	0x3A, 0x10, 0x39, 0x10, 0x39, 0x10, 0x39, 0x10, 0x38, 0x10, 0x38, 0x10, 0x37, 0x10, 0x37, 0x10,
	0x37, 0x10, 0x36, 0x10, 0x36, 0x10, 0x36, 0x10, 0x35, 0x10, 0x35, 0x10, 0x34, 0x10, 0x34, 0x10,
	0x34, 0x10, 0x33, 0x10, 0x33, 0x10, 0x32, 0x10, 0x32, 0x10, 0x32, 0x10, 0x31, 0x10, 0x31, 0x10,
	0x30, 0x10, 0x30, 0x10, 0x30, 0x10, 0x2F, 0x10, 0x2F, 0x10, 0x2F, 0x10, 0x2E, 0x10, 0x2E, 0x10,
	0x2D, 0x10, 0x2D, 0x10, 0x2D, 0x10, 0x2C, 0x10, 0x2C, 0x10, 0x2B, 0x10, 0x2B, 0x10, 0x2B, 0x10,
	0x2A, 0x10, 0x2A, 0x10, 0x29, 0x10, 0x89, 0x03, 0x89, 0x03, 0x7E, 0xEE, 0x7E, 0xEE, 0x7F, 0xEE,
	0x7F, 0xEE, 0x80, 0xEE, 0x80, 0xEE, 0x81, 0xEE, 0x81, 0xEE, 0x81, 0xEE, 0x82, 0xEE, 0x82, 0xEE,
	0x83, 0xEE, 0x83, 0xEE, 0x84, 0xEE, 0x84, 0xEE, 0x84, 0xEE, 0x85, 0xEE, 0x85, 0xEE, 0x86, 0xEE,
	0x86, 0xEE, 0x86, 0xEE, 0x87, 0xEE, 0x87, 0xEE, 0x88, 0xEE, 0x88, 0xEE, 0x89, 0xEE, 0x89, 0xEE,
	0x89, 0xEE, 0x8A, 0xEE, 0x8A, 0xEE, 0x8B, 0xEE, 0x8B, 0xEE, 0x8C, 0xEE, 0x8C, 0xEE, 0x8C, 0xEE,
	0x8D, 0xEE, 0x8D, 0xEE, 0x8E, 0xEE, 0x8E, 0xEE, 0x8E, 0xEE, 0x8F, 0xEE, 0x8F, 0xEE, 0x90, 0xEE,
	0x90, 0xEE, 0x91, 0xEE, 0x91, 0xEE, 0x91, 0xEE, 0x92, 0xEE, 0x58, 0xF7, 0x59, 0xF7, 0xF8, 0x05,
	0xF8, 0x05, 0xF7, 0x05, 0xF7, 0x05, 0xF7, 0x05, 0xF7, 0x05, 0xF7, 0x05, 0xF7, 0x05, 0xF7, 0x05,
	0xF6, 0x05, 0xF6, 0x05, 0xF6, 0x05, 0xF6, 0x05, 0xF6, 0x05, 0xF6, 0x05, 0xF6, 0x05, 0xF5, 0x05,
	0xF5, 0x05, 0xF5, 0x05, 0xF5, 0x05, 0xF5, 0x05, 0xF5, 0x05, 0xF5, 0x05, 0xF4, 0x05, 0xF4, 0x05,
	0xF4, 0x05, 0xF4, 0x05, 0xF4, 0x05, 0xF4, 0x05, 0xF4, 0x05, 0xF3, 0x05, 0xF3, 0x05, 0xF3, 0x05,
	0xF3, 0x05, 0xF3, 0x05, 0xF3, 0x05, 0xF3, 0x05, 0xF2, 0x05, 0xF2, 0x05, 0xF2, 0x05, 0xF2, 0x05,
	0xF2, 0x05, 0xF2, 0x05, 0xF2, 0x05, 0xF1, 0x05, 0xF1, 0x05, 0xF1, 0x05, 0xF1, 0x05, 0x98, 0xFE,
	0x98, 0xFE, 0x98, 0xFE, 0x98, 0xFE, 0x98, 0xFE, 0x98, 0xFE, 0x98, 0xFE, 0x98, 0xFE, 0x98, 0xFE,
	0x98, 0xFE, 0x99, 0xFE, 0x99, 0xFE, 0x99, 0xFE, 0x99, 0xFE, 0x99, 0xFE, 0x99, 0xFE, 0x99, 0xFE,
	0x99, 0xFE, 0x99, 0xFE, 0x99, 0xFE, 0x99, 0xFE, 0x99, 0xFE, 0x99, 0xFE, 0x99, 0xFE, 0x99, 0xFE,
	0x99, 0xFE, 0x99, 0xFE, 0x99, 0xFE, 0x99, 0xFE, 0x99, 0xFE, 0x99, 0xFE, 0x99, 0xFE, 0x99, 0xFE,
	0x99, 0xFE, 0x99, 0xFE, 0x99, 0xFE, 0x99, 0xFE, 0x99, 0xFE, 0x99, 0xFE, 0x9A, 0xFE, 0x9A, 0xFE,
	0x9A, 0xFE, 0x9A, 0xFE, 0x9A, 0xFE, 0x9A, 0xFE, 0x9A, 0xFE, 0x9A, 0xFE, 0x9A, 0xFE, 0x0E, 0xFD,
	0x0E, 0xFD, 0x7B, 0xFA, 0x7B, 0xFA, 0x7B, 0xFA, 0x7C, 0xFA, 0x7C, 0xFA, 0x7C, 0xFA, 0x7C, 0xFA,
	0x7C, 0xFA, 0x7C, 0xFA, 0x7C, 0xFA, 0x7D, 0xFA, 0x7D, 0xFA, 0x7D, 0xFA, 0x7D, 0xFA, 0x7D, 0xFA,
	0x7D, 0xFA, 0x7D, 0xFA, 0x7D, 0xFA, 0x7E, 0xFA, 0x7E, 0xFA, 0x7E, 0xFA, 0x7E, 0xFA, 0x7E, 0xFA,
	0x7E, 0xFA, 0x7E, 0xFA, 0x7F, 0xFA, 0x7F, 0xFA, 0x7F, 0xFA, 0x7F, 0xFA, 0x7F, 0xFA, 0x7F, 0xFA,
	0x7F, 0xFA, 0x80, 0xFA, 0x80, 0xFA, 0x80, 0xFA, 0x80, 0xFA, 0x80, 0xFA, 0x80, 0xFA, 0x80, 0xFA,
	0x80, 0xFA, 0x81, 0xFA, 0x81, 0xFA, 0x81, 0xFA, 0x81, 0xFA, 0x81, 0xFA, 0x81, 0xFA, 0x8B, 0xFF,
	0x8B, 0xFF, 0xA9, 0x0E, 0xA8, 0x0E, 0xA8, 0x0E, 0xA8, 0x0E, 0xA7, 0x0E, 0xA7, 0x0E, 0xA6, 0x0E,
	0xA6, 0x0E, 0xA6, 0x0E, 0xA5, 0x0E, 0xA5, 0x0E, 0xA5, 0x0E, 0xA4, 0x0E, 0xA4, 0x0E, 0xA4, 0x0E,
	0xA3, 0x0E, 0xA3, 0x0E, 0xA3, 0x0E, 0xA2, 0x0E, 0xA2, 0x0E, 0xA1, 0x0E, 0xA1, 0x0E, 0xA1, 0x0E,
	0xA0, 0x0E, 0xA0, 0x0E, 0xA0, 0x0E, 0x9F, 0x0E, 0x9F, 0x0E, 0x9F, 0x0E, 0x9E, 0x0E, 0x9E, 0x0E,
	0x9E, 0x0E, 0x9D, 0x0E, 0x9D, 0x0E, 0x9C, 0x0E, 0x9C, 0x0E, 0x9C, 0x0E, 0x9B, 0x0E, 0x9B, 0x0E,
	0x9B, 0x0E, 0x9A, 0x0E, 0x9A, 0x0E, 0x9A, 0x0E, 0x99, 0x0E, 0x99, 0x0E, 0x98, 0x0E, 0xA8, 0x02,
	0xA8, 0x02, 0xA8, 0x02, 0xA8, 0x02, 0xA8, 0x02, 0xA8, 0x02, 0xA8, 0x02, 0xA8, 0x02, 0xA8, 0x02,
	0xA8, 0x02, 0xA8, 0x02, 0xA8, 0x02, 0xA7, 0x02, 0xA7, 0x02, 0xA7, 0x02, 0xA7, 0x02, 0xA7, 0x02,
	0xA7, 0x02, 0xA7, 0x02, 0xA7, 0x02, 0xA7, 0x02, 0xA7, 0x02, 0xA7, 0x02, 0xA7, 0x02, 0xA7, 0x02,
	0xA7, 0x02, 0xA7, 0x02, 0xA7, 0x02, 0xA6, 0x02, 0xA6, 0x02, 0xA6, 0x02, 0xA6, 0x02, 0xA6, 0x02,
	0xA6, 0x02, 0xA6, 0x02, 0xA6, 0x02, 0xA6, 0x02, 0xA6, 0x02, 0xA6, 0x02, 0xA6, 0x02, 0xA6, 0x02,
	0xA6, 0x02, 0xA6, 0x02, 0xA5, 0x02, 0xA5, 0x02, 0xA5, 0x02, 0x27, 0x01, 0x27, 0x01, 0xB3, 0xF6,
	0xB3, 0xF6, 0xB3, 0xF6, 0xB3, 0xF6, 0xB4, 0xF6, 0xB4, 0xF6, 0xB4, 0xF6, 0xB4, 0xF6, 0xB4, 0xF6,
	0xB5, 0xF6, 0xB5, 0xF6, 0xB5, 0xF6, 0xB5, 0xF6, 0xB6, 0xF6, 0xB6, 0xF6, 0xB6, 0xF6, 0xB6, 0xF6,
	0xB7, 0xF6, 0xB7, 0xF6, 0xB7, 0xF6, 0xB7, 0xF6, 0xB7, 0xF6, 0xB8, 0xF6, 0xB8, 0xF6, 0xB8, 0xF6,
	0xB8, 0xF6, 0xB9, 0xF6, 0xB9, 0xF6, 0xB9, 0xF6, 0xB9, 0xF6, 0xBA, 0xF6, 0xBA, 0xF6, 0xBA, 0xF6,
	0xBA, 0xF6, 0xBA, 0xF6, 0xBB, 0xF6, 0xBB, 0xF6, 0xBB, 0xF6, 0xBB, 0xF6, 0xBC, 0xF6, 0xBC, 0xF6,
	0xBC, 0xF6, 0xBC, 0xF6, 0xBD, 0xF6, 0xBD, 0xF6, 0xBD, 0xF6, 0xB2, 0xF9, 0xB2, 0xF9, 0xB2, 0xF9,
	0xB2, 0xF9, 0xB3, 0xF9, 0xB3, 0xF9, 0xB3, 0xF9, 0xB3, 0xF9, 0xB3, 0xF9, 0xB3, 0xF9, 0xB4, 0xF9,
	0xB4, 0xF9, 0xB4, 0xF9, 0xB4, 0xF9, 0xB4, 0xF9, 0xB4, 0xF9, 0xB5, 0xF9, 0xB5, 0xF9, 0xB5, 0xF9,
	0xB5, 0xF9, 0xB5, 0xF9, 0xB5, 0xF9, 0xB5, 0xF9, 0xB6, 0xF9, 0xB6, 0xF9, 0xB6, 0xF9, 0xB6, 0xF9,
	0xB6, 0xF9, 0xB6, 0xF9, 0xB7, 0xF9, 0xB7, 0xF9, 0xB7, 0xF9, 0xB7, 0xF9, 0xB7, 0xF9, 0xB7, 0xF9,
	0xB7, 0xF9, 0xB8, 0xF9, 0xB8, 0xF9, 0xB8, 0xF9, 0xB8, 0xF9, 0xB8, 0xF9, 0xB8, 0xF9, 0xB9, 0xF9,
	0xB9, 0xF9, 0xB9, 0xF9, 0xB9, 0xF9, 0xB9, 0xF9, 0xB9, 0xF9, 0xBA, 0xF9, 0xBA, 0xF9, 0xBA, 0xF9,
	0xBA, 0xF9, 0xBA, 0xF9, 0xBA, 0xF9, 0xBA, 0xF9, 0xBB, 0xF9, 0xBB, 0xF9, 0xBB, 0xF9, 0xB6, 0x13,
	0xB5, 0x13, 0xB5, 0x13, 0xB4, 0x13, 0xB4, 0x13, 0xB3, 0x13, 0xB3, 0x13, 0xB2, 0x13, 0xB2, 0x13,
	0xB1, 0x13, 0xB1, 0x13, 0xB0, 0x13, 0xB0, 0x13, 0xAF, 0x13, 0xAF, 0x13, 0xAE, 0x13, 0xAE, 0x13,
	0xAD, 0x13, 0xAD, 0x13, 0xAC, 0x13, 0xAC, 0x13, 0xAB, 0x13, 0xAB, 0x13, 0xAA, 0x13, 0xAA, 0x13,
	0xA9, 0x13, 0xA9, 0x13, 0xA8, 0x13, 0xA8, 0x13, 0xA7, 0x13, 0xA7, 0x13, 0xA6, 0x13, 0xA6, 0x13,
	0xA5, 0x13, 0xA5, 0x13, 0xA4, 0x13, 0xA4, 0x13, 0xA3, 0x13, 0xA3, 0x13, 0xA2, 0x13, 0xA2, 0x13,
	0xA2, 0x13, 0xA1, 0x13, 0xA1, 0x13, 0xA0, 0x13, 0xA0, 0x13, 0x9F, 0x13, 0x9F, 0x13, 0x9E, 0x13,
	0x9E, 0x13, 0x9D, 0x13, 0x9D, 0x13, 0x9C, 0x13, 0x9C, 0x13, 0x9B, 0x13, 0x9B, 0x13, 0x9A, 0x13,
	0x9A, 0x13, 0x3B, 0x15, 0x3B, 0x15, 0x3A, 0x15, 0x3A, 0x15, 0x39, 0x15, 0x39, 0x15, 0x38, 0x15,
	0x38, 0x15, 0x37, 0x15, 0x36, 0x15, 0x36, 0x15, 0x35, 0x15, 0x35, 0x15, 0x34, 0x15, 0x34, 0x15,
	0x33, 0x15, 0x33, 0x15, 0x32, 0x15, 0x32, 0x15, 0x31, 0x15, 0x31, 0x15, 0x30, 0x15, 0x30, 0x15,
	0x2F, 0x15, 0x2E, 0x15, 0x2E, 0x15, 0x2D, 0x15, 0x2D, 0x15, 0x2C, 0x15, 0x2C, 0x15, 0x2B, 0x15,
	0x2B, 0x15, 0x2A, 0x15, 0x2A, 0x15, 0x29, 0x15, 0x29, 0x15, 0x28, 0x15, 0x28, 0x15, 0x27, 0x15,
	0x26, 0x15, 0x26, 0x15, 0x25, 0x15, 0x25, 0x15, 0x24, 0x15, 0x24, 0x15, 0x23, 0x15, 0x23, 0x15,
	0x22, 0x15, 0x22, 0x15, 0x21, 0x15, 0x21, 0x15, 0x20, 0x15, 0x20, 0x15, 0x1F, 0x15, 0x1F, 0x15,
	0x1E, 0x15, 0x37, 0xF3, 0x38, 0xF3, 0x38, 0xF3, 0x38, 0xF3, 0x39, 0xF3, 0x39, 0xF3, 0x39, 0xF3,
	0x3A, 0xF3, 0x3A, 0xF3, 0x3A, 0xF3, 0x3B, 0xF3, 0x3B, 0xF3, 0x3B, 0xF3, 0x3C, 0xF3, 0x3C, 0xF3,
	0x3C, 0xF3, 0x3D, 0xF3, 0x3D, 0xF3, 0x3D, 0xF3, 0x3D, 0xF3, 0x3E, 0xF3, 0x3E, 0xF3, 0x3E, 0xF3,
	0x3F, 0xF3, 0x3F, 0xF3, 0x3F, 0xF3, 0x40, 0xF3, 0x40, 0xF3, 0x40, 0xF3, 0x41, 0xF3, 0x41, 0xF3,
	0x41, 0xF3, 0x42, 0xF3, 0x42, 0xF3, 0x42, 0xF3, 0x43, 0xF3, 0x43, 0xF3, 0x43, 0xF3, 0x44, 0xF3,
	0x44, 0xF3, 0x44, 0xF3, 0x45, 0xF3, 0x45, 0xF3, 0x45, 0xF3, 0x46, 0xF3, 0x46, 0xF3, 0x46, 0xF3,
	0x47, 0xF3, 0x47, 0xF3, 0x47, 0xF3, 0x47, 0xF3, 0x48, 0xF3, 0x48, 0xF3, 0x48, 0xF3, 0x49, 0xF3,
	0x49, 0xF3, 0x12, 0x12, 0x11, 0x12, 0x11, 0x12, 0x10, 0x12, 0x10, 0x12, 0x0F, 0x12, 0x0F, 0x12,
	0x0E, 0x12, 0x0E, 0x12, 0x0E, 0x12, 0x0D, 0x12, 0x0D, 0x12, 0x0C, 0x12, 0x0C, 0x12, 0x0B, 0x12,
	0x0B, 0x12, 0x0A, 0x12, 0x0A, 0x12, 0x09, 0x12, 0x09, 0x12, 0x09, 0x12, 0x08, 0x12, 0x08, 0x12,
	0x07, 0x12, 0x07, 0x12, 0x06, 0x12, 0x06, 0x12, 0x05, 0x12, 0x05, 0x12, 0x04, 0x12, 0x04, 0x12,
	0x03, 0x12, 0x03, 0x12, 0x03, 0x12, 0x02, 0x12, 0x02, 0x12, 0x01, 0x12, 0x01, 0x12, 0x00, 0x12,
	0x00, 0x12, 0xFF, 0x11, 0xFF, 0x11, 0xFE, 0x11, 0xFE, 0x11, 0xFE, 0x11, 0xFD, 0x11, 0xFD, 0x11,
	0xFC, 0x11, 0xFC, 0x11, 0xFB, 0x11, 0xFB, 0x11, 0xFA, 0x11, 0xFA, 0x11, 0xF9, 0x11, 0xB2, 0x11,
	0xB1, 0x11, 0x86, 0x11, 0x86, 0x11, 0x86, 0x11, 0x85, 0x11, 0x85, 0x11, 0x84, 0x11, 0x84, 0x11,
	0x83, 0x11, 0x83, 0x11, 0x82, 0x11, 0x82, 0x11, 0x82, 0x11, 0x81, 0x11, 0x81, 0x11, 0x80, 0x11,
	0x80, 0x11, 0x7F, 0x11, 0x7F, 0x11, 0x7E, 0x11, 0x7E, 0x11, 0x7D, 0x11, 0x7D, 0x11, 0x7D, 0x11,
	0x7C, 0x11, 0x7C, 0x11, 0x7B, 0x11, 0x7B, 0x11, 0x7A, 0x11, 0x7A, 0x11, 0x79, 0x11, 0x79, 0x11,
	0x79, 0x11, 0x78, 0x11, 0x78, 0x11, 0x77, 0x11, 0x77, 0x11, 0x76, 0x11, 0x76, 0x11, 0x75, 0x11,
	0x75, 0x11, 0x75, 0x11, 0x74, 0x11, 0x74, 0x11, 0x73, 0x11, 0x73, 0x11, 0x72, 0x11, 0x72, 0x11,
	0x71, 0x11, 0x71, 0x11, 0x71, 0x11, 0x70, 0x11, 0x70, 0x11, 0x14, 0x12, 0x14, 0x12, 0x76, 0x12,
	0x76, 0x12, 0x75, 0x12, 0x75, 0x12, 0x74, 0x12, 0x74, 0x12, 0x73, 0x12, 0x73, 0x12, 0x72, 0x12,
	0x72, 0x12, 0x71, 0x12, 0x71, 0x12, 0x70, 0x12, 0x70, 0x12, 0x6F, 0x12, 0x6F, 0x12, 0x6F, 0x12,
	0x6E, 0x12, 0x6E, 0x12, 0x6D, 0x12, 0x6D, 0x12, 0x6C, 0x12, 0x6C, 0x12, 0x6B, 0x12, 0x6B, 0x12,
	0x6A, 0x12, 0x6A, 0x12, 0x69, 0x12, 0x69, 0x12, 0x68, 0x12, 0x68, 0x12, 0x67, 0x12, 0x67, 0x12,
	0x67, 0x12, 0x66, 0x12, 0x66, 0x12, 0x65, 0x12, 0x65, 0x12, 0x64, 0x12, 0x64, 0x12, 0x63, 0x12,
	0x63, 0x12, 0x62, 0x12, 0x62, 0x12, 0x61, 0x12, 0x61, 0x12, 0x60, 0x12, 0x60, 0x12, 0x5F, 0x12,
	0x5F, 0x12, 0x5E, 0x12, 0x5E, 0x12, 0xEF, 0xF8, 0xEF, 0xF8, 0xEF, 0xF8, 0xF0, 0xF8, 0xF0, 0xF8,
	0xF0, 0xF8, 0xF0, 0xF8, 0xF0, 0xF8, 0xF1, 0xF8, 0xF1, 0xF8, 0xF1, 0xF8, 0xF1, 0xF8, 0xF1, 0xF8,
	0xF1, 0xF8, 0xF2, 0xF8, 0xF2, 0xF8, 0xF2, 0xF8, 0xF2, 0xF8, 0xF2, 0xF8, 0xF3, 0xF8, 0xF3, 0xF8,
	0xF3, 0xF8, 0xF3, 0xF8, 0xF3, 0xF8, 0xF3, 0xF8, 0xF4, 0xF8, 0xF4, 0xF8, 0xF4, 0xF8, 0xF4, 0xF8,
	0xF4, 0xF8, 0xF5, 0xF8, 0xF5, 0xF8, 0xF5, 0xF8, 0xF5, 0xF8, 0xF5, 0xF8, 0xF5, 0xF8, 0xF6, 0xF8,
	0xF6, 0xF8, 0xF6, 0xF8, 0xF6, 0xF8, 0xF6, 0xF8, 0xF7, 0xF8, 0xF7, 0xF8, 0xF7, 0xF8, 0xF7, 0xF8,
	0xF7, 0xF8, 0xF7, 0xF8, 0xF8, 0xF8, 0xF8, 0xF8, 0xF8, 0xF8, 0xF8, 0xF8, 0xF8, 0xF8, 0x0E, 0x01,
	0x0E, 0x01, 0x0E, 0x01, 0x0E, 0x01, 0x0E, 0x01, 0x0E, 0x01, 0x0E, 0x01, 0x0D, 0x01, 0x0D, 0x01,
	0x0D, 0x01, 0x0D, 0x01, 0x0D, 0x01, 0x0D, 0x01, 0x0D, 0x01, 0x0D, 0x01, 0x0D, 0x01, 0x0D, 0x01,
	0x0D, 0x01, 0x0D, 0x01, 0x0D, 0x01, 0x0D, 0x01, 0x0D, 0x01, 0x0D, 0x01, 0x0D, 0x01, 0x0D, 0x01,
	0x0D, 0x01, 0x0D, 0x01, 0x0D, 0x01, 0x0D, 0x01, 0x0D, 0x01, 0x0D, 0x01, 0x0D, 0x01, 0x0D, 0x01,
	0x0D, 0x01, 0x0D, 0x01, 0x0D, 0x01, 0x0D, 0x01, 0x0D, 0x01, 0x0D, 0x01, 0x0D, 0x01, 0x0D, 0x01,
	0x0D, 0x01, 0x0D, 0x01, 0x0C, 0x01, 0x0C, 0x01, 0x0C, 0x01, 0x0C, 0x01, 0x0C, 0x01, 0x0C, 0x01,
	0x0C, 0x01, 0x0C, 0x01, 0x0C, 0x01, 0xE9, 0x0B, 0xE9, 0x0B, 0xE9, 0x0B, 0xE8, 0x0B, 0xE8, 0x0B,
	0xE8, 0x0B, 0xE7, 0x0B, 0xE7, 0x0B, 0xE7, 0x0B, 0xE6, 0x0B, 0xE6, 0x0B, 0xE6, 0x0B, 0xE5, 0x0B,
	0xE5, 0x0B, 0xE5, 0x0B, 0xE5, 0x0B, 0xE4, 0x0B, 0xE4, 0x0B, 0xE4, 0x0B, 0xE3, 0x0B, 0xE3, 0x0B,
	0xE3, 0x0B, 0xE2, 0x0B, 0xE2, 0x0B, 0xE2, 0x0B, 0xE1, 0x0B, 0xE1, 0x0B, 0xE1, 0x0B, 0xE1, 0x0B,
	0xE0, 0x0B, 0xE0, 0x0B, 0xE0, 0x0B, 0xDF, 0x0B, 0xDF, 0x0B, 0xDF, 0x0B, 0xDE, 0x0B, 0xDE, 0x0B,
	0xDE, 0x0B, 0xDD, 0x0B, 0xDD, 0x0B, 0xDD, 0x0B, 0xDC, 0x0B, 0xDC, 0x0B, 0xDC, 0x0B, 0xDC, 0x0B,
	0xDB, 0x0B, 0xDB, 0x0B, 0xDB, 0x0B, 0xDA, 0x0B, 0xDA, 0x0B, 0xED, 0x04, 0xED, 0x04, 0xED, 0x04,
	0xED, 0x04, 0xED, 0x04, 0xED, 0x04, 0xED, 0x04, 0xEC, 0x04, 0xEC, 0x04, 0xEC, 0x04, 0xEC, 0x04,
	0xEC, 0x04, 0xEC, 0x04, 0xEC, 0x04, 0xEC, 0x04, 0xEB, 0x04, 0xEB, 0x04, 0xEB, 0x04, 0xEB, 0x04,
	0xEB, 0x04, 0xEB, 0x04, 0xEB, 0x04, 0xEB, 0x04, 0xEA, 0x04, 0xEA, 0x04, 0xEA, 0x04, 0xEA, 0x04,
	0xEA, 0x04, 0xEA, 0x04, 0xEA, 0x04, 0xE9, 0x04, 0xE9, 0x04, 0xE9, 0x04, 0xE9, 0x04, 0xE9, 0x04,
	0xE9, 0x04, 0xE9, 0x04, 0xE9, 0x04, 0xE8, 0x04, 0xE8, 0x04, 0xE8, 0x04, 0xE8, 0x04, 0xE8, 0x04,
	0xE8, 0x04, 0xE8, 0x04, 0xE8, 0x04, 0xE7, 0x04, 0xE7, 0x04, 0xE7, 0x04, 0xE7, 0x04, 0x8C, 0x0B,
	0x8B, 0x0B, 0x8B, 0x0B, 0x8B, 0x0B, 0x8B, 0x0B, 0x8A, 0x0B, 0x8A, 0x0B, 0x8A, 0x0B, 0x89, 0x0B,
	0x89, 0x0B, 0x89, 0x0B, 0x88, 0x0B, 0x88, 0x0B, 0x88, 0x0B, 0x87, 0x0B, 0x87, 0x0B, 0x87, 0x0B,
	0x87, 0x0B, 0x86, 0x0B, 0x86, 0x0B, 0x86, 0x0B, 0x85, 0x0B, 0x85, 0x0B, 0x85, 0x0B, 0x84, 0x0B,
	0x84, 0x0B, 0x84, 0x0B, 0x84, 0x0B, 0x83, 0x0B, 0x83, 0x0B, 0x83, 0x0B, 0x82, 0x0B, 0x82, 0x0B,
	0x82, 0x0B, 0x81, 0x0B, 0x81, 0x0B, 0x81, 0x0B, 0x81, 0x0B, 0x80, 0x0B, 0x80, 0x0B, 0x80, 0x0B,
	0x7F, 0x0B, 0x7F, 0x0B, 0x7F, 0x0B, 0x7E, 0x0B, 0x7E, 0x0B, 0x7E, 0x0B, 0x7D, 0x0B, 0x97, 0x0A,
	0x97, 0x0A, 0x4F, 0x04, 0x4E, 0x04, 0x4E, 0x04, 0x4E, 0x04, 0x4E, 0x04, 0x4E, 0x04, 0x4E, 0x04,
	0x4E, 0x04, 0x4E, 0x04, 0x4E, 0x04, 0x4D, 0x04, 0x4D, 0x04, 0x4D, 0x04, 0x4D, 0x04, 0x4D, 0x04,
	0x4D, 0x04, 0x4D, 0x04, 0x4D, 0x04, 0x4C, 0x04, 0x4C, 0x04, 0x4C, 0x04, 0x4C, 0x04, 0x4C, 0x04,
	0x4C, 0x04, 0x4C, 0x04, 0x4C, 0x04, 0x4C, 0x04, 0x4B, 0x04, 0x4B, 0x04, 0x4B, 0x04, 0x4B, 0x04,
	0x4B, 0x04, 0x4B, 0x04, 0x4B, 0x04, 0x4B, 0x04, 0x4B, 0x04, 0x4A, 0x04, 0x4A, 0x04, 0x4A, 0x04,
	0x4A, 0x04, 0x4A, 0x04, 0x4A, 0x04, 0x4A, 0x04, 0x4A, 0x04, 0x4A, 0x04, 0x49, 0x04, 0x49, 0x04,
	0x49, 0x04, 0x6F, 0x14, 0x6E, 0x14, 0x6E, 0x14, 0x6D, 0x14, 0x6D, 0x14, 0x6C, 0x14, 0x6B, 0x14,
	0x6B, 0x14, 0x6A, 0x14, 0x6A, 0x14, 0x69, 0x14, 0x69, 0x14, 0x68, 0x14, 0x68, 0x14, 0x67, 0x14,
	0x67, 0x14, 0x66, 0x14, 0x65, 0x14, 0x65, 0x14, 0x64, 0x14, 0x64, 0x14, 0x63, 0x14, 0x63, 0x14,
	0x62, 0x14, 0x62, 0x14, 0x61, 0x14, 0x61, 0x14, 0x60, 0x14, 0x60, 0x14, 0x5F, 0x14, 0x5E, 0x14,
	0x5E, 0x14, 0x5D, 0x14, 0x5D, 0x14, 0x5C, 0x14, 0x5C, 0x14, 0x5B, 0x14, 0x5B, 0x14, 0x5A, 0x14,
	0x5A, 0x14, 0x59, 0x14, 0x58, 0x14, 0x58, 0x14, 0x57, 0x14, 0x57, 0x14, 0x56, 0x14, 0x56, 0x14,
	0x55, 0x14, 0x42, 0xFA, 0x42, 0xFA, 0x42, 0xFA, 0x42, 0xFA, 0x42, 0xFA, 0x42, 0xFA, 0x42, 0xFA,
	0x43, 0xFA, 0x43, 0xFA, 0x43, 0xFA, 0x43, 0xFA, 0x43, 0xFA, 0x43, 0xFA, 0x44, 0xFA, 0x44, 0xFA,
	0x44, 0xFA, 0x44, 0xFA, 0x44, 0xFA, 0x44, 0xFA, 0x44, 0xFA, 0x45, 0xFA, 0x45, 0xFA, 0x45, 0xFA,
	0x45, 0xFA, 0x45, 0xFA, 0x45, 0xFA, 0x46, 0xFA, 0x46, 0xFA, 0x46, 0xFA, 0x46, 0xFA, 0x46, 0xFA,
	0x46, 0xFA, 0x46, 0xFA, 0x47, 0xFA, 0x47, 0xFA, 0x47, 0xFA, 0x47, 0xFA, 0x47, 0xFA, 0x47, 0xFA,
	0x48, 0xFA, 0x48, 0xFA, 0x48, 0xFA, 0x48, 0xFA, 0x48, 0xFA, 0x48, 0xFA, 0x48, 0xFA, 0xF0, 0x07,
	0xEF, 0x07, 0x20, 0x10, 0x1F, 0x10, 0x1F, 0x10, 0x1E, 0x10, 0x1E, 0x10, 0x1D, 0x10, 0x1D, 0x10,
	0x1D, 0x10, 0x1C, 0x10, 0x1C, 0x10, 0x1B, 0x10, 0x1B, 0x10, 0x1A, 0x10, 0x1A, 0x10, 0x1A, 0x10,
	0x19, 0x10, 0x19, 0x10, 0x18, 0x10, 0x18, 0x10, 0x17, 0x10, 0x17, 0x10, 0x17, 0x10, 0x16, 0x10,
	0x16, 0x10, 0x15, 0x10, 0x15, 0x10, 0x14, 0x10, 0x14, 0x10, 0x13, 0x10, 0x13, 0x10, 0x13, 0x10,
	0x12, 0x10, 0x12, 0x10, 0x11, 0x10, 0x11, 0x10, 0x10, 0x10, 0x10, 0x10, 0x10, 0x10, 0x0F, 0x10,
	0x0F, 0x10, 0x0E, 0x10, 0x0E, 0x10, 0x0D, 0x10, 0x0D, 0x10, 0x0D, 0x10, 0x0C, 0x10, 0x85, 0x12,
	0x84, 0x12, 0x84, 0x12, 0x83, 0x12, 0x83, 0x12, 0x82, 0x12, 0x82, 0x12, 0x81, 0x12, 0x81, 0x12,
	0x80, 0x12, 0x80, 0x12, 0x7F, 0x12, 0x7F, 0x12, 0x7E, 0x12, 0x7E, 0x12, 0x7D, 0x12, 0x7D, 0x12,
	0x7C, 0x12, 0x7C, 0x12, 0x7B, 0x12, 0x7B, 0x12, 0x7A, 0x12, 0x7A, 0x12, 0x79, 0x12, 0x79, 0x12,
	0x78, 0x12, 0x78, 0x12, 0x77, 0x12, 0x77, 0x12, 0x76, 0x12, 0x76, 0x12, 0x75, 0x12, 0x75, 0x12,
	0x74, 0x12, 0x74, 0x12, 0x73, 0x12, 0x73, 0x12, 0x72, 0x12, 0x72, 0x12, 0x71, 0x12, 0x71, 0x12,
	0x70, 0x12, 0x70, 0x12, 0x6F, 0x12, 0xB8, 0x0F, 0xB8, 0x0F, 0xBB, 0xFC, 0xBB, 0xFC, 0xBB, 0xFC,
	0xBB, 0xFC, 0xBB, 0xFC, 0xBB, 0xFC, 0xBB, 0xFC, 0xBB, 0xFC, 0xBB, 0xFC, 0xBC, 0xFC, 0xBC, 0xFC,
	0xBC, 0xFC, 0xBC, 0xFC, 0xBC, 0xFC, 0xBC, 0xFC, 0xBC, 0xFC, 0xBC, 0xFC, 0xBC, 0xFC, 0xBC, 0xFC,
	0xBC, 0xFC, 0xBD, 0xFC, 0xBD, 0xFC, 0xBD, 0xFC, 0xBD, 0xFC, 0xBD, 0xFC, 0xBD, 0xFC, 0xBD, 0xFC,
	0xBD, 0xFC, 0xBD, 0xFC, 0xBD, 0xFC, 0xBD, 0xFC, 0xBD, 0xFC, 0xBE, 0xFC, 0xBE, 0xFC, 0xBE, 0xFC,
	0xBE, 0xFC, 0xBE, 0xFC, 0xBE, 0xFC, 0xBE, 0xFC, 0xBE, 0xFC, 0xBE, 0xFC, 0xBE, 0xFC, 0xBE, 0xFC,
	0xBF, 0xFC, 0xC4, 0x0E, 0xC4, 0x0E, 0x56, 0x11, 0x56, 0x11, 0x55, 0x11, 0x55, 0x11, 0x54, 0x11,
	0x54, 0x11, 0x53, 0x11, 0x53, 0x11, 0x53, 0x11, 0x52, 0x11, 0x52, 0x11, 0x51, 0x11, 0x51, 0x11,
	0x50, 0x11, 0x50, 0x11, 0x4F, 0x11, 0x4F, 0x11, 0x4E, 0x11, 0x4E, 0x11, 0x4D, 0x11, 0x4D, 0x11,
	0x4C, 0x11, 0x4C, 0x11, 0x4B, 0x11, 0x4B, 0x11, 0x4A, 0x11, 0x4A, 0x11, 0x4A, 0x11, 0x49, 0x11,
	0x49, 0x11, 0x48, 0x11, 0x48, 0x11, 0x47, 0x11, 0x47, 0x11, 0x46, 0x11, 0x46, 0x11, 0x45, 0x11,
	0x45, 0x11, 0x44, 0x11, 0x44, 0x11, 0x43, 0x11, 0x43, 0x11, 0x42, 0x11, 0x42, 0x11, 0x11, 0xF0,
	0x11, 0xF0, 0x12, 0xF0, 0x12, 0xF0, 0x13, 0xF0, 0x13, 0xF0, 0x14, 0xF0, 0x14, 0xF0, 0x15, 0xF0,
	0x15, 0xF0, 0x15, 0xF0, 0x16, 0xF0, 0x16, 0xF0, 0x17, 0xF0, 0x17, 0xF0, 0x18, 0xF0, 0x18, 0xF0,
	0x18, 0xF0, 0x19, 0xF0, 0x19, 0xF0, 0x1A, 0xF0, 0x1A, 0xF0, 0x1B, 0xF0, 0x1B, 0xF0, 0x1B, 0xF0,
	0x1C, 0xF0, 0x1C, 0xF0, 0x1D, 0xF0, 0x1D, 0xF0, 0x1E, 0xF0, 0x1E, 0xF0, 0x1F, 0xF0, 0x1F, 0xF0,
	0x1F, 0xF0, 0x20, 0xF0, 0x20, 0xF0, 0x21, 0xF0, 0x21, 0xF0, 0x22, 0xF0, 0x22, 0xF0, 0x22, 0xF0,
	0x23, 0xF0, 0x23, 0xF0, 0x24, 0xF0, 0xEB, 0x03, 0xEB, 0x03, 0xEB, 0x03, 0xEB, 0x03, 0xEA, 0x03,
	0xEA, 0x03, 0xEA, 0x03, 0xEA, 0x03, 0xEA, 0x03, 0xEA, 0x03, 0xEA, 0x03, 0xEA, 0x03, 0xEA, 0x03,
	0xEA, 0x03, 0xE9, 0x03, 0xE9, 0x03, 0xE9, 0x03, 0xE9, 0x03, 0xE9, 0x03, 0xE9, 0x03, 0xE9, 0x03,
	0xE9, 0x03, 0xE9, 0x03, 0xE8, 0x03, 0xE8, 0x03, 0xE8, 0x03, 0xE8, 0x03, 0xE8, 0x03, 0xE8, 0x03,
	0xE8, 0x03, 0xE8, 0x03, 0xE8, 0x03, 0xE7, 0x03, 0xE7, 0x03, 0xE7, 0x03, 0xE7, 0x03, 0xE7, 0x03,
	0xE7, 0x03, 0xE7, 0x03, 0xE7, 0x03, 0xE7, 0x03, 0xE7, 0x03, 0x63, 0x06, 0x63, 0x06, 0xD7, 0x0D,
	0xD7, 0x0D, 0xD6, 0x0D, 0xD6, 0x0D, 0xD6, 0x0D, 0xD5, 0x0D, 0xD5, 0x0D, 0xD4, 0x0D, 0xD4, 0x0D,
	0xD4, 0x0D, 0xD3, 0x0D, 0xD3, 0x0D, 0xD3, 0x0D, 0xD2, 0x0D, 0xD2, 0x0D, 0xD1, 0x0D, 0xD1, 0x0D,
	0xD1, 0x0D, 0xD0, 0x0D, 0xD0, 0x0D, 0xCF, 0x0D, 0xCF, 0x0D, 0xCF, 0x0D, 0xCE, 0x0D, 0xCE, 0x0D,
	0xCE, 0x0D, 0xCD, 0x0D, 0xCD, 0x0D, 0xCC, 0x0D, 0xCC, 0x0D, 0xCC, 0x0D, 0xCB, 0x0D, 0xCB, 0x0D,
	0xCA, 0x0D, 0xCA, 0x0D, 0xCA, 0x0D, 0xC9, 0x0D, 0xC9, 0x0D, 0xC9, 0x0D, 0xC8, 0x0D, 0xC8, 0x0D,
	0xC7, 0x0D, 0x26, 0x12, 0x26, 0x12, 0x25, 0x12, 0x25, 0x12, 0x24, 0x12, 0x24, 0x12, 0x23, 0x12,
	0x23, 0x12, 0x22, 0x12, 0x22, 0x12, 0x21, 0x12, 0x21, 0x12, 0x20, 0x12, 0x20, 0x12, 0x1F, 0x12,
	0x1F, 0x12, 0x1E, 0x12, 0x1E, 0x12, 0x1D, 0x12, 0x1D, 0x12, 0x1C, 0x12, 0x1C, 0x12, 0x1B, 0x12,
	0x1B, 0x12, 0x1A, 0x12, 0x1A, 0x12, 0x19, 0x12, 0x19, 0x12, 0x18, 0x12, 0x18, 0x12, 0x17, 0x12,
	0x17, 0x12, 0x16, 0x12, 0x16, 0x12, 0x15, 0x12, 0x15, 0x12, 0x14, 0x12, 0x14, 0x12, 0x13, 0x12,
	0x13, 0x12, 0x12, 0x12, 0x12, 0x12, 0xCC, 0x0E, 0xCB, 0x0E, 0x86, 0x0B, 0x85, 0x0B, 0x85, 0x0B,
	0x85, 0x0B, 0x84, 0x0B, 0x84, 0x0B, 0x84, 0x0B, 0x83, 0x0B, 0x83, 0x0B, 0x83, 0x0B, 0x82, 0x0B,
	0x82, 0x0B, 0x82, 0x0B, 0x81, 0x0B, 0x81, 0x0B, 0x81, 0x0B, 0x80, 0x0B, 0x80, 0x0B, 0x80, 0x0B,
	0x80, 0x0B, 0x7F, 0x0B, 0x7F, 0x0B, 0x7F, 0x0B, 0x7E, 0x0B, 0x7E, 0x0B, 0x7E, 0x0B, 0x7D, 0x0B,
	0x7D, 0x0B, 0x7D, 0x0B, 0x7C, 0x0B, 0x7C, 0x0B, 0x7C, 0x0B, 0x7B, 0x0B, 0x7B, 0x0B, 0x7B, 0x0B,
	0x7A, 0x0B, 0x7A, 0x0B, 0x7A, 0x0B, 0x79, 0x0B, 0x79, 0x0B, 0xFE, 0x01, 0xFE, 0x01, 0x83, 0xF8,
	0x83, 0xF8, 0x83, 0xF8, 0x83, 0xF8, 0x84, 0xF8, 0x84, 0xF8, 0x84, 0xF8, 0x84, 0xF8, 0x85, 0xF8,
	0x85, 0xF8, 0x85, 0xF8, 0x85, 0xF8, 0x85, 0xF8, 0x86, 0xF8, 0x86, 0xF8, 0x86, 0xF8, 0x86, 0xF8,
	0x86, 0xF8, 0x87, 0xF8, 0x87, 0xF8, 0x87, 0xF8, 0x87, 0xF8, 0x87, 0xF8, 0x88, 0xF8, 0x88, 0xF8,
	0x88, 0xF8, 0x88, 0xF8, 0x88, 0xF8, 0x89, 0xF8, 0x89, 0xF8, 0x89, 0xF8, 0x89, 0xF8, 0x8A, 0xF8,
	0x8A, 0xF8, 0x8A, 0xF8, 0x8A, 0xF8, 0x8A, 0xF8, 0x8B, 0xF8, 0x8B, 0xF8, 0x8B, 0xF8, 0x7C, 0x0D,
	0x7C, 0x0D, 0x7B, 0x0D, 0x7B, 0x0D, 0x7B, 0x0D, 0x7A, 0x0D, 0x7A, 0x0D, 0x79, 0x0D, 0x79, 0x0D,
	0x79, 0x0D, 0x78, 0x0D, 0x78, 0x0D, 0x78, 0x0D, 0x77, 0x0D, 0x77, 0x0D, 0x76, 0x0D, 0x76, 0x0D,
	0x76, 0x0D, 0x75, 0x0D, 0x75, 0x0D, 0x74, 0x0D, 0x74, 0x0D, 0x74, 0x0D, 0x73, 0x0D, 0x73, 0x0D,
	0x73, 0x0D, 0x72, 0x0D, 0x72, 0x0D, 0x71, 0x0D, 0x71, 0x0D, 0x71, 0x0D, 0x70, 0x0D, 0x70, 0x0D,
	0x70, 0x0D, 0x6F, 0x0D, 0x6F, 0x0D, 0x6E, 0x0D, 0x6E, 0x0D, 0x6E, 0x0D, 0x6D, 0x0D, 0x6D, 0x0D,
	0x6D, 0x0D, 0xB9, 0x02, 0xB9, 0x02, 0xB9, 0x02, 0xB9, 0x02, 0xB9, 0x02, 0xB9, 0x02, 0xB9, 0x02,
	0xB9, 0x02, 0xB9, 0x02, 0xB9, 0x02, 0xB9, 0x02, 0xB8, 0x02, 0xB8, 0x02, 0xB8, 0x02, 0xB8, 0x02,
	0xB8, 0x02, 0xB8, 0x02, 0xB8, 0x02, 0xB8, 0x02, 0xB8, 0x02, 0xB8, 0x02, 0xB8, 0x02, 0xB8, 0x02,
	0xB8, 0x02, 0xB7, 0x02, 0xB7, 0x02, 0xB7, 0x02, 0xB7, 0x02, 0xB7, 0x02, 0xB7, 0x02, 0xB7, 0x02,
	0xB7, 0x02, 0xB7, 0x02, 0xB7, 0x02, 0xB7, 0x02, 0xB7, 0x02, 0xB7, 0x02, 0xB6, 0x02, 0xB6, 0x02,
	0xB6, 0x02, 0x49, 0xF7, 0x49, 0xF7, 0x49, 0xF7, 0x4A, 0xF7, 0x4A, 0xF7, 0x4A, 0xF7, 0x4A, 0xF7,
	0x4B, 0xF7, 0x4B, 0xF7, 0x4B, 0xF7, 0x4B, 0xF7, 0x4B, 0xF7, 0x4C, 0xF7, 0x4C, 0xF7, 0x4C, 0xF7,
	0x4C, 0xF7, 0x4D, 0xF7, 0x4D, 0xF7, 0x4D, 0xF7, 0x4D, 0xF7, 0x4E, 0xF7, 0x4E, 0xF7, 0x4E, 0xF7,
	0x4E, 0xF7, 0x4F, 0xF7, 0x4F, 0xF7, 0x4F, 0xF7, 0x4F, 0xF7, 0x50, 0xF7, 0x50, 0xF7, 0x50, 0xF7,
	0x50, 0xF7, 0x51, 0xF7, 0x51, 0xF7, 0x51, 0xF7, 0x51, 0xF7, 0x52, 0xF7, 0x52, 0xF7, 0x52, 0xF7,
	0x52, 0xF7, 0x86, 0xFD, 0x86, 0xFD, 0x86, 0xFD, 0x86, 0xFD, 0x86, 0xFD, 0x86, 0xFD, 0x86, 0xFD,
	0x86, 0xFD, 0x86, 0xFD, 0x86, 0xFD, 0x86, 0xFD, 0x86, 0xFD, 0x87, 0xFD, 0x87, 0xFD, 0x87, 0xFD,
	0x87, 0xFD, 0x87, 0xFD, 0x87, 0xFD, 0x87, 0xFD, 0x87, 0xFD, 0x87, 0xFD, 0x87, 0xFD, 0x87, 0xFD,
	0x87, 0xFD, 0x87, 0xFD, 0x87, 0xFD, 0x88, 0xFD, 0x88, 0xFD, 0x88, 0xFD, 0x88, 0xFD, 0x88, 0xFD,
	0x88, 0xFD, 0x88, 0xFD, 0x88, 0xFD, 0x88, 0xFD, 0x88, 0xFD, 0x88, 0xFD, 0x88, 0xFD, 0x88, 0xFD,
	0x88, 0xFD, 0x45, 0xF1, 0x46, 0xF1, 0x46, 0xF1, 0x47, 0xF1, 0x47, 0xF1, 0x47, 0xF1, 0x48, 0xF1,
	0x48, 0xF1, 0x49, 0xF1, 0x49, 0xF1, 0x4A, 0xF1, 0x4A, 0xF1, 0x4A, 0xF1, 0x4B, 0xF1, 0x4B, 0xF1,
	0x4C, 0xF1, 0x4C, 0xF1, 0x4C, 0xF1, 0x4D, 0xF1, 0x4D, 0xF1, 0x4E, 0xF1, 0x4E, 0xF1, 0x4F, 0xF1,
	0x4F, 0xF1, 0x4F, 0xF1, 0x50, 0xF1, 0x50, 0xF1, 0x51, 0xF1, 0x51, 0xF1, 0x52, 0xF1, 0x52, 0xF1,
	0x52, 0xF1, 0x53, 0xF1, 0x53, 0xF1, 0x54, 0xF1, 0x54, 0xF1, 0x54, 0xF1, 0x55, 0xF1, 0x55, 0xF1,
	0x56, 0xF1, 0xB1, 0xFB, 0xB1, 0xFB, 0xB1, 0xFB, 0xB1, 0xFB, 0xB1, 0xFB, 0xB1, 0xFB, 0xB1, 0xFB,
	0xB1, 0xFB, 0xB2, 0xFB, 0xB2, 0xFB, 0xB2, 0xFB, 0xB2, 0xFB, 0xB2, 0xFB, 0xB2, 0xFB, 0xB2, 0xFB,
	0xB2, 0xFB, 0xB2, 0xFB, 0xB3, 0xFB, 0xB3, 0xFB, 0xB3, 0xFB, 0xB3, 0xFB, 0xB3, 0xFB, 0xB3, 0xFB,
	0xB3, 0xFB, 0xB3, 0xFB, 0xB4, 0xFB, 0xB4, 0xFB, 0xB4, 0xFB, 0xB4, 0xFB, 0xB4, 0xFB, 0xB4, 0xFB,
	0xB4, 0xFB, 0xB4, 0xFB, 0xB5, 0xFB, 0xB5, 0xFB, 0xB5, 0xFB, 0xB5, 0xFB, 0xB5, 0xFB, 0x33, 0x10,
	0x33, 0x10, 0x32, 0x10, 0x32, 0x10, 0x31, 0x10, 0x31, 0x10, 0x30, 0x10, 0x30, 0x10, 0x2F, 0x10,
	0x2F, 0x10, 0x2E, 0x10, 0x2E, 0x10, 0x2D, 0x10, 0x2D, 0x10, 0x2D, 0x10, 0x2C, 0x10, 0x2C, 0x10,
	0x2B, 0x10, 0x2B, 0x10, 0x2A, 0x10, 0x2A, 0x10, 0x29, 0x10, 0x29, 0x10, 0x28, 0x10, 0x28, 0x10,
	0x27, 0x10, 0x27, 0x10, 0x26, 0x10, 0x26, 0x10, 0x26, 0x10, 0x25, 0x10, 0x25, 0x10, 0x24, 0x10,
	0x24, 0x10, 0x23, 0x10, 0x23, 0x10, 0x22, 0x10, 0x22, 0x10, 0xF1, 0x09, 0xF1, 0x09, 0xE0, 0x07,
	0xE0, 0x07, 0xE0, 0x07, 0xE0, 0x07, 0xDF, 0x07, 0xDF, 0x07, 0xDF, 0x07, 0xDF, 0x07, 0xDE, 0x07,
	0xDE, 0x07, 0xDE, 0x07, 0xDE, 0x07, 0xDD, 0x07, 0xDD, 0x07, 0xDD, 0x07, 0xDD, 0x07, 0xDD, 0x07,
	0xDC, 0x07, 0xDC, 0x07, 0xDC, 0x07, 0xDC, 0x07, 0xDB, 0x07, 0xDB, 0x07, 0xDB, 0x07, 0xDB, 0x07,
	0xDA, 0x07, 0xDA, 0x07, 0xDA, 0x07, 0xDA, 0x07, 0xDA, 0x07, 0xD9, 0x07, 0xD9, 0x07, 0xD9, 0x07,
	0xD9, 0x07, 0xD8, 0x07, 0xD8, 0x07, 0xD8, 0x07, 0xD8, 0x07, 0xD8, 0x07, 0xD7, 0x07, 0xD7, 0x07,
	0xD7, 0x07, 0xD7, 0x07, 0xD6, 0x07, 0xD6, 0x07, 0xD6, 0x07, 0x5B, 0x00, 0x5B, 0x00, 0x5B, 0x00,
	0x5B, 0x00, 0x5B, 0x00, 0x5B, 0x00, 0x5B, 0x00, 0x5B, 0x00, 0x5B, 0x00, 0x5B, 0x00, 0x5B, 0x00,
	0x5B, 0x00, 0x5B, 0x00, 0x5B, 0x00, 0x5B, 0x00, 0x5B, 0x00, 0x5B, 0x00, 0x5B, 0x00, 0x5B, 0x00,
	0x5B, 0x00, 0x5B, 0x00, 0x5B, 0x00, 0x5B, 0x00, 0x5B, 0x00, 0x5B, 0x00, 0x5B, 0x00, 0x5B, 0x00,
	0x5B, 0x00, 0x5B, 0x00, 0x5B, 0x00, 0x5B, 0x00, 0x5B, 0x00, 0x5B, 0x00, 0x5B, 0x00, 0x5B, 0x00,
	0x5B, 0x00, 0x5B, 0x00, 0x5B, 0x00, 0x5B, 0x00, 0x5B, 0x00, 0x5B, 0x00, 0x5B, 0x00, 0x5B, 0x00,
	0x5B, 0x00, 0x5B, 0x00, 0x5B, 0x00, 0xE6, 0x05, 0xE6, 0x05, 0xE6, 0x05, 0xE5, 0x05, 0xE5, 0x05,
	0xE5, 0x05, 0xE5, 0x05, 0xE5, 0x05, 0xE5, 0x05, 0xE4, 0x05, 0xE4, 0x05, 0xE4, 0x05, 0xE4, 0x05,
	0xE4, 0x05, 0xE3, 0x05, 0xE3, 0x05, 0xE3, 0x05, 0xE3, 0x05, 0xE3, 0x05, 0xE3, 0x05, 0xE2, 0x05,
	0xE2, 0x05, 0xE2, 0x05, 0xE2, 0x05, 0xE2, 0x05, 0xE2, 0x05, 0xE1, 0x05, 0xE1, 0x05, 0xE1, 0x05,
	0xE1, 0x05, 0xE1, 0x05, 0xE1, 0x05, 0xE0, 0x05, 0xE0, 0x05, 0xE0, 0x05, 0xE0, 0x05, 0xE0, 0x05,
	0xE0, 0x05, 0xDF, 0x05, 0xDF, 0x05, 0xDF, 0x05, 0xDF, 0x05, 0xDF, 0x05, 0xDE, 0x05, 0xBD, 0x06,
	0xBD, 0x06, 0x9B, 0x07, 0x9B, 0x07, 0x9B, 0x07, 0x9B, 0x07, 0x9B, 0x07, 0x9A, 0x07, 0x9A, 0x07,
	0x9A, 0x07, 0x9A, 0x07, 0x99, 0x07, 0x99, 0x07, 0x99, 0x07, 0x99, 0x07, 0x98, 0x07, 0x98, 0x07,
	0x98, 0x07, 0x98, 0x07, 0x98, 0x07, 0x97, 0x07, 0x97, 0x07, 0x97, 0x07, 0x97, 0x07, 0x96, 0x07,
	0x96, 0x07, 0x96, 0x07, 0x96, 0x07, 0x96, 0x07, 0x95, 0x07, 0x95, 0x07, 0x95, 0x07, 0x95, 0x07,
	0x94, 0x07, 0x94, 0x07, 0x94, 0x07, 0x94, 0x07, 0x94, 0x07, 0x93, 0x07, 0x93, 0x07, 0x93, 0x07,
	0x93, 0x07, 0x92, 0x07, 0x92, 0x07, 0x92, 0x07, 0x92, 0x07, 0x61, 0x0F, 0x61, 0x0F, 0x60, 0x0F,
	0x60, 0x0F, 0x60, 0x0F, 0x5F, 0x0F, 0x5F, 0x0F, 0x5E, 0x0F, 0x5E, 0x0F, 0x5D, 0x0F, 0x5D, 0x0F,
	0x5C, 0x0F, 0x5C, 0x0F, 0x5B, 0x0F, 0x5B, 0x0F, 0x5B, 0x0F, 0x5A, 0x0F, 0x5A, 0x0F, 0x59, 0x0F,
	0x59, 0x0F, 0x58, 0x0F, 0x58, 0x0F, 0x57, 0x0F, 0x57, 0x0F, 0x56, 0x0F, 0x56, 0x0F, 0x56, 0x0F,
	0x55, 0x0F, 0x55, 0x0F, 0x54, 0x0F, 0x54, 0x0F, 0x53, 0x0F, 0x53, 0x0F, 0x52, 0x0F, 0x52, 0x0F,
	0x51, 0x0F, 0x51, 0x0F, 0x51, 0x0F, 0x50, 0x0F, 0x50, 0x0F, 0x4F, 0x0F, 0x4F, 0x0F, 0x4E, 0x0F,
	0x4E, 0x0F, 0x51, 0xF8, 0x51, 0xF8, 0x52, 0xF8, 0x52, 0xF8, 0x52, 0xF8, 0x52, 0xF8, 0x53, 0xF8,
	0x53, 0xF8, 0x53, 0xF8, 0x53, 0xF8, 0x53, 0xF8, 0x54, 0xF8, 0x54, 0xF8, 0x54, 0xF8, 0x54, 0xF8,
	0x55, 0xF8, 0x55, 0xF8, 0x55, 0xF8, 0x55, 0xF8, 0x55, 0xF8, 0x56, 0xF8, 0x56, 0xF8, 0x56, 0xF8,
	0x56, 0xF8, 0x57, 0xF8, 0x57, 0xF8, 0x57, 0xF8, 0x57, 0xF8, 0x58, 0xF8, 0x58, 0xF8, 0x58, 0xF8,
	0x58, 0xF8, 0x58, 0xF8, 0x59, 0xF8, 0x59, 0xF8, 0x59, 0xF8, 0x59, 0xF8, 0x5A, 0xF8, 0x5A, 0xF8,
	0x5A, 0xF8, 0x5A, 0xF8, 0x5B, 0xF8, 0x5B, 0xF8, 0x5B, 0xF8, 0x08, 0xF8, 0x08, 0xF8, 0x09, 0xF8,
	0x09, 0xF8, 0x09, 0xF8, 0x09, 0xF8, 0x0A, 0xF8, 0x0A, 0xF8, 0x0A, 0xF8, 0x0A, 0xF8, 0x0A, 0xF8,
	0x0B, 0xF8, 0x0B, 0xF8, 0x0B, 0xF8, 0x0B, 0xF8, 0x0C, 0xF8, 0x0C, 0xF8, 0x0C, 0xF8, 0x0C, 0xF8,
	0x0D, 0xF8, 0x0D, 0xF8, 0x0D, 0xF8, 0x0D, 0xF8, 0x0E, 0xF8, 0x0E, 0xF8, 0x0E, 0xF8, 0x0E, 0xF8,
	0x0F, 0xF8, 0x0F, 0xF8, 0x0F, 0xF8, 0x0F, 0xF8, 0x0F, 0xF8, 0x10, 0xF8, 0x10, 0xF8, 0x10, 0xF8,
	0x10, 0xF8, 0x11, 0xF8, 0x11, 0xF8, 0x11, 0xF8, 0x11, 0xF8, 0x12, 0xF8, 0x12, 0xF8, 0x2A, 0xF2,
	0x2B, 0xF2, 0x33, 0xF0, 0x34, 0xF0, 0x34, 0xF0, 0x35, 0xF0, 0x35, 0xF0, 0x36, 0xF0, 0x36, 0xF0,
	0x37, 0xF0, 0x37, 0xF0, 0x38, 0xF0, 0x38, 0xF0, 0x39, 0xF0, 0x39, 0xF0, 0x3A, 0xF0, 0x3A, 0xF0,
	0x3B, 0xF0, 0x3B, 0xF0, 0x3B, 0xF0, 0x3C, 0xF0, 0x3C, 0xF0, 0x3D, 0xF0, 0x3D, 0xF0, 0x3E, 0xF0,
	0x3E, 0xF0, 0x3F, 0xF0, 0x3F, 0xF0, 0x40, 0xF0, 0x40, 0xF0, 0x41, 0xF0, 0x41, 0xF0, 0x42, 0xF0,
	0x42, 0xF0, 0x43, 0xF0, 0x43, 0xF0, 0x44, 0xF0, 0x44, 0xF0, 0x45, 0xF0, 0x45, 0xF0, 0x45, 0xF0,
	0x46, 0xF0, 0x46, 0xF3, 0x46, 0xF3, 0x45, 0xFC, 0x45, 0xFC, 0x45, 0xFC, 0x45, 0xFC, 0x45, 0xFC,
	0x45, 0xFC, 0x45, 0xFC, 0x45, 0xFC, 0x46, 0xFC, 0x46, 0xFC, 0x46, 0xFC, 0x46, 0xFC, 0x46, 0xFC,
	0x46, 0xFC, 0x46, 0xFC, 0x46, 0xFC, 0x46, 0xFC, 0x47, 0xFC, 0x47, 0xFC, 0x47, 0xFC, 0x47, 0xFC,
	0x47, 0xFC, 0x47, 0xFC, 0x47, 0xFC, 0x47, 0xFC, 0x47, 0xFC, 0x48, 0xFC, 0x48, 0xFC, 0x48, 0xFC,
	0x48, 0xFC, 0x48, 0xFC, 0x48, 0xFC, 0x48, 0xFC, 0x48, 0xFC, 0x48, 0xFC, 0x49, 0xFC, 0x49, 0xFC,
	0x49, 0xFC, 0x49, 0xFC, 0x49, 0xFC, 0x86, 0xF9, 0x86, 0xF9, 0x3E, 0xF1, 0x3E, 0xF1, 0x3F, 0xF1,
	0x3F, 0xF1, 0x40, 0xF1, 0x40, 0xF1, 0x40, 0xF1, 0x41, 0xF1, 0x41, 0xF1, 0x42, 0xF1, 0x42, 0xF1,
	0x43, 0xF1, 0x43, 0xF1, 0x44, 0xF1, 0x44, 0xF1, 0x45, 0xF1, 0x45, 0xF1, 0x45, 0xF1, 0x46, 0xF1,
	0x46, 0xF1, 0x47, 0xF1, 0x47, 0xF1, 0x48, 0xF1, 0x48, 0xF1, 0x49, 0xF1, 0x49, 0xF1, 0x49, 0xF1,
	0x4A, 0xF1, 0x4A, 0xF1, 0x4B, 0xF1, 0x4B, 0xF1, 0x4C, 0xF1, 0x4C, 0xF1, 0x4D, 0xF1, 0x4D, 0xF1,
	0x4D, 0xF1, 0x4E, 0xF1, 0x4E, 0xF1, 0x4F, 0xF1, 0x4F, 0xF1, 0x01, 0xFB, 0x01, 0xFB, 0x64, 0xFC,
	0x64, 0xFC, 0x64, 0xFC, 0x64, 0xFC, 0x64, 0xFC, 0x64, 0xFC, 0x64, 0xFC, 0x64, 0xFC, 0x64, 0xFC,
	0x65, 0xFC, 0x65, 0xFC, 0x65, 0xFC, 0x65, 0xFC, 0x65, 0xFC, 0x65, 0xFC, 0x65, 0xFC, 0x65, 0xFC,
	0x65, 0xFC, 0x66, 0xFC, 0x66, 0xFC, 0x66, 0xFC, 0x66, 0xFC, 0x66, 0xFC, 0x66, 0xFC, 0x66, 0xFC,
	0x66, 0xFC, 0x66, 0xFC, 0x67, 0xFC, 0x67, 0xFC, 0x67, 0xFC, 0x67, 0xFC, 0x67, 0xFC, 0x67, 0xFC,
	0x67, 0xFC, 0x67, 0xFC, 0x67, 0xFC, 0x68, 0xFC, 0x68, 0xFC, 0x68, 0xFC, 0x68, 0xFC, 0xED, 0x0D,
	0xED, 0x0D, 0xEC, 0x0D, 0xEC, 0x0D, 0xEB, 0x0D, 0xEB, 0x0D, 0xEA, 0x0D, 0xEA, 0x0D, 0xEA, 0x0D,
	0xE9, 0x0D, 0xE9, 0x0D, 0xE8, 0x0D, 0xE8, 0x0D, 0xE7, 0x0D, 0xE7, 0x0D, 0xE7, 0x0D, 0xE6, 0x0D,
	0xE6, 0x0D, 0xE5, 0x0D, 0xE5, 0x0D, 0xE4, 0x0D, 0xE4, 0x0D, 0xE4, 0x0D, 0xE3, 0x0D, 0xE3, 0x0D,
	0xE2, 0x0D, 0xE2, 0x0D, 0xE1, 0x0D, 0xE1, 0x0D, 0xE1, 0x0D, 0xE0, 0x0D, 0xE0, 0x0D, 0xDF, 0x0D,
	0xDF, 0x0D, 0xDE, 0x0D, 0xDE, 0x0D, 0xDE, 0x0D, 0xDD, 0x0D, 0xDD, 0x0D, 0xDC, 0x0D, 0xF5, 0x00,
	0xF5, 0x00, 0xF5, 0x00, 0xF5, 0x00, 0xF5, 0x00, 0xF5, 0x00, 0xF5, 0x00, 0xF5, 0x00, 0xF5, 0x00,
	0xF5, 0x00, 0xF5, 0x00, 0xF5, 0x00, 0xF5, 0x00, 0xF5, 0x00, 0xF5, 0x00, 0xF5, 0x00, 0xF5, 0x00,
	0xF5, 0x00, 0xF5, 0x00, 0xF5, 0x00, 0xF5, 0x00, 0xF5, 0x00, 0xF5, 0x00, 0xF5, 0x00, 0xF4, 0x00,
	0xF4, 0x00, 0xF4, 0x00, 0xF4, 0x00, 0xF4, 0x00, 0xF4, 0x00, 0xF4, 0x00, 0xF4, 0x00, 0xF4, 0x00,
	0xF4, 0x00, 0xF4, 0x00, 0xF4, 0x00, 0xF4, 0x00, 0xF4, 0x00, 0xF4, 0x00, 0xF4, 0x00, 0x8D, 0x0F,
	0x8D, 0x0F, 0x8C, 0x0F, 0x8C, 0x0F, 0x8B, 0x0F, 0x8B, 0x0F, 0x8A, 0x0F, 0x8A, 0x0F, 0x89, 0x0F,
	0x89, 0x0F, 0x88, 0x0F, 0x88, 0x0F, 0x87, 0x0F, 0x87, 0x0F, 0x86, 0x0F, 0x86, 0x0F, 0x85, 0x0F,
	0x85, 0x0F, 0x84, 0x0F, 0x84, 0x0F, 0x83, 0x0F, 0x83, 0x0F, 0x82, 0x0F, 0x82, 0x0F, 0x81, 0x0F,
	0x81, 0x0F, 0x81, 0x0F, 0x80, 0x0F, 0x80, 0x0F, 0x7F, 0x0F, 0x7F, 0x0F, 0x7E, 0x0F, 0x7E, 0x0F,
	0x7D, 0x0F, 0x7D, 0x0F, 0x7C, 0x0F, 0x7C, 0x0F, 0x7B, 0x0F, 0x7B, 0x0F, 0x7A, 0x0F, 0x3D, 0x05,
	0x3D, 0x05, 0x3D, 0x05, 0x3D, 0x05, 0x3D, 0x05, 0x3C, 0x05, 0x3C, 0x05, 0x3C, 0x05, 0x3C, 0x05,
	0x3C, 0x05, 0x3C, 0x05, 0x3B, 0x05, 0x3B, 0x05, 0x3B, 0x05, 0x3B, 0x05, 0x3B, 0x05, 0x3B, 0x05,
	0x3A, 0x05, 0x3A, 0x05, 0x3A, 0x05, 0x3A, 0x05, 0x3A, 0x05, 0x3A, 0x05, 0x39, 0x05, 0x39, 0x05,
	0x39, 0x05, 0x39, 0x05, 0x39, 0x05, 0x39, 0x05, 0x38, 0x05, 0x38, 0x05, 0x38, 0x05, 0x38, 0x05,
	0x38, 0x05, 0x38, 0x05, 0x38, 0x05, 0x37, 0x05, 0x37, 0x05, 0xC6, 0x02, 0xC6, 0x02, 0xF5, 0x01,
	0xF5, 0x01, 0xF5, 0x01, 0xF5, 0x01, 0xF5, 0x01, 0xF5, 0x01, 0xF5, 0x01, 0xF5, 0x01, 0xF5, 0x01,
	0xF5, 0x01, 0xF5, 0x01, 0xF5, 0x01, 0xF5, 0x01, 0xF5, 0x01, 0xF5, 0x01, 0xF5, 0x01, 0xF4, 0x01,
	0xF4, 0x01, 0xF4, 0x01, 0xF4, 0x01, 0xF4, 0x01, 0xF4, 0x01, 0xF4, 0x01, 0xF4, 0x01, 0xF4, 0x01,
	0xF4, 0x01, 0xF4, 0x01, 0xF4, 0x01, 0xF4, 0x01, 0xF4, 0x01, 0xF4, 0x01, 0xF4, 0x01, 0xF3, 0x01,
	0xF3, 0x01, 0xF3, 0x01, 0xF3, 0x01, 0xE6, 0xFF, 0xE6, 0xFF, 0x8A, 0xF1, 0x8A, 0xF1, 0x8B, 0xF1,
	0x8B, 0xF1, 0x8B, 0xF1, 0x8C, 0xF1, 0x8C, 0xF1, 0x8D, 0xF1, 0x8D, 0xF1, 0x8E, 0xF1, 0x8E, 0xF1,
	0x8F, 0xF1, 0x8F, 0xF1, 0x90, 0xF1, 0x90, 0xF1, 0x90, 0xF1, 0x91, 0xF1, 0x91, 0xF1, 0x92, 0xF1,
	0x92, 0xF1, 0x93, 0xF1, 0x93, 0xF1, 0x94, 0xF1, 0x94, 0xF1, 0x95, 0xF1, 0x95, 0xF1, 0x95, 0xF1,
	0x96, 0xF1, 0x96, 0xF1, 0x97, 0xF1, 0x97, 0xF1, 0x98, 0xF1, 0x98, 0xF1, 0x99, 0xF1, 0x99, 0xF1,
	0x9A, 0xF1, 0x9A, 0xF1, 0x9A, 0xF1, 0x2B, 0xF3, 0x2B, 0xF3, 0x2C, 0xF3, 0x2C, 0xF3, 0x2C, 0xF3,
	0x2D, 0xF3, 0x2D, 0xF3, 0x2E, 0xF3, 0x2E, 0xF3, 0x2E, 0xF3, 0x2F, 0xF3, 0x2F, 0xF3, 0x30, 0xF3,
	0x30, 0xF3, 0x30, 0xF3, 0x31, 0xF3, 0x31, 0xF3, 0x32, 0xF3, 0x32, 0xF3, 0x33, 0xF3, 0x33, 0xF3,
	0x33, 0xF3, 0x34, 0xF3, 0x34, 0xF3, 0x35, 0xF3, 0x35, 0xF3, 0x35, 0xF3, 0x36, 0xF3, 0x36, 0xF3,
	0x37, 0xF3, 0x37, 0xF3, 0x37, 0xF3, 0x38, 0xF3, 0x38, 0xF3, 0x39, 0xF3, 0x39, 0xF3, 0x39, 0xF3,
	0x3A, 0xF3, 0xE7, 0x0C, 0xE6, 0x0C, 0xE6, 0x0C, 0xE6, 0x0C, 0xE5, 0x0C, 0xE5, 0x0C, 0xE4, 0x0C,
	0xE4, 0x0C, 0xE3, 0x0C, 0xE3, 0x0C, 0xE3, 0x0C, 0xE2, 0x0C, 0xE2, 0x0C, 0xE1, 0x0C, 0xE1, 0x0C,
	0xE1, 0x0C, 0xE0, 0x0C, 0xE0, 0x0C, 0xDF, 0x0C, 0xDF, 0x0C, 0xDF, 0x0C, 0xDE, 0x0C, 0xDE, 0x0C,
	0xDD, 0x0C, 0xDD, 0x0C, 0xDD, 0x0C, 0xDC, 0x0C, 0xDC, 0x0C, 0xDB, 0x0C, 0xDB, 0x0C, 0xDA, 0x0C,
	0xDA, 0x0C, 0xDA, 0x0C, 0xD9, 0x0C, 0xD9, 0x0C, 0xD8, 0x0C, 0x6C, 0xFF, 0x6C, 0xFF, 0xF3, 0xFA,
	0xF4, 0xFA, 0xF4, 0xFA, 0xF4, 0xFA, 0xF4, 0xFA, 0xF4, 0xFA, 0xF4, 0xFA, 0xF5, 0xFA, 0xF5, 0xFA,
	0xF5, 0xFA, 0xF5, 0xFA, 0xF5, 0xFA, 0xF5, 0xFA, 0xF6, 0xFA, 0xF6, 0xFA, 0xF6, 0xFA, 0xF6, 0xFA,
	0xF6, 0xFA, 0xF6, 0xFA, 0xF7, 0xFA, 0xF7, 0xFA, 0xF7, 0xFA, 0xF7, 0xFA, 0xF7, 0xFA, 0xF7, 0xFA,
	0xF8, 0xFA, 0xF8, 0xFA, 0xF8, 0xFA, 0xF8, 0xFA, 0xF8, 0xFA, 0xF8, 0xFA, 0xF8, 0xFA, 0xF9, 0xFA,
	0xF9, 0xFA, 0xF9, 0xFA, 0xF9, 0xFA, 0x67, 0x06, 0x67, 0x06, 0x66, 0x06, 0x66, 0x06, 0x66, 0x06,
	0x66, 0x06, 0x66, 0x06, 0x65, 0x06, 0x65, 0x06, 0x65, 0x06, 0x65, 0x06, 0x64, 0x06, 0x64, 0x06,
	0x64, 0x06, 0x64, 0x06, 0x64, 0x06, 0x63, 0x06, 0x63, 0x06, 0x63, 0x06, 0x63, 0x06, 0x63, 0x06,
	0x62, 0x06, 0x62, 0x06, 0x62, 0x06, 0x62, 0x06, 0x62, 0x06, 0x61, 0x06, 0x61, 0x06, 0x61, 0x06,
	0x61, 0x06, 0x61, 0x06, 0x60, 0x06, 0x60, 0x06, 0x60, 0x06, 0x60, 0x06, 0x60, 0x06, 0x95, 0xF9,
	0x95, 0xF9, 0x95, 0xF9, 0x95, 0xF9, 0x96, 0xF9, 0x96, 0xF9, 0x96, 0xF9, 0x96, 0xF9, 0x96, 0xF9,
	0x97, 0xF9, 0x97, 0xF9, 0x97, 0xF9, 0x97, 0xF9, 0x97, 0xF9, 0x98, 0xF9, 0x98, 0xF9, 0x98, 0xF9,
	0x98, 0xF9, 0x99, 0xF9, 0x99, 0xF9, 0x99, 0xF9, 0x99, 0xF9, 0x99, 0xF9, 0x9A, 0xF9, 0x9A, 0xF9,
	0x9A, 0xF9, 0x9A, 0xF9, 0x9A, 0xF9, 0x9B, 0xF9, 0x9B, 0xF9, 0x9B, 0xF9, 0x9B, 0xF9, 0x9B, 0xF9,
	0x9C, 0xF9, 0x9C, 0xF9, 0x9C, 0xF9, 0xD5, 0x0B, 0xD4, 0x0B, 0xD4, 0x0B, 0xD4, 0x0B, 0xD3, 0x0B,
	0xD3, 0x0B, 0xD2, 0x0B, 0xD2, 0x0B, 0xD2, 0x0B, 0xD1, 0x0B, 0xD1, 0x0B, 0xD1, 0x0B, 0xD0, 0x0B,
	0xD0, 0x0B, 0xCF, 0x0B, 0xCF, 0x0B, 0xCF, 0x0B, 0xCE, 0x0B, 0xCE, 0x0B, 0xCD, 0x0B, 0xCD, 0x0B,
	0xCD, 0x0B, 0xCC, 0x0B, 0xCC, 0x0B, 0xCC, 0x0B, 0xCB, 0x0B, 0xCB, 0x0B, 0xCA, 0x0B, 0xCA, 0x0B,
	0xCA, 0x0B, 0xC9, 0x0B, 0xC9, 0x0B, 0xC9, 0x0B, 0xC8, 0x0B, 0xC8, 0x0B, 0xC7, 0x0B, 0x81, 0xF8,
	0x81, 0xF8, 0x82, 0xF8, 0x82, 0xF8, 0x82, 0xF8, 0x82, 0xF8, 0x83, 0xF8, 0x83, 0xF8, 0x83, 0xF8,
	0x83, 0xF8, 0x84, 0xF8, 0x84, 0xF8, 0x84, 0xF8, 0x84, 0xF8, 0x85, 0xF8, 0x85, 0xF8, 0x85, 0xF8,
	0x85, 0xF8, 0x86, 0xF8, 0x86, 0xF8, 0x86, 0xF8, 0x86, 0xF8, 0x87, 0xF8, 0x87, 0xF8, 0x87, 0xF8,
	0x87, 0xF8, 0x88, 0xF8, 0x88, 0xF8, 0x88, 0xF8, 0x88, 0xF8, 0x89, 0xF8, 0x89, 0xF8, 0x89, 0xF8,
	0x89, 0xF8, 0x89, 0xF8, 0x8A, 0xF8, 0x29, 0x05, 0x29, 0x05, 0x29, 0x05, 0x28, 0x05, 0x28, 0x05,
	0x28, 0x05, 0x28, 0x05, 0x28, 0x05, 0x28, 0x05, 0x27, 0x05, 0x27, 0x05, 0x27, 0x05, 0x27, 0x05,
	0x27, 0x05, 0x27, 0x05, 0x26, 0x05, 0x26, 0x05, 0x26, 0x05, 0x26, 0x05, 0x26, 0x05, 0x26, 0x05,
	0x25, 0x05, 0x25, 0x05, 0x25, 0x05, 0x25, 0x05, 0x25, 0x05, 0x25, 0x05, 0x24, 0x05, 0x24, 0x05,
	0x24, 0x05, 0x24, 0x05, 0x24, 0x05, 0x24, 0x05, 0x23, 0x05, 0xAE, 0x07, 0xAE, 0x07, 0x38, 0x0A,
	0x37, 0x0A, 0x37, 0x0A, 0x37, 0x0A, 0x36, 0x0A, 0x36, 0x0A, 0x36, 0x0A, 0x35, 0x0A, 0x35, 0x0A,
	0x35, 0x0A, 0x34, 0x0A, 0x34, 0x0A, 0x34, 0x0A, 0x33, 0x0A, 0x33, 0x0A, 0x33, 0x0A, 0x32, 0x0A,
	0x32, 0x0A, 0x32, 0x0A, 0x31, 0x0A, 0x31, 0x0A, 0x31, 0x0A, 0x30, 0x0A, 0x30, 0x0A, 0x30, 0x0A,
	0x2F, 0x0A, 0x2F, 0x0A, 0x2F, 0x0A, 0x2E, 0x0A, 0x2E, 0x0A, 0x2E, 0x0A, 0x2D, 0x0A, 0x2D, 0x0A,
	0x2D, 0x0A, 0x32, 0x0D, 0x31, 0x0D, 0x31, 0x0D, 0x30, 0x0D, 0x30, 0x0D, 0x2F, 0x0D, 0x2F, 0x0D,
	0x2F, 0x0D, 0x2E, 0x0D, 0x2E, 0x0D, 0x2D, 0x0D, 0x2D, 0x0D, 0x2C, 0x0D, 0x2C, 0x0D, 0x2C, 0x0D,
	0x2B, 0x0D, 0x2B, 0x0D, 0x2A, 0x0D, 0x2A, 0x0D, 0x29, 0x0D, 0x29, 0x0D, 0x29, 0x0D, 0x28, 0x0D,
	0x28, 0x0D, 0x27, 0x0D, 0x27, 0x0D, 0x26, 0x0D, 0x26, 0x0D, 0x25, 0x0D, 0x25, 0x0D, 0x25, 0x0D,
	0x24, 0x0D, 0x24, 0x0D, 0x23, 0x0D, 0xEC, 0x0C, 0xEB, 0x0C, 0xEB, 0x0C, 0xEB, 0x0C, 0xEA, 0x0C,
	0xEA, 0x0C, 0xE9, 0x0C, 0xE9, 0x0C, 0xE8, 0x0C, 0xE8, 0x0C, 0xE8, 0x0C, 0xE7, 0x0C, 0xE7, 0x0C,
	0xE6, 0x0C, 0xE6, 0x0C, 0xE5, 0x0C, 0xE5, 0x0C, 0xE5, 0x0C, 0xE4, 0x0C, 0xE4, 0x0C, 0xE3, 0x0C,
	0xE3, 0x0C, 0xE2, 0x0C, 0xE2, 0x0C, 0xE2, 0x0C, 0xE1, 0x0C, 0xE1, 0x0C, 0xE0, 0x0C, 0xE0, 0x0C,
	0xDF, 0x0C, 0xDF, 0x0C, 0xDF, 0x0C, 0xDE, 0x0C, 0xDE, 0x0C, 0x68, 0xFE, 0x68, 0xFE, 0x68, 0xFE,
	0x68, 0xFE, 0x68, 0xFE, 0x68, 0xFE, 0x69, 0xFE, 0x69, 0xFE, 0x69, 0xFE, 0x69, 0xFE, 0x69, 0xFE,
	0x69, 0xFE, 0x69, 0xFE, 0x69, 0xFE, 0x69, 0xFE, 0x69, 0xFE, 0x69, 0xFE, 0x69, 0xFE, 0x69, 0xFE,
	0x69, 0xFE, 0x69, 0xFE, 0x69, 0xFE, 0x69, 0xFE, 0x69, 0xFE, 0x69, 0xFE, 0x6A, 0xFE, 0x6A, 0xFE,
	0x6A, 0xFE, 0x6A, 0xFE, 0x6A, 0xFE, 0x6A, 0xFE, 0x6A, 0xFE, 0x6A, 0xFE, 0x6A, 0xFE, 0xEE, 0x01,
	0xEE, 0x01, 0xEE, 0x01, 0xEE, 0x01, 0xEE, 0x01, 0xED, 0x01, 0xED, 0x01, 0xED, 0x01, 0xED, 0x01,
	0xED, 0x01, 0xED, 0x01, 0xED, 0x01, 0xED, 0x01, 0xED, 0x01, 0xED, 0x01, 0xED, 0x01, 0xED, 0x01,
	0xED, 0x01, 0xED, 0x01, 0xED, 0x01, 0xED, 0x01, 0xEC, 0x01, 0xEC, 0x01, 0xEC, 0x01, 0xEC, 0x01,
	0xEC, 0x01, 0xEC, 0x01, 0xEC, 0x01, 0xEC, 0x01, 0xEC, 0x01, 0xEC, 0x01, 0xEC, 0x01, 0xEC, 0x01,
	0xEC, 0x01, 0x67, 0xF6, 0x67, 0xF6, 0x68, 0xF6, 0x68, 0xF6, 0x68, 0xF6, 0x69, 0xF6, 0x69, 0xF6,
	0x69, 0xF6, 0x6A, 0xF6, 0x6A, 0xF6, 0x6A, 0xF6, 0x6B, 0xF6, 0x6B, 0xF6, 0x6B, 0xF6, 0x6C, 0xF6,
	0x6C, 0xF6, 0x6C, 0xF6, 0x6C, 0xF6, 0x6D, 0xF6, 0x6D, 0xF6, 0x6D, 0xF6, 0x6E, 0xF6, 0x6E, 0xF6,
	0x6E, 0xF6, 0x6F, 0xF6, 0x6F, 0xF6, 0x6F, 0xF6, 0x70, 0xF6, 0x70, 0xF6, 0x70, 0xF6, 0x71, 0xF6,
	0x71, 0xF6, 0x2D, 0xF6, 0x2E, 0xF6, 0x24, 0xF6, 0x25, 0xF6, 0x25, 0xF6, 0x25, 0xF6, 0x26, 0xF6,
	0x26, 0xF6, 0x26, 0xF6, 0x27, 0xF6, 0x27, 0xF6, 0x27, 0xF6, 0x28, 0xF6, 0x28, 0xF6, 0x28, 0xF6,
	0x29, 0xF6, 0x29, 0xF6, 0x29, 0xF6, 0x2A, 0xF6, 0x2A, 0xF6, 0x2A, 0xF6, 0x2B, 0xF6, 0x2B, 0xF6,
	0x2B, 0xF6, 0x2C, 0xF6, 0x2C, 0xF6, 0x2C, 0xF6, 0x2D, 0xF6, 0x2D, 0xF6, 0x2D, 0xF6, 0x2E, 0xF6,
	0x2E, 0xF6, 0x2E, 0xF6, 0x2F, 0xF6, 0x21, 0xFC, 0x21, 0xFC, 0x21, 0xFC, 0x22, 0xFC, 0x22, 0xFC,
	0x22, 0xFC, 0x22, 0xFC, 0x22, 0xFC, 0x22, 0xFC, 0x22, 0xFC, 0x22, 0xFC, 0x23, 0xFC, 0x23, 0xFC,
	0x23, 0xFC, 0x23, 0xFC, 0x23, 0xFC, 0x23, 0xFC, 0x23, 0xFC, 0x23, 0xFC, 0x24, 0xFC, 0x24, 0xFC,
	0x24, 0xFC, 0x24, 0xFC, 0x24, 0xFC, 0x24, 0xFC, 0x24, 0xFC, 0x25, 0xFC, 0x25, 0xFC, 0x25, 0xFC,
	0x25, 0xFC, 0x25, 0xFC, 0x25, 0xFC, 0x25, 0xFC, 0x25, 0xFC, 0x26, 0xFC, 0x26, 0xFC, 0x26, 0xFC,
	0x26, 0xFC, 0x19, 0x0D, 0x19, 0x0D, 0x18, 0x0D, 0x18, 0x0D, 0x17, 0x0D, 0x17, 0x0D, 0x16, 0x0D,
	0x16, 0x0D, 0x15, 0x0D, 0x15, 0x0D, 0x15, 0x0D, 0x14, 0x0D, 0x14, 0x0D, 0x13, 0x0D, 0x13, 0x0D,
	0x12, 0x0D, 0x12, 0x0D, 0x11, 0x0D, 0x11, 0x0D, 0x11, 0x0D, 0x10, 0x0D, 0x10, 0x0D, 0x0F, 0x0D,
	0x0F, 0x0D, 0x0E, 0x0D, 0x0E, 0x0D, 0x0D, 0x0D, 0x0D, 0x0D, 0x0D, 0x0D, 0x0C, 0x0D, 0x0C, 0x0D,
	0x0B, 0x0D, 0x0B, 0x0D, 0x0A, 0x0D, 0x0A, 0x0D, 0x09, 0x0D, 0x09, 0x0D, 0x09, 0x0D, 0xE1, 0xF5,
	0xE2, 0xF5, 0xE2, 0xF5, 0xE2, 0xF5, 0xE3, 0xF5, 0xE3, 0xF5, 0xE3, 0xF5, 0xE4, 0xF5, 0xE4, 0xF5,
	0xE4, 0xF5, 0xE5, 0xF5, 0xE5, 0xF5, 0xE5, 0xF5, 0xE6, 0xF5, 0xE6, 0xF5, 0xE6, 0xF5, 0xE7, 0xF5,
	0xE7, 0xF5, 0xE8, 0xF5, 0xE8, 0xF5, 0xE8, 0xF5, 0xE9, 0xF5, 0xE9, 0xF5, 0xE9, 0xF5, 0xEA, 0xF5,
	0xEA, 0xF5, 0xEA, 0xF5, 0xEB, 0xF5, 0xEB, 0xF5, 0xEB, 0xF5, 0xEC, 0xF5, 0xEC, 0xF5, 0xEC, 0xF5,
	0xED, 0xF5, 0xED, 0xF5, 0xED, 0xF5, 0xEE, 0xF5, 0xEE, 0xF5, 0x62, 0xF2, 0x63, 0xF2, 0x63, 0xF2,
	0x64, 0xF2, 0x64, 0xF2, 0x64, 0xF2, 0x65, 0xF2, 0x65, 0xF2, 0x66, 0xF2, 0x66, 0xF2, 0x67, 0xF2,
	0x67, 0xF2, 0x68, 0xF2, 0x68, 0xF2, 0x69, 0xF2, 0x69, 0xF2, 0x6A, 0xF2, 0x6A, 0xF2, 0x6B, 0xF2,
	0x6B, 0xF2, 0x6B, 0xF2, 0x6C, 0xF2, 0x6C, 0xF2, 0x6D, 0xF2, 0x6D, 0xF2, 0x6E, 0xF2, 0x6E, 0xF2,
	0x6F, 0xF2, 0x6F, 0xF2, 0x70, 0xF2, 0x70, 0xF2, 0x71, 0xF2, 0x71, 0xF2, 0x72, 0xF2, 0x72, 0xF2,
	0x72, 0xF2, 0x73, 0xF2, 0x73, 0xF2, 0x4F, 0x0C, 0x4E, 0x0C, 0x4E, 0x0C, 0x4E, 0x0C, 0x4D, 0x0C,
	0x4D, 0x0C, 0x4C, 0x0C, 0x4C, 0x0C, 0x4B, 0x0C, 0x4B, 0x0C, 0x4B, 0x0C, 0x4A, 0x0C, 0x4A, 0x0C,
	0x49, 0x0C, 0x49, 0x0C, 0x48, 0x0C, 0x48, 0x0C, 0x48, 0x0C, 0x47, 0x0C, 0x47, 0x0C, 0x46, 0x0C,
	0x46, 0x0C, 0x46, 0x0C, 0x45, 0x0C, 0x45, 0x0C, 0x44, 0x0C, 0x44, 0x0C, 0x43, 0x0C, 0x43, 0x0C,
	0x43, 0x0C, 0x42, 0x0C, 0x42, 0x0C, 0x41, 0x0C, 0x41, 0x0C, 0x40, 0x0C, 0x40, 0x0C, 0xBE, 0xFA,
	0xBF, 0xFA, 0xBF, 0xFA, 0xBF, 0xFA, 0xBF, 0xFA, 0xBF, 0xFA, 0xBF, 0xFA, 0xC0, 0xFA, 0xC0, 0xFA,
	0xC0, 0xFA, 0xC0, 0xFA, 0xC0, 0xFA, 0xC1, 0xFA, 0xC1, 0xFA, 0xC1, 0xFA, 0xC1, 0xFA, 0xC1, 0xFA,
	0xC1, 0xFA, 0xC2, 0xFA, 0xC2, 0xFA, 0xC2, 0xFA, 0xC2, 0xFA, 0xC2, 0xFA, 0xC3, 0xFA, 0xC3, 0xFA,
	0xC3, 0xFA, 0xC3, 0xFA, 0xC3, 0xFA, 0xC3, 0xFA, 0xC4, 0xFA, 0xC4, 0xFA, 0xC4, 0xFA, 0xC4, 0xFA,
	0xC4, 0xFA, 0xC5, 0xFA, 0xC5, 0xFA, 0xC7, 0xF6, 0xC7, 0xF6, 0x62, 0xF4, 0x62, 0xF4, 0x63, 0xF4,
	0x63, 0xF4, 0x64, 0xF4, 0x64, 0xF4, 0x64, 0xF4, 0x65, 0xF4, 0x65, 0xF4, 0x66, 0xF4, 0x66, 0xF4,
	0x66, 0xF4, 0x67, 0xF4, 0x67, 0xF4, 0x68, 0xF4, 0x68, 0xF4, 0x68, 0xF4, 0x69, 0xF4, 0x69, 0xF4,
	0x6A, 0xF4, 0x6A, 0xF4, 0x6A, 0xF4, 0x6B, 0xF4, 0x6B, 0xF4, 0x6C, 0xF4, 0x6C, 0xF4, 0x6C, 0xF4,
	0x6D, 0xF4, 0x6D, 0xF4, 0x6E, 0xF4, 0x6E, 0xF4, 0x6E, 0xF4, 0x6F, 0xF4, 0x6F, 0xF4, 0x0B, 0x01,
	0x0B, 0x01, 0xA6, 0x0D, 0xA5, 0x0D, 0xA5, 0x0D, 0xA4, 0x0D, 0xA4, 0x0D, 0xA3, 0x0D, 0xA3, 0x0D,
	0xA2, 0x0D, 0xA2, 0x0D, 0xA2, 0x0D, 0xA1, 0x0D, 0xA1, 0x0D, 0xA0, 0x0D, 0xA0, 0x0D, 0x9F, 0x0D,
	0x9F, 0x0D, 0x9E, 0x0D, 0x9E, 0x0D, 0x9D, 0x0D, 0x9D, 0x0D, 0x9C, 0x0D, 0x9C, 0x0D, 0x9B, 0x0D,
	0x9B, 0x0D, 0x9A, 0x0D, 0x9A, 0x0D, 0x99, 0x0D, 0x99, 0x0D, 0x98, 0x0D, 0x98, 0x0D, 0x97, 0x0D,
	0x97, 0x0D, 0x97, 0x0D, 0x96, 0x0D, 0xDA, 0x05, 0xDA, 0x05, 0x46, 0x03, 0x46, 0x03, 0x46, 0x03,
	0x46, 0x03, 0x46, 0x03, 0x46, 0x03, 0x46, 0x03, 0x46, 0x03, 0x45, 0x03, 0x45, 0x03, 0x45, 0x03,
	0x45, 0x03, 0x45, 0x03, 0x45, 0x03, 0x45, 0x03, 0x45, 0x03, 0x45, 0x03, 0x44, 0x03, 0x44, 0x03,
	0x44, 0x03, 0x44, 0x03, 0x44, 0x03, 0x44, 0x03, 0x44, 0x03, 0x44, 0x03, 0x44, 0x03, 0x43, 0x03,
	0x43, 0x03, 0x43, 0x03, 0x43, 0x03, 0x43, 0x03, 0x43, 0x03, 0x43, 0x03, 0x43, 0x03, 0xDC, 0xFD,
	0xDC, 0xFD, 0xDC, 0xFD, 0xDC, 0xFD, 0xDD, 0xFD, 0xDD, 0xFD, 0xDD, 0xFD, 0xDD, 0xFD, 0xDD, 0xFD,
	0xDD, 0xFD, 0xDD, 0xFD, 0xDD, 0xFD, 0xDD, 0xFD, 0xDD, 0xFD, 0xDD, 0xFD, 0xDD, 0xFD, 0xDD, 0xFD,
	0xDE, 0xFD, 0xDE, 0xFD, 0xDE, 0xFD, 0xDE, 0xFD, 0xDE, 0xFD, 0xDE, 0xFD, 0xDE, 0xFD, 0xDE, 0xFD,
	0xDE, 0xFD, 0xDE, 0xFD, 0xDE, 0xFD, 0xDE, 0xFD, 0xDE, 0xFD, 0xDF, 0xFD, 0xDF, 0xFD, 0xDF, 0xFD,
	0xDF, 0xFD, 0x34, 0x02, 0x34, 0x02, 0x6C, 0x09, 0x6B, 0x09, 0x6B, 0x09, 0x6B, 0x09, 0x6A, 0x09,
	0x6A, 0x09, 0x6A, 0x09, 0x69, 0x09, 0x69, 0x09, 0x69, 0x09, 0x68, 0x09, 0x68, 0x09, 0x68, 0x09,
	0x67, 0x09, 0x67, 0x09, 0x67, 0x09, 0x66, 0x09, 0x66, 0x09, 0x66, 0x09, 0x65, 0x09, 0x65, 0x09,
	0x65, 0x09, 0x64, 0x09, 0x64, 0x09, 0x64, 0x09, 0x63, 0x09, 0x63, 0x09, 0x63, 0x09, 0x62, 0x09,
	0x62, 0x09, 0x62, 0x09, 0x61, 0x09, 0x61, 0x09, 0x61, 0x09, 0x27, 0xFC, 0x28, 0xFC, 0x28, 0xFC,
	0x28, 0xFC, 0x28, 0xFC, 0x28, 0xFC, 0x28, 0xFC, 0x28, 0xFC, 0x29, 0xFC, 0x29, 0xFC, 0x29, 0xFC,
	0x29, 0xFC, 0x29, 0xFC, 0x29, 0xFC, 0x29, 0xFC, 0x2A, 0xFC, 0x2A, 0xFC, 0x2A, 0xFC, 0x2A, 0xFC,
	0x2A, 0xFC, 0x2A, 0xFC, 0x2A, 0xFC, 0x2A, 0xFC, 0x2B, 0xFC, 0x2B, 0xFC, 0x2B, 0xFC, 0x2B, 0xFC,
	0x2B, 0xFC, 0x2B, 0xFC, 0x2B, 0xFC, 0x2C, 0xFC, 0x2C, 0xFC, 0x2C, 0xFC, 0x2C, 0xFC, 0x3B, 0xF7,
	0x3B, 0xF7, 0x3C, 0xF7, 0x3C, 0xF7, 0x3C, 0xF7, 0x3D, 0xF7, 0x3D, 0xF7, 0x3D, 0xF7, 0x3D, 0xF7,
	0x3E, 0xF7, 0x3E, 0xF7, 0x3E, 0xF7, 0x3F, 0xF7, 0x3F, 0xF7, 0x3F, 0xF7, 0x40, 0xF7, 0x40, 0xF7,
	0x40, 0xF7, 0x41, 0xF7, 0x41, 0xF7, 0x41, 0xF7, 0x42, 0xF7, 0x42, 0xF7, 0x42, 0xF7, 0x42, 0xF7,
	0x43, 0xF7, 0x43, 0xF7, 0x43, 0xF7, 0x44, 0xF7, 0x44, 0xF7, 0x44, 0xF7, 0x45, 0xF7, 0x45, 0xF7,
	0x45, 0xF7, 0x11, 0x0D, 0x11, 0x0D, 0x10, 0x0D, 0x10, 0x0D, 0x0F, 0x0D, 0x0F, 0x0D, 0x0E, 0x0D,
	0x0E, 0x0D, 0x0D, 0x0D, 0x0D, 0x0D, 0x0C, 0x0D, 0x0C, 0x0D, 0x0B, 0x0D, 0x0B, 0x0D, 0x0B, 0x0D,
	0x0A, 0x0D, 0x0A, 0x0D, 0x09, 0x0D, 0x09, 0x0D, 0x08, 0x0D, 0x08, 0x0D, 0x07, 0x0D, 0x07, 0x0D,
	0x06, 0x0D, 0x06, 0x0D, 0x05, 0x0D, 0x05, 0x0D, 0x04, 0x0D, 0x04, 0x0D, 0x03, 0x0D, 0x03, 0x0D,
	0x03, 0x0D, 0x02, 0x0D, 0x02, 0x0D, 0x35, 0x03, 0x34, 0x03, 0x34, 0x03, 0x34, 0x03, 0x34, 0x03,
	0x34, 0x03, 0x34, 0x03, 0x34, 0x03, 0x34, 0x03, 0x34, 0x03, 0x33, 0x03, 0x33, 0x03, 0x33, 0x03,
	0x33, 0x03, 0x33, 0x03, 0x33, 0x03, 0x33, 0x03, 0x33, 0x03, 0x32, 0x03, 0x32, 0x03, 0x32, 0x03,
	0x32, 0x03, 0x32, 0x03, 0x32, 0x03, 0x32, 0x03, 0x32, 0x03, 0x32, 0x03, 0x31, 0x03, 0x31, 0x03,
	0x31, 0x03, 0x31, 0x03, 0x31, 0x03, 0xE5, 0xF8, 0xE5, 0xF8, 0xB9, 0xF2, 0xB9, 0xF2, 0xBA, 0xF2,
	0xBA, 0xF2, 0xBB, 0xF2, 0xBB, 0xF2, 0xBC, 0xF2, 0xBC, 0xF2, 0xBD, 0xF2, 0xBD, 0xF2, 0xBE, 0xF2,
	0xBE, 0xF2, 0xBF, 0xF2, 0xBF, 0xF2, 0xC0, 0xF2, 0xC0, 0xF2, 0xC1, 0xF2, 0xC1, 0xF2, 0xC2, 0xF2,
	0xC2, 0xF2, 0xC2, 0xF2, 0xC3, 0xF2, 0xC3, 0xF2, 0xC4, 0xF2, 0xC4, 0xF2, 0xC5, 0xF2, 0xC5, 0xF2,
	0xC6, 0xF2, 0xC6, 0xF2, 0xC7, 0xF2, 0xC7, 0xF2, 0xC8, 0xF2, 0x13, 0x05, 0x13, 0x05, 0x13, 0x05,
	0x12, 0x05, 0x12, 0x05, 0x12, 0x05, 0x12, 0x05, 0x12, 0x05, 0x11, 0x05, 0x11, 0x05, 0x11, 0x05,
	0x11, 0x05, 0x11, 0x05, 0x11, 0x05, 0x10, 0x05, 0x10, 0x05, 0x10, 0x05, 0x10, 0x05, 0x10, 0x05,
	0x0F, 0x05, 0x0F, 0x05, 0x0F, 0x05, 0x0F, 0x05, 0x0F, 0x05, 0x0F, 0x05, 0x0E, 0x05, 0x0E, 0x05,
	0x0E, 0x05, 0x0E, 0x05, 0x0E, 0x05, 0x0D, 0x05, 0x0D, 0x05, 0x81, 0xF6, 0x82, 0xF6, 0x82, 0xF6,
	0x82, 0xF6, 0x83, 0xF6, 0x83, 0xF6, 0x83, 0xF6, 0x84, 0xF6, 0x84, 0xF6, 0x84, 0xF6, 0x85, 0xF6,
	0x85, 0xF6, 0x85, 0xF6, 0x86, 0xF6, 0x86, 0xF6, 0x86, 0xF6, 0x87, 0xF6, 0x87, 0xF6, 0x87, 0xF6,
	0x88, 0xF6, 0x88, 0xF6, 0x88, 0xF6, 0x89, 0xF6, 0x89, 0xF6, 0x8A, 0xF6, 0x8A, 0xF6, 0x8A, 0xF6,
	0x8B, 0xF6, 0x8B, 0xF6, 0x8B, 0xF6, 0x8C, 0xF6, 0x8C, 0xF6, 0x8F, 0x08, 0x8E, 0x08, 0x8E, 0x0E,
	0x8E, 0x0E, 0x8D, 0x0E, 0x8D, 0x0E, 0x8C, 0x0E, 0x8C, 0x0E, 0x8B, 0x0E, 0x8A, 0x0E, 0x8A, 0x0E,
	0x89, 0x0E, 0x89, 0x0E, 0x88, 0x0E, 0x88, 0x0E, 0x87, 0x0E, 0x87, 0x0E, 0x86, 0x0E, 0x86, 0x0E,
	0x85, 0x0E, 0x85, 0x0E, 0x84, 0x0E, 0x83, 0x0E, 0x83, 0x0E, 0x82, 0x0E, 0x82, 0x0E, 0x81, 0x0E,
	0x81, 0x0E, 0x80, 0x0E, 0x80, 0x0E, 0x7F, 0x0E, 0x7F, 0x0E, 0x33, 0x0A, 0x33, 0x0A, 0xC4, 0x08,
	0xC4, 0x08, 0xC4, 0x08, 0xC3, 0x08, 0xC3, 0x08, 0xC3, 0x08, 0xC2, 0x08, 0xC2, 0x08, 0xC2, 0x08,
	0xC1, 0x08, 0xC1, 0x08, 0xC1, 0x08, 0xC0, 0x08, 0xC0, 0x08, 0xC0, 0x08, 0xBF, 0x08, 0xBF, 0x08,
	0xBF, 0x08, 0xBE, 0x08, 0xBE, 0x08, 0xBE, 0x08, 0xBD, 0x08, 0xBD, 0x08, 0xBD, 0x08, 0xBC, 0x08,
	0xBC, 0x08, 0xBC, 0x08, 0xBB, 0x08, 0xBB, 0x08, 0xBB, 0x08, 0x49, 0xFE, 0x49, 0xFE, 0xCB, 0xFC,
	0xCB, 0xFC, 0xCB, 0xFC, 0xCB, 0xFC, 0xCB, 0xFC, 0xCB, 0xFC, 0xCB, 0xFC, 0xCC, 0xFC, 0xCC, 0xFC,
	0xCC, 0xFC, 0xCC, 0xFC, 0xCC, 0xFC, 0xCC, 0xFC, 0xCC, 0xFC, 0xCC, 0xFC, 0xCD, 0xFC, 0xCD, 0xFC,
	0xCD, 0xFC, 0xCD, 0xFC, 0xCD, 0xFC, 0xCD, 0xFC, 0xCD, 0xFC, 0xCD, 0xFC, 0xCE, 0xFC, 0xCE, 0xFC,
	0xCE, 0xFC, 0xCE, 0xFC, 0xCE, 0xFC, 0xCE, 0xFC, 0xCE, 0xFC, 0x33, 0xFA, 0x33, 0xFA, 0x34, 0xFA,
	0x34, 0xFA, 0x34, 0xFA, 0x34, 0xFA, 0x34, 0xFA, 0x35, 0xFA, 0x35, 0xFA, 0x35, 0xFA, 0x35, 0xFA,
	0x36, 0xFA, 0x36, 0xFA, 0x36, 0xFA, 0x36, 0xFA, 0x36, 0xFA, 0x37, 0xFA, 0x37, 0xFA, 0x37, 0xFA,
	0x37, 0xFA, 0x38, 0xFA, 0x38, 0xFA, 0x38, 0xFA, 0x38, 0xFA, 0x38, 0xFA, 0x39, 0xFA, 0x39, 0xFA,
	0x39, 0xFA, 0x39, 0xFA, 0x39, 0xFA, 0xD2, 0xFC, 0xD2, 0xFC, 0x24, 0x01, 0x24, 0x01, 0x24, 0x01,
	0x24, 0x01, 0x24, 0x01, 0x24, 0x01, 0x24, 0x01, 0x24, 0x01, 0x24, 0x01, 0x24, 0x01, 0x24, 0x01,
	0x24, 0x01, 0x24, 0x01, 0x24, 0x01, 0x24, 0x01, 0x24, 0x01, 0x24, 0x01, 0x24, 0x01, 0x24, 0x01,
	0x24, 0x01, 0x23, 0x01, 0x23, 0x01, 0x23, 0x01, 0x23, 0x01, 0x23, 0x01, 0x23, 0x01, 0x23, 0x01,
	0x23, 0x01, 0x23, 0x01, 0x23, 0x01, 0x16, 0x0B, 0x15, 0x0B, 0x15, 0x0B, 0x14, 0x0B, 0x14, 0x0B,
	0x14, 0x0B, 0x13, 0x0B, 0x13, 0x0B, 0x12, 0x0B, 0x12, 0x0B, 0x12, 0x0B, 0x11, 0x0B, 0x11, 0x0B,
	0x10, 0x0B, 0x10, 0x0B, 0x0F, 0x0B, 0x0F, 0x0B, 0x0F, 0x0B, 0x0E, 0x0B, 0x0E, 0x0B, 0x0D, 0x0B,
	0x0D, 0x0B, 0x0C, 0x0B, 0x0C, 0x0B, 0x0C, 0x0B, 0x0B, 0x0B, 0x0B, 0x0B, 0x0A, 0x0B, 0x0A, 0x0B,
	0x0A, 0x0B, 0x81, 0xFB, 0x82, 0xFB, 0x4A, 0xF9, 0x4A, 0xF9, 0x4A, 0xF9, 0x4B, 0xF9, 0x4B, 0xF9,
	0x4B, 0xF9, 0x4B, 0xF9, 0x4C, 0xF9, 0x4C, 0xF9, 0x4C, 0xF9, 0x4C, 0xF9, 0x4D, 0xF9, 0x4D, 0xF9,
	0x4D, 0xF9, 0x4D, 0xF9, 0x4E, 0xF9, 0x4E, 0xF9, 0x4E, 0xF9, 0x4E, 0xF9, 0x4F, 0xF9, 0x4F, 0xF9,
	0x4F, 0xF9, 0x50, 0xF9, 0x50, 0xF9, 0x50, 0xF9, 0x50, 0xF9, 0x51, 0xF9, 0x51, 0xF9, 0x51, 0xFB,
	0x51, 0xFB, 0x50, 0xFD, 0x51, 0xFD, 0x51, 0xFD, 0x51, 0xFD, 0x51, 0xFD, 0x51, 0xFD, 0x51, 0xFD,
	0x51, 0xFD, 0x51, 0xFD, 0x51, 0xFD, 0x52, 0xFD, 0x52, 0xFD, 0x52, 0xFD, 0x52, 0xFD, 0x52, 0xFD,
	0x52, 0xFD, 0x52, 0xFD, 0x52, 0xFD, 0x52, 0xFD, 0x52, 0xFD, 0x53, 0xFD, 0x53, 0xFD, 0x53, 0xFD,
	0x53, 0xFD, 0x53, 0xFD, 0x53, 0xFD, 0x53, 0xFD, 0x53, 0xFD, 0x4C, 0xFF, 0x4C, 0xFF, 0x95, 0x02,
	0x95, 0x02, 0x95, 0x02, 0x95, 0x02, 0x95, 0x02, 0x95, 0x02, 0x95, 0x02, 0x94, 0x02, 0x94, 0x02,
	0x94, 0x02, 0x94, 0x02, 0x94, 0x02, 0x94, 0x02, 0x94, 0x02, 0x94, 0x02, 0x94, 0x02, 0x94, 0x02,
	0x93, 0x02, 0x93, 0x02, 0x93, 0x02, 0x93, 0x02, 0x93, 0x02, 0x93, 0x02, 0x93, 0x02, 0x93, 0x02,
	0x93, 0x02, 0x93, 0x02, 0x92, 0x02, 0x0C, 0x05, 0x0B, 0x05, 0x87, 0x06, 0x87, 0x06, 0x86, 0x06,
	0x86, 0x06, 0x86, 0x06, 0x86, 0x06, 0x85, 0x06, 0x85, 0x06, 0x85, 0x06, 0x85, 0x06, 0x84, 0x06,
	0x84, 0x06, 0x84, 0x06, 0x84, 0x06, 0x83, 0x06, 0x83, 0x06, 0x83, 0x06, 0x83, 0x06, 0x82, 0x06,
	0x82, 0x06, 0x82, 0x06, 0x82, 0x06, 0x81, 0x06, 0x81, 0x06, 0x81, 0x06, 0x81, 0x06, 0x80, 0x06,
	0x80, 0x06, 0x4D, 0x01, 0x4D, 0x01, 0x4D, 0x01, 0x4D, 0x01, 0x4D, 0x01, 0x4D, 0x01, 0x4D, 0x01,
	0x4D, 0x01, 0x4C, 0x01, 0x4C, 0x01, 0x4C, 0x01, 0x4C, 0x01, 0x4C, 0x01, 0x4C, 0x01, 0x4C, 0x01,
	0x4C, 0x01, 0x4C, 0x01, 0x4C, 0x01, 0x4C, 0x01, 0x4C, 0x01, 0x4C, 0x01, 0x4C, 0x01, 0x4C, 0x01,
	0x4C, 0x01, 0x4C, 0x01, 0x4C, 0x01, 0x4C, 0x01, 0x4C, 0x01, 0x4B, 0x01, 0x4B, 0x01, 0x0B, 0x04,
	0x0B, 0x04, 0x0B, 0x04, 0x0B, 0x04, 0x0B, 0x04, 0x0B, 0x04, 0x0A, 0x04, 0x0A, 0x04, 0x0A, 0x04,
	0x0A, 0x04, 0x0A, 0x04, 0x0A, 0x04, 0x0A, 0x04, 0x09, 0x04, 0x09, 0x04, 0x09, 0x04, 0x09, 0x04,
	0x09, 0x04, 0x09, 0x04, 0x08, 0x04, 0x08, 0x04, 0x08, 0x04, 0x08, 0x04, 0x08, 0x04, 0x08, 0x04,
	0x07, 0x04, 0x07, 0x04, 0x07, 0x04, 0x8A, 0x07, 0x89, 0x07, 0xB4, 0x08, 0xB4, 0x08, 0xB4, 0x08,
	0xB3, 0x08, 0xB3, 0x08, 0xB3, 0x08, 0xB2, 0x08, 0xB2, 0x08, 0xB2, 0x08, 0xB1, 0x08, 0xB1, 0x08,
	0xB1, 0x08, 0xB0, 0x08, 0xB0, 0x08, 0xB0, 0x08, 0xAF, 0x08, 0xAF, 0x08, 0xAF, 0x08, 0xAE, 0x08,
	0xAE, 0x08, 0xAE, 0x08, 0xAD, 0x08, 0xAD, 0x08, 0xAD, 0x08, 0xAC, 0x08, 0xAC, 0x08, 0xAC, 0x08,
	0xAB, 0x08, 0x74, 0xF4, 0x74, 0xF4, 0x75, 0xF4, 0x75, 0xF4, 0x76, 0xF4, 0x76, 0xF4, 0x77, 0xF4,
	0x77, 0xF4, 0x77, 0xF4, 0x78, 0xF4, 0x78, 0xF4, 0x79, 0xF4, 0x79, 0xF4, 0x7A, 0xF4, 0x7A, 0xF4,
	0x7B, 0xF4, 0x7B, 0xF4, 0x7C, 0xF4, 0x7C, 0xF4, 0x7C, 0xF4, 0x7D, 0xF4, 0x7D, 0xF4, 0x7E, 0xF4,
	0x7E, 0xF4, 0x7F, 0xF4, 0x7F, 0xF4, 0x80, 0xF4, 0x80, 0xF4, 0x30, 0x01, 0x30, 0x01, 0x30, 0x01,
	0x30, 0x01, 0x30, 0x01, 0x30, 0x01, 0x30, 0x01, 0x30, 0x01, 0x30, 0x01, 0x30, 0x01, 0x30, 0x01,
	0x30, 0x01, 0x30, 0x01, 0x30, 0x01, 0x2F, 0x01, 0x2F, 0x01, 0x2F, 0x01, 0x2F, 0x01, 0x2F, 0x01,
	0x2F, 0x01, 0x2F, 0x01, 0x2F, 0x01, 0x2F, 0x01, 0x2F, 0x01, 0x2F, 0x01, 0x2F, 0x01, 0x2F, 0x01,
	0x2F, 0x01, 0x2F, 0x01, 0x2F, 0x01, 0x2F, 0x01, 0x2F, 0x01, 0xA3, 0xFF, 0xA3, 0xFF, 0x00, 0xFB,
	0x00, 0xFB, 0x00, 0xFB, 0x01, 0xFB, 0x01, 0xFB, 0x01, 0xFB, 0x01, 0xFB, 0x01, 0xFB, 0x02, 0xFB,
	0x02, 0xFB, 0x02, 0xFB, 0x02, 0xFB, 0x02, 0xFB, 0x03, 0xFB, 0x03, 0xFB, 0x03, 0xFB, 0x03, 0xFB,
	0x03, 0xFB, 0x04, 0xFB, 0x04, 0xFB, 0x04, 0xFB, 0x04, 0xFB, 0x04, 0xFB, 0x05, 0xFB, 0x05, 0xFB,
	0x05, 0xFB, 0x05, 0xFB, 0x05, 0xFB, 0x06, 0xFB, 0x06, 0xFB, 0x06, 0xFB, 0x06, 0xFB, 0xC4, 0x05,
	0xC4, 0x05, 0xC3, 0x05, 0xC3, 0x05, 0xC3, 0x05, 0xC3, 0x05, 0xC2, 0x05, 0xC2, 0x05, 0xC2, 0x05,
	0xC2, 0x05, 0xC2, 0x05, 0xC1, 0x05, 0xC1, 0x05, 0xC1, 0x05, 0xC1, 0x05, 0xC0, 0x05, 0xC0, 0x05,
	0xC0, 0x05, 0xC0, 0x05, 0xBF, 0x05, 0xBF, 0x05, 0xBF, 0x05, 0xBF, 0x05, 0xBF, 0x05, 0xBE, 0x05,
	0xBE, 0x05, 0xBE, 0x05, 0xBE, 0x05, 0xBD, 0x05, 0xBD, 0x05, 0xBD, 0x05, 0xBD, 0x05, 0x5D, 0x0A,
	0x5D, 0x0A, 0x5C, 0x0A, 0x5C, 0x0A, 0x5C, 0x0A, 0x5B, 0x0A, 0x5B, 0x0A, 0x5A, 0x0A, 0x5A, 0x0A,
	0x5A, 0x0A, 0x59, 0x0A, 0x59, 0x0A, 0x58, 0x0A, 0x58, 0x0A, 0x58, 0x0A, 0x57, 0x0A, 0x57, 0x0A,
	0x56, 0x0A, 0x56, 0x0A, 0x55, 0x0A, 0x55, 0x0A, 0x55, 0x0A, 0x54, 0x0A, 0x54, 0x0A, 0x53, 0x0A,
	0x53, 0x0A, 0x53, 0x0A, 0x52, 0x0A, 0x52, 0x0A, 0x51, 0x0A, 0x51, 0x0A, 0x50, 0x0A, 0x85, 0xF8,
	0x85, 0xF8, 0x85, 0xF8, 0x86, 0xF8, 0x86, 0xF8, 0x86, 0xF8, 0x87, 0xF8, 0x87, 0xF8, 0x87, 0xF8,
	0x88, 0xF8, 0x88, 0xF8, 0x88, 0xF8, 0x88, 0xF8, 0x89, 0xF8, 0x89, 0xF8, 0x89, 0xF8, 0x8A, 0xF8,
	0x8A, 0xF8, 0x8A, 0xF8, 0x8B, 0xF8, 0x8B, 0xF8, 0x8B, 0xF8, 0x8B, 0xF8, 0x8C, 0xF8, 0x8C, 0xF8,
	0x8C, 0xF8, 0x8D, 0xF8, 0x8D, 0xF8, 0x8D, 0xF8, 0x8E, 0xF8, 0x8E, 0xF8, 0x8E, 0xF8, 0x5D, 0x0C,
	0x5D, 0x0C, 0x5C, 0x0C, 0x5C, 0x0C, 0x5B, 0x0C, 0x5B, 0x0C, 0x5A, 0x0C, 0x5A, 0x0C, 0x59, 0x0C,
	0x59, 0x0C, 0x58, 0x0C, 0x58, 0x0C, 0x57, 0x0C, 0x57, 0x0C, 0x56, 0x0C, 0x56, 0x0C, 0x55, 0x0C,
	0x55, 0x0C, 0x54, 0x0C, 0x54, 0x0C, 0x53, 0x0C, 0x53, 0x0C, 0x52, 0x0C, 0x52, 0x0C, 0x51, 0x0C,
	0x51, 0x0C, 0x50, 0x0C, 0x50, 0x0C, 0x4F, 0x0C, 0x4F, 0x0C, 0x94, 0x0A, 0x93, 0x0A, 0xB1, 0x07,
	0xB1, 0x07, 0xB1, 0x07, 0xB0, 0x07, 0xB0, 0x07, 0xB0, 0x07, 0xAF, 0x07, 0xAF, 0x07, 0xAF, 0x07,
	0xAF, 0x07, 0xAE, 0x07, 0xAE, 0x07, 0xAE, 0x07, 0xAD, 0x07, 0xAD, 0x07, 0xAD, 0x07, 0xAC, 0x07,
	0xAC, 0x07, 0xAC, 0x07, 0xAB, 0x07, 0xAB, 0x07, 0xAB, 0x07, 0xAB, 0x07, 0xAA, 0x07, 0xAA, 0x07,
	0xAA, 0x07, 0xA9, 0x07, 0xA9, 0x07, 0xA9, 0x07, 0xA8, 0x07, 0x94, 0xFB, 0x94, 0xFB, 0x94, 0xFB,
	0x94, 0xFB, 0x94, 0xFB, 0x94, 0xFB, 0x95, 0xFB, 0x95, 0xFB, 0x95, 0xFB, 0x95, 0xFB, 0x95, 0xFB,
	0x96, 0xFB, 0x96, 0xFB, 0x96, 0xFB, 0x96, 0xFB, 0x96, 0xFB, 0x96, 0xFB, 0x97, 0xFB, 0x97, 0xFB,
	0x97, 0xFB, 0x97, 0xFB, 0x97, 0xFB, 0x97, 0xFB, 0x98, 0xFB, 0x98, 0xFB, 0x98, 0xFB, 0x98, 0xFB,
	0x98, 0xFB, 0x99, 0xFB, 0x99, 0xFB, 0xCE, 0xFF, 0xCE, 0xFF, 0x53, 0x02, 0x53, 0x02, 0x53, 0x02,
	0x53, 0x02, 0x53, 0x02, 0x53, 0x02, 0x53, 0x02, 0x53, 0x02, 0x53, 0x02, 0x53, 0x02, 0x52, 0x02,
	0x52, 0x02, 0x52, 0x02, 0x52, 0x02, 0x52, 0x02, 0x52, 0x02, 0x52, 0x02, 0x52, 0x02, 0x52, 0x02,
	0x52, 0x02, 0x51, 0x02, 0x51, 0x02, 0x51, 0x02, 0x51, 0x02, 0x51, 0x02, 0x51, 0x02, 0x51, 0x02,
	0x51, 0x02, 0xC3, 0x01, 0xC3, 0x01, 0xE5, 0xFD, 0xE5, 0xFD, 0xE5, 0xFD, 0xE5, 0xFD, 0xE5, 0xFD,
	0xE5, 0xFD, 0xE5, 0xFD, 0xE5, 0xFD, 0xE6, 0xFD, 0xE6, 0xFD, 0xE6, 0xFD, 0xE6, 0xFD, 0xE6, 0xFD,
	0xE6, 0xFD, 0xE6, 0xFD, 0xE6, 0xFD, 0xE6, 0xFD, 0xE6, 0xFD, 0xE6, 0xFD, 0xE7, 0xFD, 0xE7, 0xFD,
	0xE7, 0xFD, 0xE7, 0xFD, 0xE7, 0xFD, 0xE7, 0xFD, 0xE7, 0xFD, 0xE7, 0xFD, 0xE7, 0xFD, 0xE7, 0xFD,
	0xE7, 0xFD, 0x0E, 0xF8, 0x0E, 0xF8, 0x0E, 0xF8, 0x0F, 0xF8, 0x0F, 0xF8, 0x0F, 0xF8, 0x10, 0xF8,
	0x10, 0xF8, 0x10, 0xF8, 0x11, 0xF8, 0x11, 0xF8, 0x11, 0xF8, 0x11, 0xF8, 0x12, 0xF8, 0x12, 0xF8,
	0x12, 0xF8, 0x13, 0xF8, 0x13, 0xF8, 0x13, 0xF8, 0x14, 0xF8, 0x14, 0xF8, 0x14, 0xF8, 0x15, 0xF8,
	0x15, 0xF8, 0x15, 0xF8, 0x16, 0xF8, 0x16, 0xF8, 0x16, 0xF8, 0x17, 0xF8, 0x17, 0xF8, 0xC7, 0xF8,
	0xC7, 0xF8, 0xC7, 0xF8, 0xC7, 0xF8, 0xC8, 0xF8, 0xC8, 0xF8, 0xC8, 0xF8, 0xC9, 0xF8, 0xC9, 0xF8,
	0xC9, 0xF8, 0xCA, 0xF8, 0xCA, 0xF8, 0xCA, 0xF8, 0xCA, 0xF8, 0xCB, 0xF8, 0xCB, 0xF8, 0xCB, 0xF8,
	0xCC, 0xF8, 0xCC, 0xF8, 0xCC, 0xF8, 0xCD, 0xF8, 0xCD, 0xF8, 0xCD, 0xF8, 0xCD, 0xF8, 0xCE, 0xF8,
	0xCE, 0xF8, 0xCE, 0xF8, 0xCF, 0xF8, 0x4A, 0xFA, 0x4A, 0xFA, 0xBB, 0xFE, 0xBB, 0xFE, 0xBB, 0xFE,
	0xBB, 0xFE, 0xBC, 0xFE, 0xBC, 0xFE, 0xBC, 0xFE, 0xBC, 0xFE, 0xBC, 0xFE, 0xBC, 0xFE, 0xBC, 0xFE,
	0xBC, 0xFE, 0xBC, 0xFE, 0xBC, 0xFE, 0xBC, 0xFE, 0xBC, 0xFE, 0xBC, 0xFE, 0xBC, 0xFE, 0xBC, 0xFE,
	0xBC, 0xFE, 0xBC, 0xFE, 0xBC, 0xFE, 0xBC, 0xFE, 0xBD, 0xFE, 0xBD, 0xFE, 0xBD, 0xFE, 0xBD, 0xFE,
	0xBD, 0xFE, 0x40, 0xFD, 0x40, 0xFD, 0x09, 0xFD, 0x0A, 0xFD, 0x0A, 0xFD, 0x0A, 0xFD, 0x0A, 0xFD,
	0x0A, 0xFD, 0x0A, 0xFD, 0x0A, 0xFD, 0x0A, 0xFD, 0x0B, 0xFD, 0x0B, 0xFD, 0x0B, 0xFD, 0x0B, 0xFD,
	0x0B, 0xFD, 0x0B, 0xFD, 0x0B, 0xFD, 0x0B, 0xFD, 0x0C, 0xFD, 0x0C, 0xFD, 0x0C, 0xFD, 0x0C, 0xFD,
	0x0C, 0xFD, 0x0C, 0xFD, 0x0C, 0xFD, 0x0C, 0xFD, 0x0D, 0xFD, 0x0D, 0xFD, 0x0D, 0xFD, 0x6E, 0xF8,
	0x6E, 0xF8, 0x6E, 0xF8, 0x6F, 0xF8, 0x6F, 0xF8, 0x6F, 0xF8, 0x70, 0xF8, 0x70, 0xF8, 0x70, 0xF8,
	0x71, 0xF8, 0x71, 0xF8, 0x71, 0xF8, 0x72, 0xF8, 0x72, 0xF8, 0x72, 0xF8, 0x73, 0xF8, 0x73, 0xF8,
	0x73, 0xF8, 0x74, 0xF8, 0x74, 0xF8, 0x74, 0xF8, 0x75, 0xF8, 0x75, 0xF8, 0x75, 0xF8, 0x75, 0xF8,
	0x76, 0xF8, 0x76, 0xF8, 0x76, 0xF8, 0x8F, 0xF5, 0x90, 0xF5, 0x98, 0xF4, 0x99, 0xF4, 0x99, 0xF4,
	0x9A, 0xF4, 0x9A, 0xF4, 0x9B, 0xF4, 0x9B, 0xF4, 0x9C, 0xF4, 0x9C, 0xF4, 0x9D, 0xF4, 0x9D, 0xF4,
	0x9E, 0xF4, 0x9E, 0xF4, 0x9F, 0xF4, 0x9F, 0xF4, 0xA0, 0xF4, 0xA0, 0xF4, 0xA1, 0xF4, 0xA1, 0xF4,
	0xA2, 0xF4, 0xA2, 0xF4, 0xA3, 0xF4, 0xA3, 0xF4, 0xA4, 0xF4, 0xA4, 0xF4, 0xA5, 0xF4, 0xA5, 0xF4,
	0xA5, 0xF4, 0x9C, 0x04, 0x9C, 0x04, 0x9C, 0x04, 0x9C, 0x04, 0x9B, 0x04, 0x9B, 0x04, 0x9B, 0x04,
	0x9B, 0x04, 0x9B, 0x04, 0x9A, 0x04, 0x9A, 0x04, 0x9A, 0x04, 0x9A, 0x04, 0x9A, 0x04, 0x99, 0x04,
	0x99, 0x04, 0x99, 0x04, 0x99, 0x04, 0x99, 0x04, 0x98, 0x04, 0x98, 0x04, 0x98, 0x04, 0x98, 0x04,
	0x98, 0x04, 0x97, 0x04, 0x97, 0x04, 0x97, 0x04, 0x97, 0x04, 0xE5, 0x09, 0xE5, 0x09, 0xE4, 0x09,
	0xE4, 0x09, 0xE3, 0x09, 0xE3, 0x09, 0xE2, 0x09, 0xE2, 0x09, 0xE2, 0x09, 0xE1, 0x09, 0xE1, 0x09,
	0xE0, 0x09, 0xE0, 0x09, 0xE0, 0x09, 0xDF, 0x09, 0xDF, 0x09, 0xDE, 0x09, 0xDE, 0x09, 0xDD, 0x09,
	0xDD, 0x09, 0xDD, 0x09, 0xDC, 0x09, 0xDC, 0x09, 0xDB, 0x09, 0xDB, 0x09, 0xDA, 0x09, 0xDA, 0x09,
	0xDA, 0x09, 0xF6, 0x0B, 0xF6, 0x0B, 0xF5, 0x0B, 0xF5, 0x0B, 0xF4, 0x0B, 0xF4, 0x0B, 0xF3, 0x0B,
	0xF3, 0x0B, 0xF2, 0x0B, 0xF2, 0x0B, 0xF1, 0x0B, 0xF1, 0x0B, 0xF0, 0x0B, 0xF0, 0x0B, 0xEF, 0x0B,
	0xEF, 0x0B, 0xEE, 0x0B, 0xEE, 0x0B, 0xED, 0x0B, 0xED, 0x0B, 0xEC, 0x0B, 0xEC, 0x0B, 0xEB, 0x0B,
	0xEB, 0x0B, 0xEA, 0x0B, 0xEA, 0x0B, 0xE9, 0x0B, 0xE9, 0x0B, 0xFA, 0x04, 0xFA, 0x04, 0xFA, 0x04,
	0xF9, 0x04, 0xF9, 0x04, 0xF9, 0x04, 0xF9, 0x04, 0xF9, 0x04, 0xF8, 0x04, 0xF8, 0x04, 0xF8, 0x04,
	0xF8, 0x04, 0xF8, 0x04, 0xF7, 0x04, 0xF7, 0x04, 0xF7, 0x04, 0xF7, 0x04, 0xF6, 0x04, 0xF6, 0x04,
	0xF6, 0x04, 0xF6, 0x04, 0xF6, 0x04, 0xF5, 0x04, 0xF5, 0x04, 0xF5, 0x04, 0xF5, 0x04, 0xF4, 0x04,
	0xF4, 0x04, 0x83, 0xFA, 0x83, 0xFA, 0x83, 0xFA, 0x84, 0xFA, 0x84, 0xFA, 0x84, 0xFA, 0x84, 0xFA,
	0x84, 0xFA, 0x85, 0xFA, 0x85, 0xFA, 0x85, 0xFA, 0x85, 0xFA, 0x86, 0xFA, 0x86, 0xFA, 0x86, 0xFA,
	0x86, 0xFA, 0x87, 0xFA, 0x87, 0xFA, 0x87, 0xFA, 0x87, 0xFA, 0x88, 0xFA, 0x88, 0xFA, 0x88, 0xFA,
	0x88, 0xFA, 0x89, 0xFA, 0x89, 0xFA, 0x76, 0xFA, 0x76, 0xFA, 0xF0, 0xF9, 0xF1, 0xF9, 0xF1, 0xF9,
	0xF1, 0xF9, 0xF2, 0xF9, 0xF2, 0xF9, 0xF2, 0xF9, 0xF2, 0xF9, 0xF3, 0xF9, 0xF3, 0xF9, 0xF3, 0xF9,
	0xF3, 0xF9, 0xF4, 0xF9, 0xF4, 0xF9, 0xF4, 0xF9, 0xF4, 0xF9, 0xF5, 0xF9, 0xF5, 0xF9, 0xF5, 0xF9,
	0xF6, 0xF9, 0xF6, 0xF9, 0xF6, 0xF9, 0xF6, 0xF9, 0xF7, 0xF9, 0xF7, 0xF9, 0xF7, 0xF9, 0xE3, 0xF5,
	0xE4, 0xF5, 0x4F, 0xF5, 0x50, 0xF5, 0x50, 0xF5, 0x51, 0xF5, 0x51, 0xF5, 0x52, 0xF5, 0x52, 0xF5,
	0x53, 0xF5, 0x53, 0xF5, 0x53, 0xF5, 0x54, 0xF5, 0x54, 0xF5, 0x55, 0xF5, 0x55, 0xF5, 0x56, 0xF5,
	0x56, 0xF5, 0x57, 0xF5, 0x57, 0xF5, 0x58, 0xF5, 0x58, 0xF5, 0x59, 0xF5, 0x59, 0xF5, 0x5A, 0xF5,
	0x5A, 0xF5, 0x5A, 0xF5, 0x5B, 0xF5, 0xA3, 0xFE, 0xA3, 0xFE, 0xA3, 0xFE, 0xA3, 0xFE, 0xA3, 0xFE,
	0xA3, 0xFE, 0xA3, 0xFE, 0xA3, 0xFE, 0xA3, 0xFE, 0xA3, 0xFE, 0xA3, 0xFE, 0xA4, 0xFE, 0xA4, 0xFE,
	0xA4, 0xFE, 0xA4, 0xFE, 0xA4, 0xFE, 0xA4, 0xFE, 0xA4, 0xFE, 0xA4, 0xFE, 0xA4, 0xFE, 0xA4, 0xFE,
	0xA4, 0xFE, 0xA4, 0xFE, 0xA4, 0xFE, 0xA4, 0xFE, 0xA4, 0xFE, 0xCB, 0xFF, 0xCB, 0xFF, 0xCB, 0xFF,
	0xCB, 0xFF, 0xCB, 0xFF, 0xCB, 0xFF, 0xCB, 0xFF, 0xCB, 0xFF, 0xCB, 0xFF, 0xCB, 0xFF, 0xCB, 0xFF,
	0xCB, 0xFF, 0xCB, 0xFF, 0xCB, 0xFF, 0xCB, 0xFF, 0xCB, 0xFF, 0xCB, 0xFF, 0xCB, 0xFF, 0xCB, 0xFF,
	0xCB, 0xFF, 0xCB, 0xFF, 0xCB, 0xFF, 0xCB, 0xFF, 0xCB, 0xFF, 0xCB, 0xFF, 0xCB, 0xFF, 0x31, 0xFD,
	0x31, 0xFD, 0x61, 0xF5, 0x62, 0xF5, 0x62, 0xF5, 0x63, 0xF5, 0x63, 0xF5, 0x64, 0xF5, 0x64, 0xF5,
	0x64, 0xF5, 0x65, 0xF5, 0x65, 0xF5, 0x66, 0xF5, 0x66, 0xF5, 0x67, 0xF5, 0x67, 0xF5, 0x68, 0xF5,
	0x68, 0xF5, 0x69, 0xF5, 0x69, 0xF5, 0x6A, 0xF5, 0x6A, 0xF5, 0x6B, 0xF5, 0x6B, 0xF5, 0x6C, 0xF5,
	0x6C, 0xF5, 0x6C, 0xF5, 0x6D, 0xF5, 0xDB, 0xF9, 0xDC, 0xF9, 0xDC, 0xF9, 0xDC, 0xF9, 0xDC, 0xF9,
	0xDD, 0xF9, 0xDD, 0xF9, 0xDD, 0xF9, 0xDD, 0xF9, 0xDE, 0xF9, 0xDE, 0xF9, 0xDE, 0xF9, 0xDF, 0xF9,
	0xDF, 0xF9, 0xDF, 0xF9, 0xDF, 0xF9, 0xE0, 0xF9, 0xE0, 0xF9, 0xE0, 0xF9, 0xE0, 0xF9, 0xE1, 0xF9,
	0xE1, 0xF9, 0xE1, 0xF9, 0xE2, 0xF9, 0xE2, 0xF9, 0xE2, 0xF9, 0xCC, 0xF8, 0xCC, 0xF8, 0xCD, 0xF8,
	0xCD, 0xF8, 0xCD, 0xF8, 0xCE, 0xF8, 0xCE, 0xF8, 0xCE, 0xF8, 0xCF, 0xF8, 0xCF, 0xF8, 0xCF, 0xF8,
	0xD0, 0xF8, 0xD0, 0xF8, 0xD0, 0xF8, 0xD1, 0xF8, 0xD1, 0xF8, 0xD1, 0xF8, 0xD2, 0xF8, 0xD2, 0xF8,
	0xD2, 0xF8, 0xD2, 0xF8, 0xD3, 0xF8, 0xD3, 0xF8, 0xD3, 0xF8, 0xD4, 0xF8, 0xD4, 0xF8, 0x54, 0x07,
	0x54, 0x07, 0x54, 0x07, 0x53, 0x07, 0x53, 0x07, 0x53, 0x07, 0x52, 0x07, 0x52, 0x07, 0x52, 0x07,
	0x51, 0x07, 0x51, 0x07, 0x51, 0x07, 0x50, 0x07, 0x50, 0x07, 0x50, 0x07, 0x4F, 0x07, 0x4F, 0x07,
	0x4F, 0x07, 0x4E, 0x07, 0x4E, 0x07, 0x4E, 0x07, 0x4D, 0x07, 0x4D, 0x07, 0x4D, 0x07, 0x4C, 0x07,
	0x4C, 0x07, 0xED, 0xFE, 0xED, 0xFE, 0xED, 0xFE, 0xED, 0xFE, 0xED, 0xFE, 0xED, 0xFE, 0xED, 0xFE,
	0xED, 0xFE, 0xEE, 0xFE, 0xEE, 0xFE, 0xEE, 0xFE, 0xEE, 0xFE, 0xEE, 0xFE, 0xEE, 0xFE, 0xEE, 0xFE,
	0xEE, 0xFE, 0xEE, 0xFE, 0xEE, 0xFE, 0xEE, 0xFE, 0xEE, 0xFE, 0xEE, 0xFE, 0xEE, 0xFE, 0xEE, 0xFE,
	0xEE, 0xFE, 0xEE, 0xFE, 0xEE, 0xFE, 0xBE, 0x02, 0xBE, 0x02, 0xBE, 0x02, 0xBE, 0x02, 0xBE, 0x02,
	0xBD, 0x02, 0xBD, 0x02, 0xBD, 0x02, 0xBD, 0x02, 0xBD, 0x02, 0xBD, 0x02, 0xBD, 0x02, 0xBD, 0x02,
	0xBC, 0x02, 0xBC, 0x02, 0xBC, 0x02, 0xBC, 0x02, 0xBC, 0x02, 0xBC, 0x02, 0xBC, 0x02, 0xBC, 0x02,
	0xBB, 0x02, 0xBB, 0x02, 0xBB, 0x02, 0xE2, 0xFC, 0xE2, 0xFC, 0x0A, 0xF7, 0x0B, 0xF7, 0x0B, 0xF7,
	0x0C, 0xF7, 0x0C, 0xF7, 0x0C, 0xF7, 0x0D, 0xF7, 0x0D, 0xF7, 0x0E, 0xF7, 0x0E, 0xF7, 0x0E, 0xF7,
	0x0F, 0xF7, 0x0F, 0xF7, 0x10, 0xF7, 0x10, 0xF7, 0x10, 0xF7, 0x11, 0xF7, 0x11, 0xF7, 0x12, 0xF7,
	0x12, 0xF7, 0x13, 0xF7, 0x13, 0xF7, 0x13, 0xF7, 0x14, 0xF7, 0x45, 0xF7, 0x46, 0xF7, 0x46, 0xF7,
	0x47, 0xF7, 0x47, 0xF7, 0x47, 0xF7, 0x48, 0xF7, 0x48, 0xF7, 0x49, 0xF7, 0x49, 0xF7, 0x49, 0xF7,
	0x4A, 0xF7, 0x4A, 0xF7, 0x4B, 0xF7, 0x4B, 0xF7, 0x4B, 0xF7, 0x4C, 0xF7, 0x4C, 0xF7, 0x4D, 0xF7,
	0x4D, 0xF7, 0x4D, 0xF7, 0x4E, 0xF7, 0x4E, 0xF7, 0x4F, 0xF7, 0x4F, 0xF7, 0x4F, 0xF7, 0x50, 0xF7,
	0x50, 0xF7, 0x5D, 0xF5, 0x5D, 0xF5, 0x32, 0xF4, 0x33, 0xF4, 0x33, 0xF4, 0x34, 0xF4, 0x34, 0xF4,
	0x35, 0xF4, 0x35, 0xF4, 0x36, 0xF4, 0x36, 0xF4, 0x37, 0xF4, 0x38, 0xF4, 0x38, 0xF4, 0x39, 0xF4,
	0x39, 0xF4, 0x3A, 0xF4, 0x3A, 0xF4, 0x3B, 0xF4, 0x3B, 0xF4, 0x3C, 0xF4, 0x3C, 0xF4, 0x3D, 0xF4,
	0x3D, 0xF4, 0x3E, 0xF4, 0x3F, 0xF4, 0x3F, 0xF4, 0x40, 0xF4, 0x81, 0xF5, 0x82, 0xF5, 0x45, 0xF9,
	0x45, 0xF9, 0x46, 0xF9, 0x46, 0xF9, 0x46, 0xF9, 0x46, 0xF9, 0x47, 0xF9, 0x47, 0xF9, 0x47, 0xF9,
	0x48, 0xF9, 0x48, 0xF9, 0x48, 0xF9, 0x49, 0xF9, 0x49, 0xF9, 0x49, 0xF9, 0x4A, 0xF9, 0x4A, 0xF9,
	0x4A, 0xF9, 0x4A, 0xF9, 0x4B, 0xF9, 0x4B, 0xF9, 0x4B, 0xF9, 0x4C, 0xF9, 0x4C, 0xF9, 0x4C, 0xF9,
	0x4D, 0xF9, 0x4D, 0xF9, 0x4D, 0xF9, 0xEB, 0xF6, 0xEC, 0xF6, 0xEC, 0xF6, 0xEC, 0xF6, 0xED, 0xF6,
	0xED, 0xF6, 0xEE, 0xF6, 0xEE, 0xF6, 0xEE, 0xF6, 0xEF, 0xF6, 0xEF, 0xF6, 0xF0, 0xF6, 0xF0, 0xF6,
	0xF1, 0xF6, 0xF1, 0xF6, 0xF1, 0xF6, 0xF2, 0xF6, 0xF2, 0xF6, 0xF3, 0xF6, 0xF3, 0xF6, 0xF4, 0xF6,
	0xF4, 0xF6, 0xF4, 0xF6, 0xF5, 0xF6, 0xF5, 0xF6, 0xF6, 0xF6, 0xB9, 0xF6, 0xBA, 0xF6, 0x11, 0xF5,
	0x12, 0xF5, 0x12, 0xF5, 0x13, 0xF5, 0x13, 0xF5, 0x14, 0xF5, 0x14, 0xF5, 0x15, 0xF5, 0x15, 0xF5,
	0x16, 0xF5, 0x16, 0xF5, 0x17, 0xF5, 0x17, 0xF5, 0x18, 0xF5, 0x18, 0xF5, 0x19, 0xF5, 0x19, 0xF5,
	0x1A, 0xF5, 0x1A, 0xF5, 0x1B, 0xF5, 0x1B, 0xF5, 0x1C, 0xF5, 0x1C, 0xF5, 0x1D, 0xF5, 0x1D, 0xF5,
	0x1E, 0xF5, 0x02, 0xF5, 0x03, 0xF5, 0xE8, 0xF4, 0xE8, 0xF4, 0xE9, 0xF4, 0xE9, 0xF4, 0xEA, 0xF4,
	0xEA, 0xF4, 0xEB, 0xF4, 0xEB, 0xF4, 0xEC, 0xF4, 0xEC, 0xF4, 0xED, 0xF4, 0xED, 0xF4, 0xEE, 0xF4,
	0xEE, 0xF4, 0xEF, 0xF4, 0xF0, 0xF4, 0xF0, 0xF4, 0xF1, 0xF4, 0xF1, 0xF4, 0xF2, 0xF4, 0xF2, 0xF4,
	0xF3, 0xF4, 0xF3, 0xF4, 0xF4, 0xF4, 0xF4, 0xF4, 0xF5, 0xF4, 0x46, 0xF8, 0x47, 0xF8, 0x47, 0xF8,
	0x47, 0xF8, 0x48, 0xF8, 0x48, 0xF8, 0x48, 0xF8, 0x49, 0xF8, 0x49, 0xF8, 0x49, 0xF8, 0x4A, 0xF8,
	0x4A, 0xF8, 0x4B, 0xF8, 0x4B, 0xF8, 0x4B, 0xF8, 0x4C, 0xF8, 0x4C, 0xF8, 0x4C, 0xF8, 0x4D, 0xF8,
	0x4D, 0xF8, 0x4D, 0xF8, 0x4E, 0xF8, 0x4E, 0xF8, 0x4F, 0xF8, 0x4F, 0xF8, 0x4F, 0xF8, 0x50, 0xF8,
	0x50, 0xF8, 0x6B, 0xFB, 0x6C, 0xFB, 0x6C, 0xFB, 0x6C, 0xFB, 0x6C, 0xFB, 0x6D, 0xFB, 0x6D, 0xFB,
	0x6D, 0xFB, 0x6D, 0xFB, 0x6D, 0xFB, 0x6E, 0xFB, 0x6E, 0xFB, 0x6E, 0xFB, 0x6E, 0xFB, 0x6F, 0xFB,
	0x6F, 0xFB, 0x6F, 0xFB, 0x6F, 0xFB, 0x6F, 0xFB, 0x70, 0xFB, 0x70, 0xFB, 0x70, 0xFB, 0x70, 0xFB,
	0x70, 0xFB, 0x71, 0xFB, 0x71, 0xFB, 0x2E, 0xF9, 0x2F, 0xF9, 0xDC, 0xF8, 0xDD, 0xF8, 0xDD, 0xF8,
	0xDD, 0xF8, 0xDE, 0xF8, 0xDE, 0xF8, 0xDE, 0xF8, 0xDF, 0xF8, 0xDF, 0xF8, 0xDF, 0xF8, 0xE0, 0xF8,
	0xE0, 0xF8, 0xE0, 0xF8, 0xE1, 0xF8, 0xE1, 0xF8, 0xE1, 0xF8, 0xE2, 0xF8, 0xE2, 0xF8, 0xE3, 0xF8,
	0xE3, 0xF8, 0xE3, 0xF8, 0xE4, 0xF8, 0xE4, 0xF8, 0xE4, 0xF8, 0x76, 0xF9, 0x76, 0xF9, 0x6E, 0xFD,
	0x6E, 0xFD, 0x6E, 0xFD, 0x6E, 0xFD, 0x6F, 0xFD, 0x6F, 0xFD, 0x6F, 0xFD, 0x6F, 0xFD, 0x6F, 0xFD,
	0x6F, 0xFD, 0x6F, 0xFD, 0x6F, 0xFD, 0x70, 0xFD, 0x70, 0xFD, 0x70, 0xFD, 0x70, 0xFD, 0x70, 0xFD,
	0x70, 0xFD, 0x70, 0xFD, 0x70, 0xFD, 0x71, 0xFD, 0x71, 0xFD, 0x71, 0xFD, 0x71, 0xFD, 0x71, 0xFD,
	0x71, 0xFD, 0x22, 0x03, 0x22, 0x03, 0x21, 0x03, 0x21, 0x03, 0x21, 0x03, 0x21, 0x03, 0x21, 0x03,
	0x21, 0x03, 0x21, 0x03, 0x20, 0x03, 0x20, 0x03, 0x20, 0x03, 0x20, 0x03, 0x20, 0x03, 0x20, 0x03,
	0x1F, 0x03, 0x1F, 0x03, 0x1F, 0x03, 0x1F, 0x03, 0x1F, 0x03, 0x1F, 0x03, 0x1F, 0x03, 0x1E, 0x03,
	0x1E, 0x03, 0x1E, 0x03, 0x1E, 0x03, 0x94, 0x00, 0x94, 0x00, 0x94, 0x00, 0x94, 0x00, 0x94, 0x00,
	0x94, 0x00, 0x94, 0x00, 0x94, 0x00, 0x94, 0x00, 0x94, 0x00, 0x94, 0x00, 0x93, 0x00, 0x93, 0x00,
	0x93, 0x00, 0x93, 0x00, 0x93, 0x00, 0x93, 0x00, 0x93, 0x00, 0x93, 0x00, 0x93, 0x00, 0x93, 0x00,
	0x93, 0x00, 0x93, 0x00, 0x93, 0x00, 0x93, 0x00, 0x93, 0x00, 0x63, 0xFA, 0x63, 0xFA, 0x64, 0xFA,
	0x64, 0xFA, 0x64, 0xFA, 0x64, 0xFA, 0x65, 0xFA, 0x65, 0xFA, 0x65, 0xFA, 0x65, 0xFA, 0x66, 0xFA,
	0x66, 0xFA, 0x66, 0xFA, 0x67, 0xFA, 0x67, 0xFA, 0x67, 0xFA, 0x67, 0xFA, 0x68, 0xFA, 0x68, 0xFA,
	0x68, 0xFA, 0x68, 0xFA, 0x69, 0xFA, 0x69, 0xFA, 0x69, 0xFA, 0x6A, 0xFA, 0x6A, 0xFA, 0x79, 0x00,
	0x79, 0x00, 0x79, 0x00, 0x79, 0x00, 0x79, 0x00, 0x79, 0x00, 0x79, 0x00, 0x79, 0x00, 0x79, 0x00,
	0x79, 0x00, 0x79, 0x00, 0x79, 0x00, 0x79, 0x00, 0x79, 0x00, 0x79, 0x00, 0x79, 0x00, 0x79, 0x00,
	0x79, 0x00, 0x79, 0x00, 0x79, 0x00, 0x79, 0x00, 0x79, 0x00, 0x79, 0x00, 0x79, 0x00, 0x79, 0x00,
	0x79, 0x00, 0xE4, 0xFE, 0xE4, 0xFE, 0xE4, 0xFE, 0xE4, 0xFE, 0xE4, 0xFE, 0xE4, 0xFE, 0xE4, 0xFE,
	0xE4, 0xFE, 0xE5, 0xFE, 0xE5, 0xFE, 0xE5, 0xFE, 0xE5, 0xFE, 0xE5, 0xFE, 0xE5, 0xFE, 0xE5, 0xFE,
	0xE5, 0xFE, 0xE5, 0xFE, 0xE5, 0xFE, 0xE5, 0xFE, 0xE5, 0xFE, 0xE5, 0xFE, 0xE5, 0xFE, 0xE5, 0xFE,
	0xE5, 0xFE, 0xE5, 0xFE, 0xE5, 0xFE, 0x86, 0x01, 0x86, 0x01, 0x86, 0x01, 0x85, 0x01, 0x85, 0x01,
	0x85, 0x01, 0x85, 0x01, 0x85, 0x01, 0x85, 0x01, 0x85, 0x01, 0x85, 0x01, 0x85, 0x01, 0x85, 0x01,
	0x85, 0x01, 0x85, 0x01, 0x85, 0x01, 0x85, 0x01, 0x84, 0x01, 0x84, 0x01, 0x84, 0x01, 0x84, 0x01,
	0x84, 0x01, 0x84, 0x01, 0x84, 0x01, 0x5D, 0xFC, 0x5D, 0xFC, 0x38, 0xF7, 0x38, 0xF7, 0x38, 0xF7,
	0x39, 0xF7, 0x39, 0xF7, 0x3A, 0xF7, 0x3A, 0xF7, 0x3B, 0xF7, 0x3B, 0xF7, 0x3B, 0xF7, 0x3C, 0xF7,
	0x3C, 0xF7, 0x3D, 0xF7, 0x3D, 0xF7, 0x3E, 0xF7, 0x3E, 0xF7, 0x3F, 0xF7, 0x3F, 0xF7, 0x3F, 0xF7,
	0x40, 0xF7, 0x40, 0xF7, 0x41, 0xF7, 0x41, 0xF7, 0x42, 0xF7, 0x02, 0x06, 0x02, 0x06, 0x02, 0x06,
	0x01, 0x06, 0x01, 0x06, 0x01, 0x06, 0x00, 0x06, 0x00, 0x06, 0x00, 0x06, 0xFF, 0x05, 0xFF, 0x05,
	0xFF, 0x05, 0xFF, 0x05, 0xFE, 0x05, 0xFE, 0x05, 0xFE, 0x05, 0xFD, 0x05, 0xFD, 0x05, 0xFD, 0x05,
	0xFC, 0x05, 0xFC, 0x05, 0xFC, 0x05, 0xFC, 0x05, 0xFB, 0x05, 0x42, 0x03, 0x42, 0x03, 0xB8, 0xFE,
	0xB8, 0xFE, 0xB8, 0xFE, 0xB9, 0xFE, 0xB9, 0xFE, 0xB9, 0xFE, 0xB9, 0xFE, 0xB9, 0xFE, 0xB9, 0xFE,
	0xB9, 0xFE, 0xB9, 0xFE, 0xB9, 0xFE, 0xB9, 0xFE, 0xB9, 0xFE, 0xB9, 0xFE, 0xB9, 0xFE, 0xB9, 0xFE,
	0xB9, 0xFE, 0xBA, 0xFE, 0xBA, 0xFE, 0xBA, 0xFE, 0xBA, 0xFE, 0xBA, 0xFE, 0xBA, 0xFE, 0xB8, 0x03,
	0xB8, 0x03, 0xB8, 0x03, 0xB8, 0x03, 0xB7, 0x03, 0xB7, 0x03, 0xB7, 0x03, 0xB7, 0x03, 0xB7, 0x03,
	0xB7, 0x03, 0xB6, 0x03, 0xB6, 0x03, 0xB6, 0x03, 0xB6, 0x03, 0xB6, 0x03, 0xB5, 0x03, 0xB5, 0x03,
	0xB5, 0x03, 0xB5, 0x03, 0xB5, 0x03, 0xB4, 0x03, 0xB4, 0x03, 0xB4, 0x03, 0xB4, 0x03, 0xB5, 0xF7,
	0xB6, 0xF7, 0xB6, 0xF7, 0xB7, 0xF7, 0xB7, 0xF7, 0xB8, 0xF7, 0xB8, 0xF7, 0xB8, 0xF7, 0xB9, 0xF7,
	0xB9, 0xF7, 0xBA, 0xF7, 0xBA, 0xF7, 0xBA, 0xF7, 0xBB, 0xF7, 0xBB, 0xF7, 0xBC, 0xF7, 0xBC, 0xF7,
	0xBD, 0xF7, 0xBD, 0xF7, 0xBD, 0xF7, 0xBE, 0xF7, 0xBE, 0xF7, 0xBF, 0xF7, 0xBF, 0xF7, 0x24, 0xFB,
	0x24, 0xFB, 0x88, 0xFE, 0x88, 0xFE, 0x88, 0xFE, 0x88, 0xFE, 0x88, 0xFE, 0x88, 0xFE, 0x88, 0xFE,
	0x88, 0xFE, 0x88, 0xFE, 0x89, 0xFE, 0x89, 0xFE, 0x89, 0xFE, 0x89, 0xFE, 0x89, 0xFE, 0x89, 0xFE,
	0x89, 0xFE, 0x89, 0xFE, 0x89, 0xFE, 0x89, 0xFE, 0x89, 0xFE, 0x89, 0xFE, 0x89, 0xFE, 0x63, 0xFE,
	0x63, 0xFE, 0xF1, 0xFD, 0xF1, 0xFD, 0xF1, 0xFD, 0xF1, 0xFD, 0xF2, 0xFD, 0xF2, 0xFD, 0xF2, 0xFD,
	0xF2, 0xFD, 0xF2, 0xFD, 0xF2, 0xFD, 0xF2, 0xFD, 0xF2, 0xFD, 0xF2, 0xFD, 0xF2, 0xFD, 0xF3, 0xFD,
	0xF3, 0xFD, 0xF3, 0xFD, 0xF3, 0xFD, 0xF3, 0xFD, 0xF3, 0xFD, 0xF3, 0xFD, 0xF3, 0xFD, 0x74, 0xFF,
	0x74, 0xFF, 0xF6, 0x09, 0xF5, 0x09, 0xF5, 0x09, 0xF4, 0x09, 0xF4, 0x09, 0xF3, 0x09, 0xF3, 0x09,
	0xF2, 0x09, 0xF2, 0x09, 0xF1, 0x09, 0xF1, 0x09, 0xF0, 0x09, 0xF0, 0x09, 0xEF, 0x09, 0xEF, 0x09,
	0xEE, 0x09, 0xEE, 0x09, 0xED, 0x09, 0xED, 0x09, 0xEC, 0x09, 0xEC, 0x09, 0xEB, 0x09, 0xC0, 0x06,
	0xBF, 0x06, 0x3F, 0xFD, 0x3F, 0xFD, 0x3F, 0xFD, 0x3F, 0xFD, 0x40, 0xFD, 0x40, 0xFD, 0x40, 0xFD,
	0x40, 0xFD, 0x40, 0xFD, 0x40, 0xFD, 0x40, 0xFD, 0x41, 0xFD, 0x41, 0xFD, 0x41, 0xFD, 0x41, 0xFD,
	0x41, 0xFD, 0x41, 0xFD, 0x41, 0xFD, 0x41, 0xFD, 0x42, 0xFD, 0x42, 0xFD, 0x42, 0xFD, 0x7F, 0xFB,
	0x80, 0xFB, 0x91, 0xF8, 0x92, 0xF8, 0x92, 0xF8, 0x92, 0xF8, 0x93, 0xF8, 0x93, 0xF8, 0x94, 0xF8,
	0x94, 0xF8, 0x94, 0xF8, 0x95, 0xF8, 0x95, 0xF8, 0x96, 0xF8, 0x96, 0xF8, 0x96, 0xF8, 0x97, 0xF8,
	0x97, 0xF8, 0x97, 0xF8, 0x98, 0xF8, 0x98, 0xF8, 0x99, 0xF8, 0x99, 0xF8, 0x99, 0xF8, 0x0E, 0x07,
	0x0D, 0x07, 0x1D, 0x09, 0x1D, 0x09, 0x1C, 0x09, 0x1C, 0x09, 0x1B, 0x09, 0x1B, 0x09, 0x1A, 0x09,
	0x1A, 0x09, 0x1A, 0x09, 0x19, 0x09, 0x19, 0x09, 0x18, 0x09, 0x18, 0x09, 0x17, 0x09, 0x17, 0x09,
	0x16, 0x09, 0x16, 0x09, 0x15, 0x09, 0x15, 0x09, 0x14, 0x09, 0x14, 0x09, 0x13, 0x09, 0x22, 0x09,
	0x22, 0x09, 0x21, 0x09, 0x21, 0x09, 0x20, 0x09, 0x20, 0x09, 0x1F, 0x09, 0x1F, 0x09, 0x1E, 0x09,
	0x1E, 0x09, 0x1D, 0x09, 0x1D, 0x09, 0x1C, 0x09, 0x1C, 0x09, 0x1B, 0x09, 0x1B, 0x09, 0x1A, 0x09,
	0x1A, 0x09, 0x19, 0x09, 0x19, 0x09, 0x18, 0x09, 0x18, 0x09, 0x53, 0x07, 0x52, 0x07, 0xF0, 0xFA,
	0xF0, 0xFA, 0xF1, 0xFA, 0xF1, 0xFA, 0xF1, 0xFA, 0xF1, 0xFA, 0xF2, 0xFA, 0xF2, 0xFA, 0xF2, 0xFA,
	0xF2, 0xFA, 0xF3, 0xFA, 0xF3, 0xFA, 0xF3, 0xFA, 0xF4, 0xFA, 0xF4, 0xFA, 0xF4, 0xFA, 0xF4, 0xFA,
	0xF5, 0xFA, 0xF5, 0xFA, 0xF5, 0xFA, 0xF5, 0xFA, 0xF6, 0xFA, 0xEC, 0xFE, 0xEC, 0xFE, 0xEC, 0xFE,
	0xEC, 0xFE, 0xEC, 0xFE, 0xEC, 0xFE, 0xEC, 0xFE, 0xEC, 0xFE, 0xEC, 0xFE, 0xEC, 0xFE, 0xEC, 0xFE,
	0xEC, 0xFE, 0xEC, 0xFE, 0xEC, 0xFE, 0xED, 0xFE, 0xED, 0xFE, 0xED, 0xFE, 0xED, 0xFE, 0xED, 0xFE,
	0xED, 0xFE, 0xED, 0xFE, 0xED, 0xFE, 0xEC, 0xFE, 0xEC, 0xFE, 0xE8, 0xFE, 0xE8, 0xFE, 0xE8, 0xFE,
	0xE8, 0xFE, 0xE8, 0xFE, 0xE8, 0xFE, 0xE8, 0xFE, 0xE8, 0xFE, 0xE8, 0xFE, 0xE8, 0xFE, 0xE8, 0xFE,
	0xE8, 0xFE, 0xE8, 0xFE, 0xE8, 0xFE, 0xE8, 0xFE, 0xE8, 0xFE, 0xE9, 0xFE, 0xE9, 0xFE, 0xE9, 0xFE,
	0xE9, 0xFE, 0xE9, 0xFE, 0xE9, 0xFE, 0x97, 0x04, 0x97, 0x04, 0x97, 0x04, 0x97, 0x04, 0x96, 0x04,
	0x96, 0x04, 0x96, 0x04, 0x96, 0x04, 0x95, 0x04, 0x95, 0x04, 0x95, 0x04, 0x95, 0x04, 0x94, 0x04,
	0x94, 0x04, 0x94, 0x04, 0x94, 0x04, 0x93, 0x04, 0x93, 0x04, 0x93, 0x04, 0x93, 0x04, 0x92, 0x04,
	0x92, 0x04, 0xB4, 0xFF, 0xB4, 0xFF, 0xC9, 0xFC, 0xC9, 0xFC, 0xCA, 0xFC, 0xCA, 0xFC, 0xCA, 0xFC,
	0xCA, 0xFC, 0xCA, 0xFC, 0xCA, 0xFC, 0xCB, 0xFC, 0xCB, 0xFC, 0xCB, 0xFC, 0xCB, 0xFC, 0xCB, 0xFC,
	0xCB, 0xFC, 0xCC, 0xFC, 0xCC, 0xFC, 0xCC, 0xFC, 0xCC, 0xFC, 0xCC, 0xFC, 0xCC, 0xFC, 0xCD, 0xFC,
	0xCD, 0xFC, 0xCD, 0xFC, 0xCD, 0xFC, 0x0B, 0x06, 0x0A, 0x06, 0x0A, 0x06, 0x0A, 0x06, 0x09, 0x06,
	0x09, 0x06, 0x09, 0x06, 0x08, 0x06, 0x08, 0x06, 0x08, 0x06, 0x07, 0x06, 0x07, 0x06, 0x07, 0x06,
	0x06, 0x06, 0x06, 0x06, 0x06, 0x06, 0x05, 0x06, 0x05, 0x06, 0x05, 0x06, 0x04, 0x06, 0x04, 0x06,
	0x04, 0x06, 0x04, 0x06, 0x03, 0x06, 0xC6, 0x04, 0xC6, 0x04, 0x1B, 0xFC, 0x1C, 0xFC, 0x1C, 0xFC,
	0x1C, 0xFC, 0x1C, 0xFC, 0x1C, 0xFC, 0x1D, 0xFC, 0x1D, 0xFC, 0x1D, 0xFC, 0x1D, 0xFC, 0x1D, 0xFC,
	0x1E, 0xFC, 0x1E, 0xFC, 0x1E, 0xFC, 0x1E, 0xFC, 0x1F, 0xFC, 0x1F, 0xFC, 0x1F, 0xFC, 0x1F, 0xFC,
	0x1F, 0xFC, 0x20, 0xFC, 0x20, 0xFC, 0x20, 0xFC, 0x20, 0xFC, 0x61, 0xFB, 0x61, 0xFB, 0x61, 0xFB,
	0x61, 0xFB, 0x62, 0xFB, 0x62, 0xFB, 0x62, 0xFB, 0x62, 0xFB, 0x63, 0xFB, 0x63, 0xFB, 0x63, 0xFB,
	0x63, 0xFB, 0x64, 0xFB, 0x64, 0xFB, 0x64, 0xFB, 0x64, 0xFB, 0x65, 0xFB, 0x65, 0xFB, 0x65, 0xFB,
	0x65, 0xFB, 0x66, 0xFB, 0x66, 0xFB, 0x66, 0xFB, 0x66, 0xFB, 0x04, 0xFE, 0x04, 0xFE, 0xA1, 0x00,
	0xA1, 0x00, 0xA1, 0x00, 0xA1, 0x00, 0xA1, 0x00, 0xA1, 0x00, 0xA1, 0x00, 0xA1, 0x00, 0xA1, 0x00,
	0xA1, 0x00, 0xA1, 0x00, 0xA1, 0x00, 0xA1, 0x00, 0xA1, 0x00, 0xA1, 0x00, 0xA1, 0x00, 0xA1, 0x00,
	0xA1, 0x00, 0xA1, 0x00, 0xA1, 0x00, 0xA1, 0x00, 0xA1, 0x00, 0xA1, 0x00, 0xA1, 0x00, 0x35, 0xF6,
	0x36, 0xF6, 0x36, 0xF6, 0x37, 0xF6, 0x38, 0xF6, 0x38, 0xF6, 0x39, 0xF6, 0x39, 0xF6, 0x3A, 0xF6,
	0x3A, 0xF6, 0x3B, 0xF6, 0x3B, 0xF6, 0x3C, 0xF6, 0x3C, 0xF6, 0x3D, 0xF6, 0x3D, 0xF6, 0x3E, 0xF6,
	0x3F, 0xF6, 0x3F, 0xF6, 0x40, 0xF6, 0x40, 0xF6, 0x41, 0xF6, 0x41, 0xF6, 0x42, 0xF6, 0x9C, 0x06,
	0x9C, 0x06, 0x9C, 0x06, 0x9B, 0x06, 0x9B, 0x06, 0x9B, 0x06, 0x9A, 0x06, 0x9A, 0x06, 0x9A, 0x06,
	0x99, 0x06, 0x99, 0x06, 0x98, 0x06, 0x98, 0x06, 0x98, 0x06, 0x97, 0x06, 0x97, 0x06, 0x97, 0x06,
	0x96, 0x06, 0x96, 0x06, 0x96, 0x06, 0x95, 0x06, 0x95, 0x06, 0x94, 0x06, 0x94, 0x06, 0x93, 0x00,
	0x93, 0x00, 0x93, 0x00, 0x93, 0x00, 0x93, 0x00, 0x93, 0x00, 0x93, 0x00, 0x93, 0x00, 0x93, 0x00,
	0x93, 0x00, 0x93, 0x00, 0x93, 0x00, 0x93, 0x00, 0x93, 0x00, 0x93, 0x00, 0x93, 0x00, 0x93, 0x00,
	0x93, 0x00, 0x93, 0x00, 0x93, 0x00, 0x93, 0x00, 0x93, 0x00, 0x93, 0x00, 0x93, 0x00, 0x93, 0x09,
	0x92, 0x09, 0x92, 0x09, 0x91, 0x09, 0x91, 0x09, 0x90, 0x09, 0x90, 0x09, 0x8F, 0x09, 0x8F, 0x09,
	0x8E, 0x09, 0x8E, 0x09, 0x8D, 0x09, 0x8D, 0x09, 0x8C, 0x09, 0x8C, 0x09, 0x8B, 0x09, 0x8A, 0x09,
	0x8A, 0x09, 0x89, 0x09, 0x89, 0x09, 0x88, 0x09, 0x88, 0x09, 0x87, 0x09, 0x87, 0x09, 0x8D, 0x09,
	0x8D, 0x09, 0x8C, 0x09, 0x8C, 0x09, 0x8B, 0x09, 0x8B, 0x09, 0x8A, 0x09, 0x8A, 0x09, 0x89, 0x09,
	0x88, 0x09, 0x88, 0x09, 0x87, 0x09, 0x87, 0x09, 0x86, 0x09, 0x86, 0x09, 0x85, 0x09, 0x85, 0x09,
	0x84, 0x09, 0x84, 0x09, 0x83, 0x09, 0x83, 0x09, 0x82, 0x09, 0x81, 0x09, 0x81, 0x09, 0xB5, 0x04,
	0xB5, 0x04, 0xB4, 0x04, 0xB4, 0x04, 0xB4, 0x04, 0xB4, 0x04, 0xB3, 0x04, 0xB3, 0x04, 0xB3, 0x04,
	0xB3, 0x04, 0xB2, 0x04, 0xB2, 0x04, 0xB2, 0x04, 0xB2, 0x04, 0xB1, 0x04, 0xB1, 0x04, 0xB1, 0x04,
	0xB0, 0x04, 0xB0, 0x04, 0xB0, 0x04, 0xB0, 0x04, 0xAF, 0x04, 0x79, 0xFD, 0x79, 0xFD, 0x44, 0xF6,
	0x45, 0xF6, 0x45, 0xF6, 0x46, 0xF6, 0x46, 0xF6, 0x47, 0xF6, 0x48, 0xF6, 0x48, 0xF6, 0x49, 0xF6,
	0x49, 0xF6, 0x4A, 0xF6, 0x4A, 0xF6, 0x4B, 0xF6, 0x4B, 0xF6, 0x4C, 0xF6, 0x4D, 0xF6, 0x4D, 0xF6,
	0x4E, 0xF6, 0x4E, 0xF6, 0x4F, 0xF6, 0x4F, 0xF6, 0x50, 0xF6, 0x4D, 0x04, 0x4D, 0x04, 0x4C, 0x04,
	0x4C, 0x04, 0x4C, 0x04, 0x4C, 0x04, 0x4B, 0x04, 0x4B, 0x04, 0x4B, 0x04, 0x4B, 0x04, 0x4A, 0x04,
	0x4A, 0x04, 0x4A, 0x04, 0x4A, 0x04, 0x49, 0x04, 0x49, 0x04, 0x49, 0x04, 0x49, 0x04, 0x48, 0x04,
	0x48, 0x04, 0x48, 0x04, 0x48, 0x04, 0x47, 0x04, 0x47, 0x04, 0x18, 0x01, 0x18, 0x01, 0x18, 0x01,
	0x18, 0x01, 0x17, 0x01, 0x17, 0x01, 0x17, 0x01, 0x17, 0x01, 0x17, 0x01, 0x17, 0x01, 0x17, 0x01,
	0x17, 0x01, 0x17, 0x01, 0x17, 0x01, 0x17, 0x01, 0x17, 0x01, 0x17, 0x01, 0x17, 0x01, 0x17, 0x01,
	0x17, 0x01, 0x16, 0x01, 0x16, 0x01, 0x15, 0xFB, 0x16, 0xFB, 0x16, 0xFB, 0x16, 0xFB, 0x16, 0xFB,
	0x17, 0xFB, 0x17, 0xFB, 0x17, 0xFB, 0x18, 0xFB, 0x18, 0xFB, 0x18, 0xFB, 0x18, 0xFB, 0x19, 0xFB,
	0x19, 0xFB, 0x19, 0xFB, 0x1A, 0xFB, 0x1A, 0xFB, 0x1A, 0xFB, 0x1A, 0xFB, 0x1B, 0xFB, 0x1B, 0xFB,
	0x1B, 0xFB, 0x1C, 0xFB, 0x1C, 0xFB, 0x8E, 0xF6, 0x8F, 0xF6, 0x90, 0xF6, 0x90, 0xF6, 0x91, 0xF6,
	0x91, 0xF6, 0x92, 0xF6, 0x92, 0xF6, 0x93, 0xF6, 0x93, 0xF6, 0x94, 0xF6, 0x94, 0xF6, 0x95, 0xF6,
	0x96, 0xF6, 0x96, 0xF6, 0x97, 0xF6, 0x97, 0xF6, 0x98, 0xF6, 0x98, 0xF6, 0x99, 0xF6, 0x99, 0xF6,
	0x9A, 0xF6, 0x6D, 0x02, 0x6D, 0x02, 0x6D, 0x02, 0x6D, 0x02, 0x6D, 0x02, 0x6D, 0x02, 0x6C, 0x02,
	0x6C, 0x02, 0x6C, 0x02, 0x6C, 0x02, 0x6C, 0x02, 0x6C, 0x02, 0x6C, 0x02, 0x6B, 0x02, 0x6B, 0x02,
	0x6B, 0x02, 0x6B, 0x02, 0x6B, 0x02, 0x6B, 0x02, 0x6B, 0x02, 0x6A, 0x02, 0x6A, 0x02, 0x1A, 0x07,
	0x1A, 0x07, 0xC5, 0x07, 0xC4, 0x07, 0xC4, 0x07, 0xC3, 0x07, 0xC3, 0x07, 0xC2, 0x07, 0xC2, 0x07,
	0xC2, 0x07, 0xC1, 0x07, 0xC1, 0x07, 0xC0, 0x07, 0xC0, 0x07, 0xBF, 0x07, 0xBF, 0x07, 0xBE, 0x07,
	0xBE, 0x07, 0xBD, 0x07, 0xBD, 0x07, 0xBD, 0x07, 0xBC, 0x07, 0xA8, 0x04, 0xA8, 0x04, 0x87, 0xFF,
	0x87, 0xFF, 0x87, 0xFF, 0x87, 0xFF, 0x87, 0xFF, 0x87, 0xFF, 0x87, 0xFF, 0x87, 0xFF, 0x87, 0xFF,
	0x87, 0xFF, 0x87, 0xFF, 0x87, 0xFF, 0x87, 0xFF, 0x87, 0xFF, 0x87, 0xFF, 0x87, 0xFF, 0x87, 0xFF,
	0x87, 0xFF, 0x87, 0xFF, 0x87, 0xFF, 0x5A, 0x00, 0x5A, 0x00, 0x1A, 0x06, 0x19, 0x06, 0x19, 0x06,
	0x19, 0x06, 0x18, 0x06, 0x18, 0x06, 0x18, 0x06, 0x17, 0x06, 0x17, 0x06, 0x17, 0x06, 0x16, 0x06,
	0x16, 0x06, 0x15, 0x06, 0x15, 0x06, 0x15, 0x06, 0x14, 0x06, 0x14, 0x06, 0x14, 0x06, 0x13, 0x06,
	0x13, 0x06, 0xE9, 0x05, 0xE9, 0x05, 0xC7, 0x04, 0xC7, 0x04, 0xC7, 0x04, 0xC6, 0x04, 0xC6, 0x04,
	0xC6, 0x04, 0xC6, 0x04, 0xC5, 0x04, 0xC5, 0x04, 0xC5, 0x04, 0xC4, 0x04, 0xC4, 0x04, 0xC4, 0x04,
	0xC4, 0x04, 0xC3, 0x04, 0xC3, 0x04, 0xC3, 0x04, 0xC2, 0x04, 0xC2, 0x04, 0xC2, 0x04, 0x25, 0x04,
	0x24, 0x04, 0xDA, 0xFF, 0xDA, 0xFF, 0xDA, 0xFF, 0xDA, 0xFF, 0xDA, 0xFF, 0xDA, 0xFF, 0xDA, 0xFF,
	0xDA, 0xFF, 0xDB, 0xFF, 0xDB, 0xFF, 0xDB, 0xFF, 0xDB, 0xFF, 0xDB, 0xFF, 0xDB, 0xFF, 0xDB, 0xFF,
	0xDB, 0xFF, 0xDB, 0xFF, 0xDB, 0xFF, 0xDB, 0xFF, 0xDB, 0xFF, 0x45, 0x01, 0x45, 0x01, 0x85, 0x05,
	0x85, 0x05, 0x85, 0x05, 0x84, 0x05, 0x84, 0x05, 0x84, 0x05, 0x83, 0x05, 0x83, 0x05, 0x83, 0x05,
	0x82, 0x05, 0x82, 0x05, 0x82, 0x05, 0x81, 0x05, 0x81, 0x05, 0x81, 0x05, 0x80, 0x05, 0x80, 0x05,
	0x80, 0x05, 0x7F, 0x05, 0x7F, 0x05, 0xAB, 0x03, 0xAB, 0x03, 0x92, 0x02, 0x92, 0x02, 0x92, 0x02,
	0x92, 0x02, 0x92, 0x02, 0x91, 0x02, 0x91, 0x02, 0x91, 0x02, 0x91, 0x02, 0x91, 0x02, 0x91, 0x02,
	0x90, 0x02, 0x90, 0x02, 0x90, 0x02, 0x90, 0x02, 0x90, 0x02, 0x90, 0x02, 0x90, 0x02, 0x8F, 0x02,
	0x8F, 0x02, 0x5E, 0x08, 0x5E, 0x08, 0x5D, 0x08, 0x5D, 0x08, 0x5C, 0x08, 0x5C, 0x08, 0x5B, 0x08,
	0x5B, 0x08, 0x5A, 0x08, 0x5A, 0x08, 0x59, 0x08, 0x59, 0x08, 0x58, 0x08, 0x58, 0x08, 0x57, 0x08,
	0x57, 0x08, 0x56, 0x08, 0x56, 0x08, 0x55, 0x08, 0x55, 0x08, 0x54, 0x08, 0x54, 0x08, 0x28, 0x01,
	0x28, 0x01, 0x27, 0x01, 0x27, 0x01, 0x27, 0x01, 0x27, 0x01, 0x27, 0x01, 0x27, 0x01, 0x27, 0x01,
	0x27, 0x01, 0x27, 0x01, 0x27, 0x01, 0x27, 0x01, 0x27, 0x01, 0x27, 0x01, 0x27, 0x01, 0x26, 0x01,
	0x26, 0x01, 0x26, 0x01, 0x26, 0x01, 0x66, 0x01, 0x66, 0x01, 0xD0, 0x01, 0xD0, 0x01, 0xD0, 0x01,
	0xD0, 0x01, 0xCF, 0x01, 0xCF, 0x01, 0xCF, 0x01, 0xCF, 0x01, 0xCF, 0x01, 0xCF, 0x01, 0xCF, 0x01,
	0xCF, 0x01, 0xCF, 0x01, 0xCE, 0x01, 0xCE, 0x01, 0xCE, 0x01, 0xCE, 0x01, 0xCE, 0x01, 0xCE, 0x01,
	0xCE, 0x01, 0xF1, 0x06, 0xF1, 0x06, 0xF0, 0x06, 0xF0, 0x06, 0xEF, 0x06, 0xEF, 0x06, 0xEF, 0x06,
	0xEE, 0x06, 0xEE, 0x06, 0xED, 0x06, 0xED, 0x06, 0xEC, 0x06, 0xEC, 0x06, 0xEC, 0x06, 0xEB, 0x06,
	0xEB, 0x06, 0xEA, 0x06, 0xEA, 0x06, 0xE9, 0x06, 0xE9, 0x06, 0x8F, 0x05, 0x8F, 0x05, 0x1F, 0xFC,
	0x20, 0xFC, 0x20, 0xFC, 0x20, 0xFC, 0x20, 0xFC, 0x21, 0xFC, 0x21, 0xFC, 0x21, 0xFC, 0x21, 0xFC,
	0x21, 0xFC, 0x22, 0xFC, 0x22, 0xFC, 0x22, 0xFC, 0x22, 0xFC, 0x23, 0xFC, 0x23, 0xFC, 0x23, 0xFC,
	0x23, 0xFC, 0x24, 0xFC, 0x24, 0xFC, 0xAE, 0xF7, 0xAE, 0xF7, 0xAF, 0xF7, 0xAF, 0xF7, 0xB0, 0xF7,
	0xB0, 0xF7, 0xB1, 0xF7, 0xB2, 0xF7, 0xB2, 0xF7, 0xB3, 0xF7, 0xB3, 0xF7, 0xB4, 0xF7, 0xB4, 0xF7,
	0xB5, 0xF7, 0xB5, 0xF7, 0xB6, 0xF7, 0xB6, 0xF7, 0xB7, 0xF7, 0xB7, 0xF7, 0xB8, 0xF7, 0x10, 0x00,
	0x10, 0x00, 0x67, 0x08, 0x66, 0x08, 0x66, 0x08, 0x65, 0x08, 0x65, 0x08, 0x64, 0x08, 0x64, 0x08,
	0x63, 0x08, 0x63, 0x08, 0x62, 0x08, 0x61, 0x08, 0x61, 0x08, 0x60, 0x08, 0x60, 0x08, 0x5F, 0x08,
	0x5F, 0x08, 0x5E, 0x08, 0x5E, 0x08, 0x5D, 0x08, 0x5D, 0x08, 0xC3, 0xFA, 0xC3, 0xFA, 0xC3, 0xFA,
	0xC4, 0xFA, 0xC4, 0xFA, 0xC4, 0xFA, 0xC5, 0xFA, 0xC5, 0xFA, 0xC5, 0xFA, 0xC6, 0xFA, 0xC6, 0xFA,
	0xC6, 0xFA, 0xC7, 0xFA, 0xC7, 0xFA, 0xC7, 0xFA, 0xC8, 0xFA, 0xC8, 0xFA, 0xC8, 0xFA, 0xC9, 0xFA,
	0xC9, 0xFA, 0xB6, 0xFB, 0xB6, 0xFB, 0xB6, 0xFB, 0xB7, 0xFB, 0xB7, 0xFB, 0xB7, 0xFB, 0xB7, 0xFB,
	0xB8, 0xFB, 0xB8, 0xFB, 0xB8, 0xFB, 0xB8, 0xFB, 0xB9, 0xFB, 0xB9, 0xFB, 0xB9, 0xFB, 0xB9, 0xFB,
	0xBA, 0xFB, 0xBA, 0xFB, 0xBA, 0xFB, 0xBB, 0xFB, 0xBB, 0xFB, 0xBB, 0xFB, 0xBB, 0xFB, 0xBF, 0xFE,
	0xBF, 0xFE, 0xC0, 0xFF, 0xC0, 0xFF, 0xC0, 0xFF, 0xC0, 0xFF, 0xC0, 0xFF, 0xC0, 0xFF, 0xC0, 0xFF,
	0xC0, 0xFF, 0xC0, 0xFF, 0xC0, 0xFF, 0xC0, 0xFF, 0xC0, 0xFF, 0xC0, 0xFF, 0xC0, 0xFF, 0xC0, 0xFF,
	0xC0, 0xFF, 0xC0, 0xFF, 0xC0, 0xFF, 0xC0, 0xFF, 0xC0, 0xFF, 0x14, 0xFF, 0x14, 0xFF, 0x0F, 0xFD,
	0x0F, 0xFD, 0x10, 0xFD, 0x10, 0xFD, 0x10, 0xFD, 0x10, 0xFD, 0x10, 0xFD, 0x11, 0xFD, 0x11, 0xFD,
	0x11, 0xFD, 0x11, 0xFD, 0x11, 0xFD, 0x12, 0xFD, 0x12, 0xFD, 0x12, 0xFD, 0x12, 0xFD, 0x12, 0xFD,
	0x12, 0xFD, 0x13, 0xFD, 0x13, 0xFD, 0x13, 0xFD, 0x13, 0xFD, 0x6B, 0xF8, 0x6C, 0xF8, 0x6C, 0xF8,
	0x6D, 0xF8, 0x6D, 0xF8, 0x6E, 0xF8, 0x6E, 0xF8, 0x6E, 0xF8, 0x6F, 0xF8, 0x6F, 0xF8, 0x70, 0xF8,
	0x70, 0xF8, 0x71, 0xF8, 0x71, 0xF8, 0x72, 0xF8, 0x72, 0xF8, 0x73, 0xF8, 0x73, 0xF8, 0x74, 0xF8,
	0x74, 0xF8, 0x75, 0xF8, 0x75, 0xF8, 0x7B, 0xFA, 0x7C, 0xFA, 0x7C, 0xFA, 0x7C, 0xFA, 0x7D, 0xFA,
	0x7D, 0xFA, 0x7D, 0xFA, 0x7E, 0xFA, 0x7E, 0xFA, 0x7E, 0xFA, 0x7F, 0xFA, 0x7F, 0xFA, 0x80, 0xFA,
	0x80, 0xFA, 0x80, 0xFA, 0x81, 0xFA, 0x81, 0xFA, 0x81, 0xFA, 0x82, 0xFA, 0x82, 0xFA, 0x82, 0xFA,
	0x83, 0xFA, 0x9A, 0x05, 0x9A, 0x05, 0x99, 0x05, 0x99, 0x05, 0x99, 0x05, 0x98, 0x05, 0x98, 0x05,
	0x98, 0x05, 0x97, 0x05, 0x97, 0x05, 0x97, 0x05, 0x96, 0x05, 0x96, 0x05, 0x95, 0x05, 0x95, 0x05,
	0x95, 0x05, 0x94, 0x05, 0x94, 0x05, 0x94, 0x05, 0x93, 0x05, 0x93, 0x05, 0x93, 0x05, 0x11, 0x04,
	0x11, 0x04, 0x11, 0x04, 0x11, 0x04, 0x10, 0x04, 0x10, 0x04, 0x10, 0x04, 0x10, 0x04, 0x0F, 0x04,
	0x0F, 0x04, 0x0F, 0x04, 0x0F, 0x04, 0x0E, 0x04, 0x0E, 0x04, 0x0E, 0x04, 0x0D, 0x04, 0x0D, 0x04,
	0x0D, 0x04, 0x0D, 0x04, 0x0C, 0x04, 0x73, 0x03, 0x72, 0x03, 0x40, 0xFF, 0x40, 0xFF, 0x41, 0xFF,
	0x41, 0xFF, 0x41, 0xFF, 0x41, 0xFF, 0x41, 0xFF, 0x41, 0xFF, 0x41, 0xFF, 0x41, 0xFF, 0x41, 0xFF,
	0x41, 0xFF, 0x41, 0xFF, 0x41, 0xFF, 0x41, 0xFF, 0x41, 0xFF, 0x41, 0xFF, 0x41, 0xFF, 0x41, 0xFF,
	0x41, 0xFF, 0xD4, 0xFE, 0xD4, 0xFE, 0x66, 0xFE, 0x66, 0xFE, 0x67, 0xFE, 0x67, 0xFE, 0x67, 0xFE,
	0x67, 0xFE, 0x67, 0xFE, 0x67, 0xFE, 0x67, 0xFE, 0x67, 0xFE, 0x67, 0xFE, 0x67, 0xFE, 0x68, 0xFE,
	0x68, 0xFE, 0x68, 0xFE, 0x68, 0xFE, 0x68, 0xFE, 0x68, 0xFE, 0x68, 0xFE, 0x68, 0xFE, 0x9A, 0x03,
	0x9A, 0x03, 0x9A, 0x03, 0x9A, 0x03, 0x99, 0x03, 0x99, 0x03, 0x99, 0x03, 0x99, 0x03, 0x98, 0x03,
	0x98, 0x03, 0x98, 0x03, 0x98, 0x03, 0x97, 0x03, 0x97, 0x03, 0x97, 0x03, 0x97, 0x03, 0x96, 0x03,
	0x96, 0x03, 0x96, 0x03, 0x96, 0x03, 0x95, 0x03, 0x95, 0x03, 0x2B, 0xFC, 0x2B, 0xFC, 0x2C, 0xFC,
	0x2C, 0xFC, 0x2C, 0xFC, 0x2C, 0xFC, 0x2D, 0xFC, 0x2D, 0xFC, 0x2D, 0xFC, 0x2D, 0xFC, 0x2E, 0xFC,
	0x2E, 0xFC, 0x2E, 0xFC, 0x2E, 0xFC, 0x2F, 0xFC, 0x2F, 0xFC, 0x2F, 0xFC, 0x2F, 0xFC, 0x30, 0xFC,
	0x30, 0xFC, 0x30, 0xFE, 0x30, 0xFE, 0x2F, 0x00, 0x2F, 0x00, 0x2F, 0x00, 0x2F, 0x00, 0x2F, 0x00,
	0x2F, 0x00, 0x2F, 0x00, 0x2F, 0x00, 0x2F, 0x00, 0x2F, 0x00, 0x2F, 0x00, 0x2F, 0x00, 0x2F, 0x00,
	0x2F, 0x00, 0x2F, 0x00, 0x2F, 0x00, 0x2F, 0x00, 0x2F, 0x00, 0x2F, 0x00, 0x2F, 0x00, 0x80, 0xFB,
	0x81, 0xFB, 0x81, 0xFB, 0x81, 0xFB, 0x82, 0xFB, 0x82, 0xFB, 0x82, 0xFB, 0x82, 0xFB, 0x83, 0xFB,
	0x83, 0xFB, 0x83, 0xFB, 0x84, 0xFB, 0x84, 0xFB, 0x84, 0xFB, 0x85, 0xFB, 0x85, 0xFB, 0x85, 0xFB,
	0x85, 0xFB, 0x86, 0xFB, 0x86, 0xFB, 0xD4, 0xFD, 0xD4, 0xFD, 0x22, 0x00, 0x22, 0x00, 0x22, 0x00,
	0x22, 0x00, 0x22, 0x00, 0x22, 0x00, 0x22, 0x00, 0x22, 0x00, 0x22, 0x00, 0x22, 0x00, 0x22, 0x00,
	0x22, 0x00, 0x22, 0x00, 0x22, 0x00, 0x22, 0x00, 0x22, 0x00, 0x22, 0x00, 0x22, 0x00, 0x22, 0x00,
	0x22, 0x00, 0xD7, 0x03, 0xD7, 0x03, 0xD6, 0x03, 0xD6, 0x03, 0xD6, 0x03, 0xD6, 0x03, 0xD5, 0x03,
	0xD5, 0x03, 0xD5, 0x03, 0xD4, 0x03, 0xD4, 0x03, 0xD4, 0x03, 0xD4, 0x03, 0xD3, 0x03, 0xD3, 0x03,
	0xD3, 0x03, 0xD3, 0x03, 0xD2, 0x03, 0xD2, 0x03, 0xD2, 0x03, 0xD7, 0x00, 0xD7, 0x00, 0xD7, 0x00,
	0xD7, 0x00, 0xD7, 0x00, 0xD7, 0x00, 0xD7, 0x00, 0xD7, 0x00, 0xD7, 0x00, 0xD6, 0x00, 0xD6, 0x00,
	0xD6, 0x00, 0xD6, 0x00, 0xD6, 0x00, 0xD6, 0x00, 0xD6, 0x00, 0xD6, 0x00, 0xD6, 0x00, 0xD6, 0x00,
	0xD6, 0x00, 0xFE, 0x01, 0xFE, 0x01, 0x26, 0x03, 0x26, 0x03, 0x26, 0x03, 0x26, 0x03, 0x25, 0x03,
	0x25, 0x03, 0x25, 0x03, 0x25, 0x03, 0x25, 0x03, 0x24, 0x03, 0x24, 0x03, 0x24, 0x03, 0x24, 0x03,
	0x24, 0x03, 0x23, 0x03, 0x23, 0x03, 0x23, 0x03, 0x23, 0x03, 0xBF, 0x01, 0xBF, 0x01, 0x07, 0xF8,
	0x08, 0xF8, 0x08, 0xF8, 0x09, 0xF8, 0x09, 0xF8, 0x0A, 0xF8, 0x0B, 0xF8, 0x0B, 0xF8, 0x0C, 0xF8,
	0x0C, 0xF8, 0x0D, 0xF8, 0x0D, 0xF8, 0x0E, 0xF8, 0x0E, 0xF8, 0x0F, 0xF8, 0x10, 0xF8, 0x10, 0xF8,
	0x11, 0xF8, 0x11, 0xF8, 0x12, 0xF8, 0xEC, 0x03, 0xEC, 0x03, 0xEC, 0x03, 0xEC, 0x03, 0xEB, 0x03,
	0xEB, 0x03, 0xEB, 0x03, 0xEA, 0x03, 0xEA, 0x03, 0xEA, 0x03, 0xEA, 0x03, 0xE9, 0x03, 0xE9, 0x03,
	0xE9, 0x03, 0xE9, 0x03, 0xE8, 0x03, 0xE8, 0x03, 0xE8, 0x03, 0xE7, 0x03, 0xE7, 0x03, 0x76, 0x00,
	0x76, 0x00, 0x76, 0x00, 0x76, 0x00, 0x76, 0x00, 0x76, 0x00, 0x76, 0x00, 0x76, 0x00, 0x76, 0x00,
	0x76, 0x00, 0x76, 0x00, 0x76, 0x00, 0x76, 0x00, 0x76, 0x00, 0x76, 0x00, 0x75, 0x00, 0x75, 0x00,
	0x75, 0x00, 0x75, 0x00, 0x75, 0x00, 0xCF, 0x07, 0xCF, 0x07, 0xCE, 0x07, 0xCD, 0x07, 0xCD, 0x07,
	0xCC, 0x07, 0xCC, 0x07, 0xCB, 0x07, 0xCB, 0x07, 0xCA, 0x07, 0xCA, 0x07, 0xC9, 0x07, 0xC9, 0x07,
	0xC8, 0x07, 0xC7, 0x07, 0xC7, 0x07, 0xC6, 0x07, 0xC6, 0x07, 0xC5, 0x07, 0xC5, 0x07, 0xAC, 0xFC,
	0xAC, 0xFC, 0xAC, 0xFC, 0xAD, 0xFC, 0xAD, 0xFC, 0xAD, 0xFC, 0xAD, 0xFC, 0xAE, 0xFC, 0xAE, 0xFC,
	0xAE, 0xFC, 0xAE, 0xFC, 0xAF, 0xFC, 0xAF, 0xFC, 0xAF, 0xFC, 0xAF, 0xFC, 0xB0, 0xFC, 0xB0, 0xFC,
	0xB0, 0xFC, 0xB0, 0xFC, 0xB0, 0xFC, 0xAA, 0x03, 0xAA, 0x03, 0xAA, 0x03, 0xA9, 0x03, 0xA9, 0x03,
	0xA9, 0x03, 0xA9, 0x03, 0xA8, 0x03, 0xA8, 0x03, 0xA8, 0x03, 0xA8, 0x03, 0xA7, 0x03, 0xA7, 0x03,
	0xA7, 0x03, 0xA6, 0x03, 0xA6, 0x03, 0xA6, 0x03, 0xA6, 0x03, 0x9A, 0x02, 0x9A, 0x02, 0x4E, 0xFB,
	0x4E, 0xFB, 0x4F, 0xFB, 0x4F, 0xFB, 0x4F, 0xFB, 0x50, 0xFB, 0x50, 0xFB, 0x50, 0xFB, 0x51, 0xFB,
	0x51, 0xFB, 0x51, 0xFB, 0x52, 0xFB, 0x52, 0xFB, 0x52, 0xFB, 0x53, 0xFB, 0x53, 0xFB, 0x53, 0xFB,
	0x54, 0xFB, 0xB8, 0x01, 0xB8, 0x01, 0x8D, 0x05, 0x8D, 0x05, 0x8C, 0x05, 0x8C, 0x05, 0x8B, 0x05,
	0x8B, 0x05, 0x8B, 0x05, 0x8A, 0x05, 0x8A, 0x05, 0x89, 0x05, 0x89, 0x05, 0x89, 0x05, 0x88, 0x05,
	0x88, 0x05, 0x87, 0x05, 0x87, 0x05, 0x87, 0x05, 0x86, 0x05, 0xEF, 0x03, 0xEF, 0x03, 0xEF, 0x03,
	0xEE, 0x03, 0xEE, 0x03, 0xEE, 0x03, 0xEE, 0x03, 0xED, 0x03, 0xED, 0x03, 0xED, 0x03, 0xEC, 0x03,
	0xEC, 0x03, 0xEC, 0x03, 0xEC, 0x03, 0xEB, 0x03, 0xEB, 0x03, 0xEB, 0x03, 0xEA, 0x03, 0xEA, 0x03,
	0xEA, 0x03, 0x49, 0x01, 0x49, 0x01, 0x49, 0x01, 0x49, 0x01, 0x49, 0x01, 0x49, 0x01, 0x49, 0x01,
	0x49, 0x01, 0x49, 0x01, 0x49, 0x01, 0x49, 0x01, 0x48, 0x01, 0x48, 0x01, 0x48, 0x01, 0x48, 0x01,
	0x48, 0x01, 0x48, 0x01, 0x48, 0x01, 0x39, 0x01, 0x39, 0x01, 0x2A, 0x01, 0x2A, 0x01, 0x29, 0x01,
	0x29, 0x01, 0x29, 0x01, 0x29, 0x01, 0x29, 0x01, 0x29, 0x01, 0x29, 0x01, 0x29, 0x01, 0x29, 0x01,
	0x29, 0x01, 0x29, 0x01, 0x28, 0x01, 0x28, 0x01, 0x28, 0x01, 0x28, 0x01, 0x28, 0x01, 0x92, 0xFE,
	0x92, 0xFE, 0x92, 0xFE, 0x92, 0xFE, 0x92, 0xFE, 0x92, 0xFE, 0x93, 0xFE, 0x93, 0xFE, 0x93, 0xFE,
	0x93, 0xFE, 0x93, 0xFE, 0x93, 0xFE, 0x93, 0xFE, 0x93, 0xFE, 0x93, 0xFE, 0x93, 0xFE, 0x94, 0xFE,
	0x94, 0xFE, 0x86, 0xFF, 0x86, 0xFF, 0x5B, 0x02, 0x5B, 0x02, 0x5B, 0x02, 0x5B, 0x02, 0x5B, 0x02,
	0x5A, 0x02, 0x5A, 0x02, 0x5A, 0x02, 0x5A, 0x02, 0x5A, 0x02, 0x59, 0x02, 0x59, 0x02, 0x59, 0x02,
	0x59, 0x02, 0x59, 0x02, 0x59, 0x02, 0x58, 0x02, 0x58, 0x02, 0x05, 0x04, 0x05, 0x04, 0x05, 0x04,
	0x04, 0x04, 0x04, 0x04, 0x04, 0x04, 0x04, 0x04, 0x03, 0x04, 0x03, 0x04, 0x03, 0x04, 0x02, 0x04,
	0x02, 0x04, 0x02, 0x04, 0x01, 0x04, 0x01, 0x04, 0x01, 0x04, 0x01, 0x04, 0x00, 0x04, 0xAE, 0x04,
	0xAD, 0x04, 0x5A, 0x05, 0x5A, 0x05, 0x5A, 0x05, 0x59, 0x05, 0x59, 0x05, 0x58, 0x05, 0x58, 0x05,
	0x58, 0x05, 0x57, 0x05, 0x57, 0x05, 0x56, 0x05, 0x56, 0x05, 0x56, 0x05, 0x55, 0x05, 0x55, 0x05,
	0x54, 0x05, 0x54, 0x05, 0x54, 0x05, 0x62, 0x02, 0x62, 0x02, 0x62, 0x02, 0x62, 0x02, 0x61, 0x02,
	0x61, 0x02, 0x61, 0x02, 0x61, 0x02, 0x61, 0x02, 0x61, 0x02, 0x60, 0x02, 0x60, 0x02, 0x60, 0x02,
	0x60, 0x02, 0x60, 0x02, 0x60, 0x02, 0x5F, 0x02, 0x5F, 0x02, 0x5F, 0x02, 0x5F, 0x02, 0x5E, 0xFA,
	0x5F, 0xFA, 0x5F, 0xFA, 0x5F, 0xFA, 0x60, 0xFA, 0x60, 0xFA, 0x61, 0xFA, 0x61, 0xFA, 0x62, 0xFA,
	0x62, 0xFA, 0x62, 0xFA, 0x63, 0xFA, 0x63, 0xFA, 0x64, 0xFA, 0x64, 0xFA, 0x65, 0xFA, 0x65, 0xFA,
	0x65, 0xFA, 0x66, 0xFA, 0x66, 0xFA, 0x88, 0xFD, 0x88, 0xFD, 0x88, 0xFD, 0x88, 0xFD, 0x89, 0xFD,
	0x89, 0xFD, 0x89, 0xFD, 0x89, 0xFD, 0x89, 0xFD, 0x8A, 0xFD, 0x8A, 0xFD, 0x8A, 0xFD, 0x8A, 0xFD,
	0x8A, 0xFD, 0x8B, 0xFD, 0x8B, 0xFD, 0x8B, 0xFD, 0x8B, 0xFD, 0x8B, 0xFD, 0x8B, 0xFD, 0x07, 0xFA,
	0x07, 0xFA, 0xDB, 0xF8, 0xDC, 0xF8, 0xDC, 0xF8, 0xDD, 0xF8, 0xDD, 0xF8, 0xDE, 0xF8, 0xDF, 0xF8,
	0xDF, 0xF8, 0xE0, 0xF8, 0xE0, 0xF8, 0xE1, 0xF8, 0xE1, 0xF8, 0xE2, 0xF8, 0xE2, 0xF8, 0xE3, 0xF8,
	0xE3, 0xF8, 0xE4, 0xF8, 0xE5, 0xF8, 0x8E, 0xFF, 0x8E, 0xFF, 0x8C, 0x03, 0x8C, 0x03, 0x8C, 0x03,
	0x8B, 0x03, 0x8B, 0x03, 0x8B, 0x03, 0x8B, 0x03, 0x8A, 0x03, 0x8A, 0x03, 0x8A, 0x03, 0x8A, 0x03,
	0x89, 0x03, 0x89, 0x03, 0x89, 0x03, 0x88, 0x03, 0x88, 0x03, 0x88, 0x03, 0x88, 0x03, 0xB8, 0x00,
	0xB8, 0x00, 0x08, 0xFF, 0x08, 0xFF, 0x08, 0xFF, 0x08, 0xFF, 0x08, 0xFF, 0x08, 0xFF, 0x08, 0xFF,
	0x08, 0xFF, 0x09, 0xFF, 0x09, 0xFF, 0x09, 0xFF, 0x09, 0xFF, 0x09, 0xFF, 0x09, 0xFF, 0x09, 0xFF,
	0x09, 0xFF, 0x09, 0xFF, 0x09, 0xFF, 0xD6, 0x00, 0xD6, 0x00, 0x6F, 0x01, 0x6F, 0x01, 0x6F, 0x01,
	0x6F, 0x01, 0x6F, 0x01, 0x6F, 0x01, 0x6E, 0x01, 0x6E, 0x01, 0x6E, 0x01, 0x6E, 0x01, 0x6E, 0x01,
	0x6E, 0x01, 0x6E, 0x01, 0x6E, 0x01, 0x6E, 0x01, 0x6D, 0x01, 0x6D, 0x01, 0x6D, 0x01, 0xAD, 0x00,
	0xAD, 0x00, 0xAD, 0x00, 0xAD, 0x00, 0xAD, 0x00, 0xAD, 0x00, 0xAD, 0x00, 0xAD, 0x00, 0xAD, 0x00,
	0xAD, 0x00, 0xAD, 0x00, 0xAD, 0x00, 0xAD, 0x00, 0xAC, 0x00, 0xAC, 0x00, 0xAC, 0x00, 0xAC, 0x00,
	0xAC, 0x00, 0xAC, 0x00, 0xAC, 0x00, 0x03, 0x04, 0x02, 0x04, 0x02, 0x04, 0x02, 0x04, 0x01, 0x04,
	0x01, 0x04, 0x01, 0x04, 0x00, 0x04, 0x00, 0x04, 0x00, 0x04, 0xFF, 0x03, 0xFF, 0x03, 0xFF, 0x03,
	0xFE, 0x03, 0xFE, 0x03, 0xFE, 0x03, 0xFE, 0x03, 0xFD, 0x03, 0xFD, 0x03, 0xFD, 0x03, 0x1A, 0xFE,
	0x1A, 0xFE, 0x1A, 0xFE, 0x1A, 0xFE, 0x1A, 0xFE, 0x1B, 0xFE, 0x1B, 0xFE, 0x1B, 0xFE, 0x1B, 0xFE,
	0x1B, 0xFE, 0x1B, 0xFE, 0x1B, 0xFE, 0x1C, 0xFE, 0x1C, 0xFE, 0x1C, 0xFE, 0x1C, 0xFE, 0x1C, 0xFE,
	0x1C, 0xFE, 0x44, 0x02, 0x44, 0x02, 0x6B, 0x06, 0x6B, 0x06, 0x6A, 0x06, 0x6A, 0x06, 0x69, 0x06,
	0x69, 0x06, 0x68, 0x06, 0x68, 0x06, 0x67, 0x06, 0x66, 0x06, 0x66, 0x06, 0x65, 0x06, 0x65, 0x06,
	0x64, 0x06, 0x64, 0x06, 0x63, 0x06, 0x63, 0x06, 0x62, 0x06, 0xC8, 0x04, 0xC7, 0x04, 0xC7, 0x04,
	0xC6, 0x04, 0xC6, 0x04, 0xC6, 0x04, 0xC5, 0x04, 0xC5, 0x04, 0xC4, 0x04, 0xC4, 0x04, 0xC4, 0x04,
	0xC3, 0x04, 0xC3, 0x04, 0xC3, 0x04, 0xC2, 0x04, 0xC2, 0x04, 0xC1, 0x04, 0xC1, 0x04, 0xC1, 0x04,
	0xC0, 0x04, 0xF7, 0x01, 0xF7, 0x01, 0xF7, 0x01, 0xF7, 0x01, 0xF6, 0x01, 0xF6, 0x01, 0xF6, 0x01,
	0xF6, 0x01, 0xF6, 0x01, 0xF6, 0x01, 0xF5, 0x01, 0xF5, 0x01, 0xF5, 0x01, 0xF5, 0x01, 0xF5, 0x01,
	0xF5, 0x01, 0xF4, 0x01, 0xF4, 0x01, 0x70, 0xF9, 0x71, 0xF9, 0x72, 0xF9, 0x72, 0xF9, 0x73, 0xF9,
	0x73, 0xF9, 0x74, 0xF9, 0x74, 0xF9, 0x75, 0xF9, 0x75, 0xF9, 0x76, 0xF9, 0x76, 0xF9, 0x77, 0xF9,
	0x77, 0xF9, 0x78, 0xF9, 0x78, 0xF9, 0x79, 0xF9, 0x7A, 0xF9, 0x7A, 0xF9, 0x7B, 0xF9, 0x9A, 0xFA,
	0x9A, 0xFA, 0x9B, 0xFA, 0x9B, 0xFA, 0x9C, 0xFA, 0x9C, 0xFA, 0x9D, 0xFA, 0x9D, 0xFA, 0x9E, 0xFA,
	0x9E, 0xFA, 0x9E, 0xFA, 0x9F, 0xFA, 0x9F, 0xFA, 0xA0, 0xFA, 0xA0, 0xFA, 0xA1, 0xFA, 0xA1, 0xFA,
	0xA2, 0xFA, 0xAF, 0x03, 0xAF, 0x03, 0xAF, 0x03, 0xAE, 0x03, 0xAE, 0x03, 0xAE, 0x03, 0xAD, 0x03,
	0xAD, 0x03, 0xAD, 0x03, 0xAC, 0x03, 0xAC, 0x03, 0xAC, 0x03, 0xAC, 0x03, 0xAB, 0x03, 0xAB, 0x03,
	0xAB, 0x03, 0xAA, 0x03, 0xAA, 0x03, 0xC7, 0x03, 0xC7, 0x03, 0xF8, 0x03, 0xF8, 0x03, 0xF7, 0x03,
	0xF7, 0x03, 0xF7, 0x03, 0xF6, 0x03, 0xF6, 0x03, 0xF6, 0x03, 0xF5, 0x03, 0xF5, 0x03, 0xF5, 0x03,
	0xF4, 0x03, 0xF4, 0x03, 0xF4, 0x03, 0xF3, 0x03, 0xF3, 0x03, 0xF3, 0x03, 0xF2, 0x03, 0xEB, 0xFA,
	0xEC, 0xFA, 0xEC, 0xFA, 0xEC, 0xFA, 0xED, 0xFA, 0xED, 0xFA, 0xEE, 0xFA, 0xEE, 0xFA, 0xEF, 0xFA,
	0xEF, 0xFA, 0xEF, 0xFA, 0xF0, 0xFA, 0xF0, 0xFA, 0xF1, 0xFA, 0xF1, 0xFA, 0xF1, 0xFA, 0xF2, 0xFA,
	0xF2, 0xFA, 0xA8, 0xFA, 0xA9, 0xFA, 0xA9, 0xFA, 0xAA, 0xFA, 0xAA, 0xFA, 0xAB, 0xFA, 0xAB, 0xFA,
	0xAC, 0xFA, 0xAC, 0xFA, 0xAC, 0xFA, 0xAD, 0xFA, 0xAD, 0xFA, 0xAE, 0xFA, 0xAE, 0xFA, 0xAF, 0xFA,
	0xAF, 0xFA, 0xB0, 0xFA, 0xB0, 0xFA, 0xD9, 0xFF, 0xD9, 0xFF, 0x91, 0x01, 0x91, 0x01, 0x91, 0x01,
	0x91, 0x01, 0x91, 0x01, 0x91, 0x01, 0x91, 0x01, 0x90, 0x01, 0x90, 0x01, 0x90, 0x01, 0x90, 0x01,
	0x90, 0x01, 0x90, 0x01, 0x90, 0x01, 0x90, 0x01, 0x8F, 0x01, 0x78, 0x01, 0x78, 0x01, 0x50, 0x01,
	0x50, 0x01, 0x50, 0x01, 0x50, 0x01, 0x50, 0x01, 0x50, 0x01, 0x50, 0x01, 0x50, 0x01, 0x50, 0x01,
	0x4F, 0x01, 0x4F, 0x01, 0x4F, 0x01, 0x4F, 0x01, 0x4F, 0x01, 0x4F, 0x01, 0x4F, 0x01, 0x6A, 0x00,
	0x6A, 0x00, 0x2B, 0xFA, 0x2C, 0xFA, 0x2C, 0xFA, 0x2D, 0xFA, 0x2D, 0xFA, 0x2E, 0xFA, 0x2E, 0xFA,
	0x2F, 0xFA, 0x2F, 0xFA, 0x30, 0xFA, 0x30, 0xFA, 0x31, 0xFA, 0x31, 0xFA, 0x32, 0xFA, 0x32, 0xFA,
	0x33, 0xFA, 0x33, 0xFA, 0x34, 0xFA, 0xEB, 0x00, 0xEB, 0x00, 0xEB, 0x00, 0xEB, 0x00, 0xEB, 0x00,
	0xEB, 0x00, 0xEB, 0x00, 0xEA, 0x00, 0xEA, 0x00, 0xEA, 0x00, 0xEA, 0x00, 0xEA, 0x00, 0xEA, 0x00,
	0xEA, 0x00, 0xEA, 0x00, 0xEA, 0x00, 0xEA, 0x00, 0xEA, 0x00, 0x7F, 0xFC, 0x7F, 0xFC, 0x7F, 0xFC,
	0x80, 0xFC, 0x80, 0xFC, 0x80, 0xFC, 0x81, 0xFC, 0x81, 0xFC, 0x81, 0xFC, 0x81, 0xFC, 0x82, 0xFC,
	0x82, 0xFC, 0x82, 0xFC, 0x83, 0xFC, 0x83, 0xFC, 0x83, 0xFC, 0x84, 0xFC, 0x84, 0xFC, 0x2D, 0x03,
	0x2D, 0x03, 0x2D, 0x03, 0x2C, 0x03, 0x2C, 0x03, 0x2C, 0x03, 0x2B, 0x03, 0x2B, 0x03, 0x2B, 0x03,
	0x2B, 0x03, 0x2A, 0x03, 0x2A, 0x03, 0x2A, 0x03, 0x2A, 0x03, 0x29, 0x03, 0x29, 0x03, 0xCF, 0x02,
	0xCF, 0x02, 0x5B, 0x00, 0x5B, 0x00, 0x5B, 0x00, 0x5B, 0x00, 0x5B, 0x00, 0x5B, 0x00, 0x5B, 0x00,
	0x5B, 0x00, 0x5B, 0x00, 0x5B, 0x00, 0x5B, 0x00, 0x5B, 0x00, 0x5B, 0x00, 0x5B, 0x00, 0x5A, 0x00,
	0x5A, 0x00, 0x33, 0xFE, 0x33, 0xFE, 0x9C, 0xFA, 0x9C, 0xFA, 0x9D, 0xFA, 0x9D, 0xFA, 0x9E, 0xFA,
	0x9E, 0xFA, 0x9F, 0xFA, 0x9F, 0xFA, 0xA0, 0xFA, 0xA0, 0xFA, 0xA1, 0xFA, 0xA1, 0xFA, 0xA1, 0xFA,
	0xA2, 0xFA, 0xA2, 0xFA, 0xA3, 0xFA, 0x6C, 0xFD, 0x6C, 0xFD, 0xD2, 0xFD, 0xD2, 0xFD, 0xD2, 0xFD,
	0xD3, 0xFD, 0xD3, 0xFD, 0xD3, 0xFD, 0xD3, 0xFD, 0xD3, 0xFD, 0xD4, 0xFD, 0xD4, 0xFD, 0xD4, 0xFD,
	0xD4, 0xFD, 0xD4, 0xFD, 0xD5, 0xFD, 0xD5, 0xFD, 0xD5, 0xFD, 0x93, 0xFB, 0x93, 0xFB, 0x93, 0xFB,
	0x94, 0xFB, 0x94, 0xFB, 0x95, 0xFB, 0x95, 0xFB, 0x95, 0xFB, 0x96, 0xFB, 0x96, 0xFB, 0x97, 0xFB,
	0x97, 0xFB, 0x97, 0xFB, 0x98, 0xFB, 0x98, 0xFB, 0x99, 0xFB, 0x99, 0xFB, 0x99, 0xFB, 0x9A, 0xFF,
	0x9A, 0xFF, 0x9A, 0xFF, 0x9A, 0xFF, 0x9A, 0xFF, 0x9A, 0xFF, 0x9A, 0xFF, 0x9A, 0xFF, 0x9A, 0xFF,
	0x9A, 0xFF, 0x9A, 0xFF, 0x9A, 0xFF, 0x9A, 0xFF, 0x9A, 0xFF, 0x9A, 0xFF, 0x9A, 0xFF, 0xC3, 0x00,
	0xC3, 0x00, 0x3F, 0x04, 0x3E, 0x04, 0x3E, 0x04, 0x3E, 0x04, 0x3D, 0x04, 0x3D, 0x04, 0x3D, 0x04,
	0x3C, 0x04, 0x3C, 0x04, 0x3B, 0x04, 0x3B, 0x04, 0x3B, 0x04, 0x3A, 0x04, 0x3A, 0x04, 0x39, 0x04,
	0x39, 0x04, 0x2F, 0x03, 0x2F, 0x03, 0x2F, 0x03, 0x2E, 0x03, 0x2E, 0x03, 0x2E, 0x03, 0x2D, 0x03,
	0x2D, 0x03, 0x2D, 0x03, 0x2D, 0x03, 0x2C, 0x03, 0x2C, 0x03, 0x2C, 0x03, 0x2B, 0x03, 0x2B, 0x03,
	0x2B, 0x03, 0x2B, 0x03, 0x2A, 0x03, 0x48, 0x01, 0x48, 0x01, 0x48, 0x01, 0x48, 0x01, 0x48, 0x01,
	0x48, 0x01, 0x48, 0x01, 0x48, 0x01, 0x47, 0x01, 0x47, 0x01, 0x47, 0x01, 0x47, 0x01, 0x47, 0x01,
	0x47, 0x01, 0x47, 0x01, 0x47, 0x01, 0x46, 0x01, 0x46, 0x01, 0x0A, 0xFD, 0x0A, 0xFD, 0x0A, 0xFD,
	0x0A, 0xFD, 0x0B, 0xFD, 0x0B, 0xFD, 0x0B, 0xFD, 0x0B, 0xFD, 0x0C, 0xFD, 0x0C, 0xFD, 0x0C, 0xFD,
	0x0D, 0xFD, 0x0D, 0xFD, 0x0D, 0xFD, 0x0D, 0xFD, 0x0E, 0xFD, 0x0E, 0xFD, 0x0E, 0xFD, 0x92, 0x00,
	0x92, 0x00, 0x16, 0x04, 0x15, 0x04, 0x15, 0x04, 0x14, 0x04, 0x14, 0x04, 0x14, 0x04, 0x13, 0x04,
	0x13, 0x04, 0x13, 0x04, 0x12, 0x04, 0x12, 0x04, 0x11, 0x04, 0x11, 0x04, 0x11, 0x04, 0x10, 0x04,
	0x10, 0x04, 0x10, 0x04, 0x0F, 0x04, 0x4B, 0xFE, 0x4C, 0xFE, 0x4C, 0xFE, 0x4C, 0xFE, 0x4C, 0xFE,
	0x4C, 0xFE, 0x4C, 0xFE, 0x4D, 0xFE, 0x4D, 0xFE, 0x4D, 0xFE, 0x4D, 0xFE, 0x4D, 0xFE, 0x4D, 0xFE,
	0x4E, 0xFE, 0x4E, 0xFE, 0x4E, 0xFE, 0x4E, 0xFE, 0x4E, 0xFE, 0x32, 0xFB, 0x32, 0xFB, 0x33, 0xFB,
	0x33, 0xFB, 0x34, 0xFB, 0x34, 0xFB, 0x34, 0xFB, 0x35, 0xFB, 0x35, 0xFB, 0x36, 0xFB, 0x36, 0xFB,
	0x37, 0xFB, 0x37, 0xFB, 0x38, 0xFB, 0x38, 0xFB, 0x39, 0xFB, 0x39, 0xFB, 0x39, 0xFB, 0x34, 0xFE,
	0x34, 0xFE, 0x34, 0xFE, 0x34, 0xFE, 0x35, 0xFE, 0x35, 0xFE, 0x35, 0xFE, 0x35, 0xFE, 0x35, 0xFE,
	0x35, 0xFE, 0x36, 0xFE, 0x36, 0xFE, 0x36, 0xFE, 0x36, 0xFE, 0x36, 0xFE, 0x36, 0xFE, 0x37, 0xFE,
	0x37, 0xFE, 0xE9, 0x02, 0xE9, 0x02, 0xE9, 0x02, 0xE8, 0x02, 0xE8, 0x02, 0xE8, 0x02, 0xE7, 0x02,
	0xE7, 0x02, 0xE7, 0x02, 0xE7, 0x02, 0xE6, 0x02, 0xE6, 0x02, 0xE6, 0x02, 0xE6, 0x02, 0xE5, 0x02,
	0xE5, 0x02, 0xE5, 0x02, 0xE4, 0x02, 0x13, 0x04, 0x12, 0x04, 0x12, 0x04, 0x11, 0x04, 0x11, 0x04,
	0x11, 0x04, 0x10, 0x04, 0x10, 0x04, 0x0F, 0x04, 0x0F, 0x04, 0x0F, 0x04, 0x0E, 0x04, 0x0E, 0x04,
	0x0E, 0x04, 0x0D, 0x04, 0x0D, 0x04, 0x0C, 0x04, 0x0C, 0x04, 0xA8, 0x01, 0xA8, 0x01, 0xA8, 0x01,
	0xA8, 0x01, 0xA8, 0x01, 0xA7, 0x01, 0xA7, 0x01, 0xA7, 0x01, 0xA7, 0x01, 0xA7, 0x01, 0xA7, 0x01,
	0xA6, 0x01, 0xA6, 0x01, 0xA6, 0x01, 0xA6, 0x01, 0xA6, 0x01, 0xA6, 0x01, 0xA6, 0x01, 0x86, 0xFB,
	0x86, 0xFB, 0x87, 0xFB, 0x87, 0xFB, 0x88, 0xFB, 0x88, 0xFB, 0x89, 0xFB, 0x89, 0xFB, 0x89, 0xFB,
	0x8A, 0xFB, 0x8A, 0xFB, 0x8B, 0xFB, 0x8B, 0xFB, 0x8C, 0xFB, 0x8C, 0xFB, 0x8D, 0xFB, 0x8D, 0xFB,
	0x8D, 0xFB, 0x4E, 0x03, 0x4E, 0x03, 0x4D, 0x03, 0x4D, 0x03, 0x4D, 0x03, 0x4C, 0x03, 0x4C, 0x03,
	0x4C, 0x03, 0x4B, 0x03, 0x4B, 0x03, 0x4B, 0x03, 0x4A, 0x03, 0x4A, 0x03, 0x4A, 0x03, 0x49, 0x03,
	0x49, 0x03, 0x49, 0x03, 0x48, 0x03, 0x36, 0x03, 0x36, 0x03, 0x36, 0x03, 0x35, 0x03, 0x35, 0x03,
	0x35, 0x03, 0x34, 0x03, 0x34, 0x03, 0x34, 0x03, 0x33, 0x03, 0x33, 0x03, 0x33, 0x03, 0x32, 0x03,
	0x32, 0x03, 0x32, 0x03, 0x32, 0x03, 0x61, 0x03, 0x61, 0x03, 0xAE, 0x04, 0xAD, 0x04, 0xAD, 0x04,
	0xAC, 0x04, 0xAC, 0x04, 0xAC, 0x04, 0xAB, 0x04, 0xAB, 0x04, 0xAA, 0x04, 0xAA, 0x04, 0xA9, 0x04,
	0xA9, 0x04, 0xA8, 0x04, 0xA8, 0x04, 0xA7, 0x04, 0xA7, 0x04, 0xE4, 0x03, 0xE4, 0x03, 0x6F, 0x03,
	0x6E, 0x03, 0x6E, 0x03, 0x6E, 0x03, 0x6D, 0x03, 0x6D, 0x03, 0x6D, 0x03, 0x6C, 0x03, 0x6C, 0x03,
	0x6C, 0x03, 0x6B, 0x03, 0x6B, 0x03, 0x6B, 0x03, 0x6A, 0x03, 0x6A, 0x03, 0x6A, 0x03, 0x3F, 0xFF,
	0x3F, 0xFF, 0x3F, 0xFF, 0x3F, 0xFF, 0x3F, 0xFF, 0x3F, 0xFF, 0x3F, 0xFF, 0x3F, 0xFF, 0x3F, 0xFF,
	0x3F, 0xFF, 0x3F, 0xFF, 0x3F, 0xFF, 0x3F, 0xFF, 0x40, 0xFF, 0x40, 0xFF, 0x40, 0xFF, 0x40, 0xFF,
	0x40, 0xFF, 0x51, 0xFD, 0x52, 0xFD, 0x52, 0xFD, 0x52, 0xFD, 0x52, 0xFD, 0x53, 0xFD, 0x53, 0xFD,
	0x53, 0xFD, 0x54, 0xFD, 0x54, 0xFD, 0x54, 0xFD, 0x54, 0xFD, 0x55, 0xFD, 0x55, 0xFD, 0x55, 0xFD,
	0x55, 0xFD, 0x52, 0x00, 0x52, 0x00, 0x51, 0x01, 0x50, 0x01, 0x50, 0x01, 0x50, 0x01, 0x50, 0x01,
	0x50, 0x01, 0x50, 0x01, 0x50, 0x01, 0x4F, 0x01, 0x4F, 0x01, 0x4F, 0x01, 0x4F, 0x01, 0x4F, 0x01,
	0x4F, 0x01, 0x4F, 0x01, 0x4E, 0x01, 0x3E, 0x03, 0x3E, 0x03, 0x3E, 0x03, 0x3D, 0x03, 0x3D, 0x03,
	0x3D, 0x03, 0x3C, 0x03, 0x3C, 0x03, 0x3C, 0x03, 0x3B, 0x03, 0x3B, 0x03, 0x3B, 0x03, 0x3A, 0x03,
	0x3A, 0x03, 0x3A, 0x03, 0x39, 0x03, 0x02, 0xFF, 0x02, 0xFF, 0xCD, 0xFA, 0xCD, 0xFA, 0xCE, 0xFA,
	0xCE, 0xFA, 0xCF, 0xFA, 0xCF, 0xFA, 0xD0, 0xFA, 0xD1, 0xFA, 0xD1, 0xFA, 0xD2, 0xFA, 0xD2, 0xFA,
	0xD3, 0xFA, 0xD3, 0xFA, 0xD4, 0xFA, 0xD4, 0xFA, 0xD5, 0xFA, 0xCA, 0xFE, 0xCA, 0xFE, 0xCA, 0xFE,
	0xCA, 0xFE, 0xCA, 0xFE, 0xCA, 0xFE, 0xCA, 0xFE, 0xCB, 0xFE, 0xCB, 0xFE, 0xCB, 0xFE, 0xCB, 0xFE,
	0xCB, 0xFE, 0xCB, 0xFE, 0xCB, 0xFE, 0xCB, 0xFE, 0xCC, 0xFE, 0xB5, 0x02, 0xB5, 0x02, 0x0D, 0x05,
	0x0D, 0x05, 0x0C, 0x05, 0x0B, 0x05, 0x0B, 0x05, 0x0A, 0x05, 0x0A, 0x05, 0x09, 0x05, 0x09, 0x05,
	0x08, 0x05, 0x08, 0x05, 0x07, 0x05, 0x07, 0x05, 0x06, 0x05, 0x06, 0x05, 0x05, 0x05, 0x51, 0xFE,
	0x51, 0xFE, 0x51, 0xFE, 0x52, 0xFE, 0x52, 0xFE, 0x52, 0xFE, 0x52, 0xFE, 0x52, 0xFE, 0x52, 0xFE,
	0x53, 0xFE, 0x53, 0xFE, 0x53, 0xFE, 0x53, 0xFE, 0x53, 0xFE, 0x54, 0xFE, 0x54, 0xFE, 0xC0, 0x02,
	0xC0, 0x02, 0xC0, 0x02, 0xBF, 0x02, 0xBF, 0x02, 0xBF, 0x02, 0xBE, 0x02, 0xBE, 0x02, 0xBE, 0x02,
	0xBE, 0x02, 0xBD, 0x02, 0xBD, 0x02, 0xBD, 0x02, 0xBC, 0x02, 0xBC, 0x02, 0xBC, 0x02, 0x80, 0x01,
	0x80, 0x01, 0x45, 0x00, 0x45, 0x00, 0x45, 0x00, 0x45, 0x00, 0x45, 0x00, 0x45, 0x00, 0x45, 0x00,
	0x45, 0x00, 0x45, 0x00, 0x45, 0x00, 0x45, 0x00, 0x45, 0x00, 0x45, 0x00, 0x45, 0x00, 0x45, 0x00,
	0x45, 0x00, 0x89, 0x01, 0x88, 0x01, 0x88, 0x01, 0x88, 0x01, 0x88, 0x01, 0x88, 0x01, 0x88, 0x01,
	0x87, 0x01, 0x87, 0x01, 0x87, 0x01, 0x87, 0x01, 0x87, 0x01, 0x87, 0x01, 0x86, 0x01, 0x86, 0x01,
	0x86, 0x01, 0x51, 0xFE, 0x51, 0xFE, 0x51, 0xFE, 0x51, 0xFE, 0x52, 0xFE, 0x52, 0xFE, 0x52, 0xFE,
	0x52, 0xFE, 0x52, 0xFE, 0x52, 0xFE, 0x53, 0xFE, 0x53, 0xFE, 0x53, 0xFE, 0x53, 0xFE, 0x53, 0xFE,
	0x54, 0xFE, 0xF8, 0x03, 0xF7, 0x03, 0xF7, 0x03, 0xF6, 0x03, 0xF6, 0x03, 0xF5, 0x03, 0xF5, 0x03,
	0xF5, 0x03, 0xF4, 0x03, 0xF4, 0x03, 0xF3, 0x03, 0xF3, 0x03, 0xF2, 0x03, 0xF2, 0x03, 0xF2, 0x03,
	0xF1, 0x03, 0x7F, 0x01, 0x7F, 0x01, 0x08, 0x00, 0x08, 0x00, 0x08, 0x00, 0x08, 0x00, 0x08, 0x00,
	0x08, 0x00, 0x08, 0x00, 0x08, 0x00, 0x08, 0x00, 0x08, 0x00, 0x08, 0x00, 0x08, 0x00, 0x08, 0x00,
	0x08, 0x00, 0x7E, 0xFF, 0x7E, 0xFF, 0xF5, 0xFE, 0xF5, 0xFE, 0xF5, 0xFE, 0xF6, 0xFE, 0xF6, 0xFE,
	0xF6, 0xFE, 0xF6, 0xFE, 0xF6, 0xFE, 0xF6, 0xFE, 0xF6, 0xFE, 0xF6, 0xFE, 0xF7, 0xFE, 0xF7, 0xFE,
	0xF7, 0xFE, 0xC7, 0xFE, 0xC8, 0xFE, 0x39, 0xFE, 0x3A, 0xFE, 0x3A, 0xFE, 0x3A, 0xFE, 0x3A, 0xFE,
	0x3A, 0xFE, 0x3B, 0xFE, 0x3B, 0xFE, 0x3B, 0xFE, 0x3B, 0xFE, 0x3B, 0xFE, 0x3C, 0xFE, 0x3C, 0xFE,
	0x3C, 0xFE, 0x7D, 0xFF, 0x7D, 0xFF, 0x40, 0x03, 0x40, 0x03, 0x3F, 0x03, 0x3F, 0x03, 0x3F, 0x03,
	0x3E, 0x03, 0x3E, 0x03, 0x3E, 0x03, 0x3D, 0x03, 0x3D, 0x03, 0x3D, 0x03, 0x3C, 0x03, 0x3C, 0x03,
	0x3B, 0x03, 0x68, 0x03, 0x68, 0x03, 0xF0, 0x03, 0xEF, 0x03, 0xEF, 0x03, 0xEE, 0x03, 0xEE, 0x03,
	0xEE, 0x03, 0xED, 0x03, 0xED, 0x03, 0xEC, 0x03, 0xEC, 0x03, 0xEB, 0x03, 0xEB, 0x03, 0xEA, 0x03,
	0xEA, 0x03, 0x5D, 0x02, 0x5C, 0x02, 0xB6, 0xFD, 0xB7, 0xFD, 0xB7, 0xFD, 0xB7, 0xFD, 0xB7, 0xFD,
	0xB8, 0xFD, 0xB8, 0xFD, 0xB8, 0xFD, 0xB8, 0xFD, 0xB9, 0xFD, 0xB9, 0xFD, 0xB9, 0xFD, 0xB9, 0xFD,
	0xBA, 0xFD, 0xBA, 0xFD, 0xBA, 0xFD, 0x73, 0xFB, 0x73, 0xFB, 0x74, 0xFB, 0x74, 0xFB, 0x75, 0xFB,
	0x76, 0xFB, 0x76, 0xFB, 0x77, 0xFB, 0x77, 0xFB, 0x78, 0xFB, 0x78, 0xFB, 0x79, 0xFB, 0x79, 0xFB,
	0x7A, 0xFB, 0x7A, 0xFB, 0x7B, 0xFB, 0x7B, 0xFB, 0x7C, 0xFB, 0xD9, 0xFF, 0xD9, 0xFF, 0xD9, 0xFF,
	0xD9, 0xFF, 0xD9, 0xFF, 0xD9, 0xFF, 0xD9, 0xFF, 0xD9, 0xFF, 0xD9, 0xFF, 0xD9, 0xFF, 0xD9, 0xFF,
	0xD9, 0xFF, 0xD9, 0xFF, 0xD9, 0xFF, 0xD9, 0xFF, 0xD9, 0xFF, 0x64, 0x01, 0x64, 0x01, 0x9C, 0x01,
	0x9C, 0x01, 0x9B, 0x01, 0x9B, 0x01, 0x9B, 0x01, 0x9B, 0x01, 0x9B, 0x01, 0x9A, 0x01, 0x9A, 0x01,
	0x9A, 0x01, 0x9A, 0x01, 0x9A, 0x01, 0x99, 0x01, 0x99, 0x01, 0x99, 0x01, 0x99, 0x01, 0xB8, 0xFE,
	0xB9, 0xFE, 0xB9, 0xFE, 0xB9, 0xFE, 0xB9, 0xFE, 0xB9, 0xFE, 0xB9, 0xFE, 0xB9, 0xFE, 0xBA, 0xFE,
	0xBA, 0xFE, 0xBA, 0xFE, 0xBA, 0xFE, 0xBA, 0xFE, 0xBA, 0xFE, 0xBA, 0xFE, 0xBB, 0xFE, 0x62, 0xFC,
	0x63, 0xFC, 0x63, 0xFC, 0x63, 0xFC, 0x64, 0xFC, 0x64, 0xFC, 0x65, 0xFC, 0x65, 0xFC, 0x66, 0xFC,
	0x66, 0xFC, 0x66, 0xFC, 0x67, 0xFC, 0x67, 0xFC, 0x68, 0xFC, 0x68, 0xFC, 0x69, 0xFC, 0xC3, 0xFC,
	0xC4, 0xFC, 0x5A, 0xFD, 0x5B, 0xFD, 0x5B, 0xFD, 0x5B, 0xFD, 0x5C, 0xFD, 0x5C, 0xFD, 0x5C, 0xFD,
	0x5D, 0xFD, 0x5D, 0xFD, 0x5D, 0xFD, 0x5D, 0xFD, 0x5E, 0xFD, 0x5E, 0xFD, 0x5E, 0xFD, 0x5F, 0xFD,
	0x5F, 0xFD, 0x09, 0xFE, 0x0A, 0xFE, 0x0A, 0xFE, 0x0A, 0xFE, 0x0A, 0xFE, 0x0B, 0xFE, 0x0B, 0xFE,
	0x0B, 0xFE, 0x0B, 0xFE, 0x0B, 0xFE, 0x0C, 0xFE, 0x0C, 0xFE, 0x0C, 0xFE, 0x0C, 0xFE, 0x0D, 0xFE,
	0x0D, 0xFE, 0xF2, 0x03, 0xF1, 0x03, 0xF1, 0x03, 0xF0, 0x03, 0xF0, 0x03, 0xF0, 0x03, 0xEF, 0x03,
	0xEF, 0x03, 0xEE, 0x03, 0xEE, 0x03, 0xED, 0x03, 0xED, 0x03, 0xEC, 0x03, 0xEC, 0x03, 0xEB, 0x03,
	0xEB, 0x03, 0xB0, 0xFE, 0xB0, 0xFE, 0x8E, 0xFB, 0x8E, 0xFB, 0x8F, 0xFB, 0x8F, 0xFB, 0x90, 0xFB,
	0x90, 0xFB, 0x91, 0xFB, 0x91, 0xFB, 0x92, 0xFB, 0x92, 0xFB, 0x93, 0xFB, 0x93, 0xFB, 0x94, 0xFB,
	0x95, 0xFB, 0xB7, 0xFB, 0xB7, 0xFB, 0xA2, 0xFC, 0xA3, 0xFC, 0xA3, 0xFC, 0xA4, 0xFC, 0xA4, 0xFC,
	0xA5, 0xFC, 0xA5, 0xFC, 0xA5, 0xFC, 0xA6, 0xFC, 0xA6, 0xFC, 0xA7, 0xFC, 0xA7, 0xFC, 0xA7, 0xFC,
	0xA8, 0xFC, 0xA8, 0xFC, 0xA9, 0xFC, 0xE1, 0x02, 0xE1, 0x02, 0xE0, 0x02, 0xE0, 0x02, 0xE0, 0x02,
	0xDF, 0x02, 0xDF, 0x02, 0xDF, 0x02, 0xDE, 0x02, 0xDE, 0x02, 0xDD, 0x02, 0xDD, 0x02, 0xDD, 0x02,
	0xDC, 0x02, 0xDC, 0x02, 0xDC, 0x02, 0xEF, 0x02, 0xEF, 0x02, 0xEE, 0x02, 0xEE, 0x02, 0xEE, 0x02,
	0xED, 0x02, 0xED, 0x02, 0xEC, 0x02, 0xEC, 0x02, 0xEC, 0x02, 0xEB, 0x02, 0xEB, 0x02, 0xEB, 0x02,
	0xEA, 0x02, 0xEA, 0x02, 0xEA, 0x02, 0x4E, 0x00, 0x4E, 0x00, 0x4E, 0x00, 0x4E, 0x00, 0x4E, 0x00,
	0x4E, 0x00, 0x4D, 0x00, 0x4D, 0x00, 0x4D, 0x00, 0x4D, 0x00, 0x4D, 0x00, 0x4D, 0x00, 0x4D, 0x00,
	0x4D, 0x00, 0x4D, 0x00, 0x4D, 0x00, 0xC2, 0xFC, 0xC2, 0xFC, 0xC3, 0xFC, 0xC3, 0xFC, 0xC3, 0xFC,
	0xC4, 0xFC, 0xC4, 0xFC, 0xC5, 0xFC, 0xC5, 0xFC, 0xC6, 0xFC, 0xC6, 0xFC, 0xC6, 0xFC, 0xC7, 0xFC,
	0xC7, 0xFC, 0xC8, 0xFC, 0xC8, 0xFC, 0x30, 0x01, 0x30, 0x01, 0x30, 0x01, 0x30, 0x01, 0x30, 0x01,
	0x30, 0x01, 0x30, 0x01, 0x2F, 0x01, 0x2F, 0x01, 0x2F, 0x01, 0x2F, 0x01, 0x2F, 0x01, 0x2F, 0x01,
	0x2E, 0x01, 0x2E, 0x01, 0x2E, 0x01, 0x50, 0x01, 0x4F, 0x01, 0x4F, 0x01, 0x4F, 0x01, 0x4F, 0x01,
	0x4F, 0x01, 0x4F, 0x01, 0x4E, 0x01, 0x4E, 0x01, 0x4E, 0x01, 0x4E, 0x01, 0x4E, 0x01, 0x4E, 0x01,
	0x4D, 0x01, 0x4D, 0x01, 0x4D, 0x01, 0x99, 0xFE, 0x9A, 0xFE, 0x9A, 0xFE, 0x9A, 0xFE, 0x9A, 0xFE,
	0x9A, 0xFE, 0x9A, 0xFE, 0x9B, 0xFE, 0x9B, 0xFE, 0x9B, 0xFE, 0x9B, 0xFE, 0x9B, 0xFE, 0x9C, 0xFE,
	0x9C, 0xFE, 0x9C, 0xFE, 0x9C, 0xFE, 0x71, 0xFF, 0x71, 0xFF, 0x71, 0xFF, 0x72, 0xFF, 0x72, 0xFF,
	0x72, 0xFF, 0x72, 0xFF, 0x72, 0xFF, 0x72, 0xFF, 0x72, 0xFF, 0x72, 0xFF, 0x72, 0xFF, 0x72, 0xFF,
	0x72, 0xFF, 0x72, 0xFF, 0x72, 0xFF, 0xCF, 0x00, 0xCF, 0x00, 0xCF, 0x00, 0xCF, 0x00, 0xCF, 0x00,
	0xCF, 0x00, 0xCF, 0x00, 0xCF, 0x00, 0xCF, 0x00, 0xCE, 0x00, 0xCE, 0x00, 0xCE, 0x00, 0xCE, 0x00,
	0xCE, 0x00, 0x01, 0x00, 0x01, 0x00, 0x99, 0xFD, 0x99, 0xFD, 0x9A, 0xFD, 0x9A, 0xFD, 0x9A, 0xFD,
	0x9A, 0xFD, 0x9B, 0xFD, 0x9B, 0xFD, 0x9B, 0xFD, 0x9C, 0xFD, 0x9C, 0xFD, 0x9C, 0xFD, 0x9D, 0xFD,
	0x9D, 0xFD, 0xD3, 0xFE, 0xD3, 0xFE, 0x3A, 0xFF, 0x3A, 0xFF, 0x3A, 0xFF, 0x3A, 0xFF, 0x3B, 0xFF,
	0x3B, 0xFF, 0x3B, 0xFF, 0x3B, 0xFF, 0x3B, 0xFF, 0x3B, 0xFF, 0x3B, 0xFF, 0x3B, 0xFF, 0x3B, 0xFF,
	0x3B, 0xFF, 0x39, 0xFD, 0x39, 0xFD, 0x3A, 0xFD, 0x3A, 0xFD, 0x3B, 0xFD, 0x3B, 0xFD, 0x3B, 0xFD,
	0x3C, 0xFD, 0x3C, 0xFD, 0x3C, 0xFD, 0x3D, 0xFD, 0x3D, 0xFD, 0x3E, 0xFD, 0x3E, 0xFD, 0x3E, 0xFD,
	0x3F, 0xFD, 0x05, 0xFF, 0x05, 0xFF, 0x05, 0xFF, 0x05, 0xFF, 0x06, 0xFF, 0x06, 0xFF, 0x06, 0xFF,
	0x06, 0xFF, 0x06, 0xFF, 0x06, 0xFF, 0x06, 0xFF, 0x07, 0xFF, 0x07, 0xFF, 0x07, 0xFF, 0x87, 0x00,
	0x87, 0x00, 0x06, 0x02, 0x06, 0x02, 0x05, 0x02, 0x05, 0x02, 0x05, 0x02, 0x05, 0x02, 0x04, 0x02,
	0x04, 0x02, 0x04, 0x02, 0x03, 0x02, 0x03, 0x02, 0x03, 0x02, 0x03, 0x02, 0x02, 0x02, 0x51, 0x03,
	0x51, 0x03, 0x51, 0x03, 0x50, 0x03, 0x50, 0x03, 0x4F, 0x03, 0x4F, 0x03, 0x4E, 0x03, 0x4E, 0x03,
	0x4D, 0x03, 0x4D, 0x03, 0x4C, 0x03, 0x4C, 0x03, 0x4B, 0x03, 0x4B, 0x03, 0x4B, 0x03, 0x81, 0xFC,
	0x82, 0xFC, 0x82, 0xFC, 0x83, 0xFC, 0x83, 0xFC, 0x84, 0xFC, 0x84, 0xFC, 0x85, 0xFC, 0x85, 0xFC,
	0x86, 0xFC, 0x86, 0xFC, 0x87, 0xFC, 0x87, 0xFC, 0x87, 0xFC, 0xCD, 0x01, 0xCD, 0x01, 0x8D, 0x02,
	0x8C, 0x02, 0x8C, 0x02, 0x8C, 0x02, 0x8B, 0x02, 0x8B, 0x02, 0x8B, 0x02, 0x8A, 0x02, 0x8A, 0x02,
	0x89, 0x02, 0x89, 0x02, 0x89, 0x02, 0x88, 0x02, 0x88, 0x02, 0x49, 0x01, 0x48, 0x01, 0x48, 0x01,
	0x48, 0x01, 0x48, 0x01, 0x48, 0x01, 0x48, 0x01, 0x47, 0x01, 0x47, 0x01, 0x47, 0x01, 0x47, 0x01,
	0x47, 0x01, 0x46, 0x01, 0x46, 0x01, 0x9B, 0x02, 0x9B, 0x02, 0x0C, 0x03, 0x0C, 0x03, 0x0B, 0x03,
	0x0B, 0x03, 0x0B, 0x03, 0x0A, 0x03, 0x0A, 0x03, 0x09, 0x03, 0x09, 0x03, 0x08, 0x03, 0x08, 0x03,
	0x07, 0x03, 0x07, 0x03, 0x07, 0x03, 0x00, 0x02, 0x00, 0x02, 0x00, 0x02, 0xFF, 0x01, 0xFF, 0x01,
	0xFF, 0x01, 0xFF, 0x01, 0xFE, 0x01, 0xFE, 0x01, 0xFE, 0x01, 0xFD, 0x01, 0xFD, 0x01, 0xFD, 0x01,
	0xFC, 0x01, 0x0A, 0x00, 0x0A, 0x00, 0x64, 0xFF, 0x64, 0xFF, 0x64, 0xFF, 0x64, 0xFF, 0x64, 0xFF,
	0x64, 0xFF, 0x64, 0xFF, 0x64, 0xFF, 0x64, 0xFF, 0x64, 0xFF, 0x64, 0xFF, 0x65, 0xFF, 0x65, 0xFF,
	0x65, 0xFF, 0xC8, 0xFC, 0xC8, 0xFC, 0xC9, 0xFC, 0xC9, 0xFC, 0xC9, 0xFC, 0xCA, 0xFC, 0xCA, 0xFC,
	0xCB, 0xFC, 0xCB, 0xFC, 0xCC, 0xFC, 0xCC, 0xFC, 0xCD, 0xFC, 0xCD, 0xFC, 0xCE, 0xFC, 0x6E, 0xFD,
	0x6E, 0xFD, 0xCA, 0x01, 0xCA, 0x01, 0xCA, 0x01, 0xC9, 0x01, 0xC9, 0x01, 0xC9, 0x01, 0xC9, 0x01,
	0xC8, 0x01, 0xC8, 0x01, 0xC8, 0x01, 0xC8, 0x01, 0xC7, 0x01, 0xC7, 0x01, 0xC7, 0x01, 0x62, 0x00,
	0x62, 0x00, 0x11, 0xFE, 0x12, 0xFE, 0x12, 0xFE, 0x12, 0xFE, 0x13, 0xFE, 0x13, 0xFE, 0x13, 0xFE,
	0x13, 0xFE, 0x14, 0xFE, 0x14, 0xFE, 0x14, 0xFE, 0x15, 0xFE, 0x15, 0xFE, 0x15, 0xFE, 0x39, 0x01,
	0x39, 0x01, 0x1A, 0x03, 0x19, 0x03, 0x19, 0x03, 0x18, 0x03, 0x18, 0x03, 0x18, 0x03, 0x17, 0x03,
	0x17, 0x03, 0x16, 0x03, 0x16, 0x03, 0x15, 0x03, 0x15, 0x03, 0x14, 0x03, 0x14, 0x03, 0x4E, 0x01,
	0x4E, 0x01, 0x0D, 0x01, 0x0D, 0x01, 0x0D, 0x01, 0x0C, 0x01, 0x0C, 0x01, 0x0C, 0x01, 0x0C, 0x01,
	0x0C, 0x01, 0x0C, 0x01, 0x0C, 0x01, 0x0B, 0x01, 0x0B, 0x01, 0x0B, 0x01, 0x0B, 0x01, 0xC0, 0x01,
	0xC0, 0x01, 0xC0, 0x01, 0xBF, 0x01, 0xBF, 0x01, 0xBF, 0x01, 0xBF, 0x01, 0xBE, 0x01, 0xBE, 0x01,
	0xBE, 0x01, 0xBE, 0x01, 0xBD, 0x01, 0xBD, 0x01, 0xBD, 0x01, 0xBC, 0x01, 0xBC, 0x01, 0x45, 0x00,
	0x45, 0x00, 0x45, 0x00, 0x45, 0x00, 0x45, 0x00, 0x45, 0x00, 0x45, 0x00, 0x45, 0x00, 0x45, 0x00,
	0x45, 0x00, 0x45, 0x00, 0x45, 0x00, 0x45, 0x00, 0x45, 0x00, 0x0C, 0x00, 0x0C, 0x00, 0x63, 0xFF,
	0x64, 0xFF, 0x64, 0xFF, 0x64, 0xFF, 0x64, 0xFF, 0x64, 0xFF, 0x64, 0xFF, 0x64, 0xFF, 0x64, 0xFF,
	0x64, 0xFF, 0x64, 0xFF, 0x65, 0xFF, 0x65, 0xFF, 0x65, 0xFF, 0x99, 0x02, 0x98, 0x02, 0x98, 0x02,
	0x97, 0x02, 0x97, 0x02, 0x97, 0x02, 0x96, 0x02, 0x96, 0x02, 0x95, 0x02, 0x95, 0x02, 0x95, 0x02,
	0x94, 0x02, 0x94, 0x02, 0x93, 0x02, 0x93, 0x02, 0x93, 0x02, 0xDE, 0xFE, 0xDE, 0xFE, 0xDE, 0xFE,
	0xDE, 0xFE, 0xDE, 0xFE, 0xDF, 0xFE, 0xDF, 0xFE, 0xDF, 0xFE, 0xDF, 0xFE, 0xDF, 0xFE, 0xE0, 0xFE,
	0xE0, 0xFE, 0xE0, 0xFE, 0xE0, 0xFE, 0x44, 0x00, 0x44, 0x00, 0x95, 0x02, 0x95, 0x02, 0x94, 0x02,
	0x94, 0x02, 0x94, 0x02, 0x93, 0x02, 0x93, 0x02, 0x92, 0x02, 0x92, 0x02, 0x91, 0x02, 0x91, 0x02,
	0x91, 0x02, 0x90, 0x02, 0x90, 0x02, 0x48, 0xFE, 0x48, 0xFE, 0x49, 0xFE, 0x49, 0xFE, 0x49, 0xFE,
	0x4A, 0xFE, 0x4A, 0xFE, 0x4A, 0xFE, 0x4A, 0xFE, 0x4B, 0xFE, 0x4B, 0xFE, 0x4B, 0xFE, 0x4B, 0xFE,
	0x4C, 0xFE, 0xE3, 0xFE, 0xE3, 0xFE, 0xFF, 0x02, 0xFE, 0x02, 0xFE, 0x02, 0xFE, 0x02, 0xFD, 0x02,
	0xFD, 0x02, 0xFC, 0x02, 0xFC, 0x02, 0xFB, 0x02, 0xFB, 0x02, 0xFA, 0x02, 0xFA, 0x02, 0xF9, 0x02,
	0xF9, 0x02, 0x30, 0x02, 0x30, 0x02, 0x2F, 0x02, 0x2F, 0x02, 0x2F, 0x02, 0x2E, 0x02, 0x2E, 0x02,
	0x2D, 0x02, 0x2D, 0x02, 0x2D, 0x02, 0x2C, 0x02, 0x2C, 0x02, 0x2C, 0x02, 0x2B, 0x02, 0xFC, 0x01,
	0xFB, 0x01, 0xB2, 0x00, 0xB2, 0x00, 0xB1, 0x00, 0xB1, 0x00, 0xB1, 0x00, 0xB1, 0x00, 0xB1, 0x00,
	0xB1, 0x00, 0xB1, 0x00, 0xB1, 0x00, 0xB0, 0x00, 0xB0, 0x00, 0xB0, 0x00, 0xB0, 0x00, 0xBB, 0xFD,
	0xBB, 0xFD, 0xBC, 0xFD, 0xBC, 0xFD, 0xBC, 0xFD, 0xBD, 0xFD, 0xBD, 0xFD, 0xBE, 0xFD, 0xBE, 0xFD,
	0xBE, 0xFD, 0xBF, 0xFD, 0xBF, 0xFD, 0xC0, 0xFD, 0xC0, 0xFD, 0xD6, 0xFD, 0xD6, 0xFD, 0xFB, 0xFD,
	0xFB, 0xFD, 0xFB, 0xFD, 0xFC, 0xFD, 0xFC, 0xFD, 0xFC, 0xFD, 0xFD, 0xFD, 0xFD, 0xFD, 0xFD, 0xFD,
	0xFE, 0xFD, 0xFE, 0xFD, 0xFE, 0xFD, 0xFF, 0xFD, 0xFF, 0xFD, 0x5F, 0xFD, 0x60, 0xFD, 0x60, 0xFD,
	0x61, 0xFD, 0x61, 0xFD, 0x61, 0xFD, 0x62, 0xFD, 0x62, 0xFD, 0x63, 0xFD, 0x63, 0xFD, 0x64, 0xFD,
	0x64, 0xFD, 0x65, 0xFD, 0x65, 0xFD, 0x58, 0x01, 0x58, 0x01, 0xE8, 0x01, 0xE8, 0x01, 0xE7, 0x01,
	0xE7, 0x01, 0xE7, 0x01, 0xE6, 0x01, 0xE6, 0x01, 0xE6, 0x01, 0xE5, 0x01, 0xE5, 0x01, 0xE5, 0x01,
	0xE4, 0x01, 0x7A, 0x01, 0x7A, 0x01, 0x3D, 0x00, 0x3D, 0x00, 0x3D, 0x00, 0x3D, 0x00, 0x3D, 0x00,
	0x3C, 0x00, 0x3C, 0x00, 0x3C, 0x00, 0x3C, 0x00, 0x3C, 0x00, 0x3C, 0x00, 0x3C, 0x00, 0x3C, 0x00,
	0x3C, 0x00, 0x3E, 0x01, 0x3E, 0x01, 0x3E, 0x01, 0x3D, 0x01, 0x3D, 0x01, 0x3D, 0x01, 0x3D, 0x01,
	0x3C, 0x01, 0x3C, 0x01, 0x3C, 0x01, 0x3C, 0x01, 0x3C, 0x01, 0x3B, 0x01, 0x3B, 0x01, 0xB0, 0xFE,
	0xB0, 0xFE, 0xB1, 0xFE, 0xB1, 0xFE, 0xB1, 0xFE, 0xB1, 0xFE, 0xB1, 0xFE, 0xB2, 0xFE, 0xB2, 0xFE,
	0xB2, 0xFE, 0xB2, 0xFE, 0xB3, 0xFE, 0xB3, 0xFE, 0xB3, 0xFE, 0x28, 0x00, 0x28, 0x00, 0xA4, 0x00,
	0xA4, 0x00, 0xA4, 0x00, 0xA4, 0x00, 0xA4, 0x00, 0xA3, 0x00, 0xA3, 0x00, 0xA3, 0x00, 0xA3, 0x00,
	0xA3, 0x00, 0xA3, 0x00, 0xA3, 0x00, 0x8F, 0xFF, 0x8F, 0xFF, 0xC5, 0xFD, 0xC5, 0xFD, 0xC6, 0xFD,
	0xC6, 0xFD, 0xC7, 0xFD, 0xC7, 0xFD, 0xC7, 0xFD, 0xC8, 0xFD, 0xC8, 0xFD, 0xC9, 0xFD, 0xC9, 0xFD,
	0xCA, 0xFD, 0xCA, 0xFD, 0xCA, 0xFD, 0x6D, 0xFE, 0x6D, 0xFE, 0x6D, 0xFE, 0x6D, 0xFE, 0x6E, 0xFE,
	0x6E, 0xFE, 0x6E, 0xFE, 0x6F, 0xFE, 0x6F, 0xFE, 0x6F, 0xFE, 0x6F, 0xFE, 0x70, 0xFE, 0x70, 0xFE,
	0x70, 0xFE, 0x36, 0xFF, 0x36, 0xFF, 0x37, 0xFF, 0x37, 0xFF, 0x37, 0xFF, 0x37, 0xFF, 0x37, 0xFF,
	0x37, 0xFF, 0x37, 0xFF, 0x38, 0xFF, 0x38, 0xFF, 0x38, 0xFF, 0x38, 0xFF, 0x38, 0xFF, 0x70, 0x00,
	0x70, 0x00, 0x70, 0x00, 0x70, 0x00, 0x70, 0x00, 0x70, 0x00, 0x6F, 0x00, 0x6F, 0x00, 0x6F, 0x00,
	0x6F, 0x00, 0x6F, 0x00, 0x6F, 0x00, 0x6F, 0x00, 0x6F, 0x00, 0xF7, 0xFE, 0xF7, 0xFE, 0xF7, 0xFE,
	0xF8, 0xFE, 0xF8, 0xFE, 0xF8, 0xFE, 0xF8, 0xFE, 0xF8, 0xFE, 0xF9, 0xFE, 0xF9, 0xFE, 0xF9, 0xFE,
	0xF9, 0xFE, 0xF9, 0xFE, 0xFA, 0xFE, 0x1F, 0x01, 0x1F, 0x01, 0x1F, 0x01, 0x1F, 0x01, 0x1F, 0x01,
	0x1E, 0x01, 0x1E, 0x01, 0x1E, 0x01, 0x1E, 0x01, 0x1D, 0x01, 0x1D, 0x01, 0x1D, 0x01, 0x1D, 0x01,
	0x1D, 0x01, 0x91, 0xFF, 0x91, 0xFF, 0x91, 0xFF, 0x91, 0xFF, 0x91, 0xFF, 0x91, 0xFF, 0x91, 0xFF,
	0x91, 0xFF, 0x91, 0xFF, 0x91, 0xFF, 0x91, 0xFF, 0x92, 0xFF, 0x92, 0xFF, 0x92, 0xFF, 0x35, 0x00,
	0x35, 0x00, 0x35, 0x00, 0x34, 0x00, 0x34, 0x00, 0x34, 0x00, 0x34, 0x00, 0x34, 0x00, 0x34, 0x00,
	0x34, 0x00, 0x34, 0x00, 0x34, 0x00, 0x34, 0x00, 0x34, 0x00, 0xAB, 0xFE, 0xAC, 0xFE, 0xAC, 0xFE,
	0xAC, 0xFE, 0xAC, 0xFE, 0xAD, 0xFE, 0xAD, 0xFE, 0xAD, 0xFE, 0xAD, 0xFE, 0xAE, 0xFE, 0xAE, 0xFE,
	0xAE, 0xFE, 0xAF, 0xFE, 0xAF, 0xFE, 0xD9, 0x00, 0xD9, 0x00, 0xD8, 0x00, 0xD8, 0x00, 0xD8, 0x00,
	0xD8, 0x00, 0xD8, 0x00, 0xD8, 0x00, 0xD7, 0x00, 0xD7, 0x00, 0xD7, 0x00, 0xD7, 0x00, 0xD7, 0x00,
	0xD6, 0x00, 0xE9, 0x00, 0xE9, 0x00, 0xEF, 0x00, 0xEF, 0x00, 0xEE, 0x00, 0xEE, 0x00, 0xEE, 0x00,
	0xEE, 0x00, 0xEE, 0x00, 0xED, 0x00, 0xED, 0x00, 0xED, 0x00, 0xED, 0x00, 0xED, 0x00, 0xEC, 0x00,
	0xEC, 0x00, 0x02, 0xFE, 0x02, 0xFE, 0x03, 0xFE, 0x03, 0xFE, 0x04, 0xFE, 0x04, 0xFE, 0x04, 0xFE,
	0x05, 0xFE, 0x05, 0xFE, 0x06, 0xFE, 0x06, 0xFE, 0x06, 0xFE, 0x07, 0xFE, 0x07, 0xFE, 0xCE, 0x00,
	0xCE, 0x00, 0xCE, 0x00, 0xCD, 0x00, 0xCD, 0x00, 0xCD, 0x00, 0xCD, 0x00, 0xCD, 0x00, 0xCC, 0x00,
	0xCC, 0x00, 0xCC, 0x00, 0xCC, 0x00, 0xCC, 0x00, 0xCC, 0x00, 0x58, 0x01, 0x58, 0x01, 0x86, 0x01,
	0x86, 0x01, 0x86, 0x01, 0x85, 0x01, 0x85, 0x01, 0x85, 0x01, 0x84, 0x01, 0x84, 0x01, 0x84, 0x01,
	0x83, 0x01, 0x83, 0x01, 0x83, 0x01, 0xBA, 0x01, 0xBA, 0x01, 0x60, 0x02, 0x60, 0x02, 0x5F, 0x02,
	0x5F, 0x02, 0x5E, 0x02, 0x5E, 0x02, 0x5D, 0x02, 0x5D, 0x02, 0x5C, 0x02, 0x5C, 0x02, 0x5B, 0x02,
	0x5B, 0x02, 0x5A, 0x02, 0x5A, 0x02, 0x80, 0x00, 0x80, 0x00, 0x80, 0x00, 0x80, 0x00, 0x80, 0x00,
	0x80, 0x00, 0x7F, 0x00, 0x7F, 0x00, 0x7F, 0x00, 0x7F, 0x00, 0x7F, 0x00, 0x7F, 0x00, 0x7F, 0x00,
	0x7F, 0x00, 0xAF, 0x00, 0xAF, 0x00, 0xAF, 0x00, 0xAF, 0x00, 0xAF, 0x00, 0xAF, 0x00, 0xAF, 0x00,
	0xAE, 0x00, 0xAE, 0x00, 0xAE, 0x00, 0xAE, 0x00, 0xAE, 0x00, 0xAE, 0x00, 0xAE, 0x00, 0x65, 0xFE,
	0x65, 0xFE, 0x66, 0xFE, 0x66, 0xFE, 0x66, 0xFE, 0x67, 0xFE, 0x67, 0xFE, 0x67, 0xFE, 0x68, 0xFE,
	0x68, 0xFE, 0x69, 0xFE, 0x69, 0xFE, 0x69, 0xFE, 0x6A, 0xFE, 0x1A, 0xFE, 0x1A, 0xFE, 0x00, 0xFE,
	0x01, 0xFE, 0x01, 0xFE, 0x02, 0xFE, 0x02, 0xFE, 0x02, 0xFE, 0x03, 0xFE, 0x03, 0xFE, 0x04, 0xFE,
	0x04, 0xFE, 0x05, 0xFE, 0x05, 0xFE, 0x08, 0xFE, 0x09, 0xFE, 0x0C, 0xFE, 0x0C, 0xFE, 0x0D, 0xFE,
	0x0D, 0xFE, 0x0D, 0xFE, 0x0E, 0xFE, 0x0E, 0xFE, 0x0F, 0xFE, 0x0F, 0xFE, 0x10, 0xFE, 0x10, 0xFE,
	0x11, 0xFE, 0xE5, 0xFD, 0xE6, 0xFD, 0x9E, 0xFD, 0x9E, 0xFD, 0x9F, 0xFD, 0x9F, 0xFD, 0xA0, 0xFD,
	0xA0, 0xFD, 0xA1, 0xFD, 0xA1, 0xFD, 0xA2, 0xFD, 0xA3, 0xFD, 0xA3, 0xFD, 0xA4, 0xFD, 0xC3, 0xFE,
	0xC4, 0xFE, 0x20, 0x02, 0x1F, 0x02, 0x1F, 0x02, 0x1E, 0x02, 0x1E, 0x02, 0x1D, 0x02, 0x1D, 0x02,
	0x1C, 0x02, 0x1C, 0x02, 0x1B, 0x02, 0x1B, 0x02, 0x1A, 0x02, 0xAA, 0x01, 0xA9, 0x01, 0x59, 0x00,
	0x59, 0x00, 0x59, 0x00, 0x59, 0x00, 0x59, 0x00, 0x59, 0x00, 0x59, 0x00, 0x59, 0x00, 0x59, 0x00,
	0x59, 0x00, 0x58, 0x00, 0x58, 0x00, 0xCD, 0x00, 0xCC, 0x00, 0x28, 0x02, 0x28, 0x02, 0x27, 0x02,
	0x27, 0x02, 0x26, 0x02, 0x26, 0x02, 0x25, 0x02, 0x25, 0x02, 0x24, 0x02, 0x24, 0x02, 0x23, 0x02,
	0x23, 0x02, 0x34, 0x01, 0x33, 0x01, 0xA7, 0xFF, 0xA7, 0xFF, 0xA7, 0xFF, 0xA7, 0xFF, 0xA7, 0xFF,
	0xA7, 0xFF, 0xA7, 0xFF, 0xA7, 0xFF, 0xA7, 0xFF, 0xA7, 0xFF, 0xA8, 0xFF, 0xA8, 0xFF, 0x71, 0xFF,
	0x71, 0xFF, 0x3B, 0xFF, 0x3B, 0xFF, 0x3C, 0xFF, 0x3C, 0xFF, 0x3C, 0xFF, 0x3C, 0xFF, 0x3C, 0xFF,
	0x3D, 0xFF, 0x3D, 0xFF, 0x3D, 0xFF, 0x3D, 0xFF, 0x3D, 0xFF, 0x5E, 0xFE, 0x5E, 0xFE, 0xD9, 0xFD,
	0xD9, 0xFD, 0xDA, 0xFD, 0xDA, 0xFD, 0xDB, 0xFD, 0xDB, 0xFD, 0xDC, 0xFD, 0xDC, 0xFD, 0xDD, 0xFD,
	0xDE, 0xFD, 0xDE, 0xFD, 0xDF, 0xFD, 0x8C, 0x01, 0x8B, 0x01, 0x11, 0x02, 0x11, 0x02, 0x10, 0x02,
	0x10, 0x02, 0x0F, 0x02, 0x0F, 0x02, 0x0E, 0x02, 0x0E, 0x02, 0x0D, 0x02, 0x0C, 0x02, 0x0C, 0x02,
	0x0B, 0x02, 0xBD, 0x00, 0xBC, 0x00, 0xBC, 0x00, 0xBC, 0x00, 0xBC, 0x00, 0xBC, 0x00, 0xBC, 0x00,
	0xBB, 0x00, 0xBB, 0x00, 0xBB, 0x00, 0xBB, 0x00, 0xBB, 0x00, 0xBA, 0x00, 0xBA, 0x00, 0xCE, 0xFE,
	0xCE, 0xFE, 0xCE, 0xFE, 0xCF, 0xFE, 0xCF, 0xFE, 0xCF, 0xFE, 0xD0, 0xFE, 0xD0, 0xFE, 0xD0, 0xFE,
	0xD1, 0xFE, 0xD1, 0xFE, 0xD1, 0xFE, 0xD1, 0xFE, 0xD2, 0xFE, 0xBB, 0x00, 0xBA, 0x00, 0xBA, 0x00,
	0xBA, 0x00, 0xBA, 0x00, 0xBA, 0x00, 0xB9, 0x00, 0xB9, 0x00, 0xB9, 0x00, 0xB9, 0x00, 0xB9, 0x00,
	0xB8, 0x00, 0x15, 0x00, 0x15, 0x00, 0x72, 0xFF, 0x72, 0xFF, 0x72, 0xFF, 0x72, 0xFF, 0x72, 0xFF,
	0x72, 0xFF, 0x73, 0xFF, 0x73, 0xFF, 0x73, 0xFF, 0x73, 0xFF, 0x73, 0xFF, 0x73, 0xFF, 0x01, 0xFE,
	0x02, 0xFE, 0x02, 0xFE, 0x03, 0xFE, 0x03, 0xFE, 0x04, 0xFE, 0x05, 0xFE, 0x05, 0xFE, 0x06, 0xFE,
	0x06, 0xFE, 0x07, 0xFE, 0x07, 0xFE, 0x08, 0xFE, 0x08, 0xFE, 0x31, 0xFF, 0x31, 0xFF, 0x31, 0xFF,
	0x32, 0xFF, 0x32, 0xFF, 0x32, 0xFF, 0x32, 0xFF, 0x32, 0xFF, 0x33, 0xFF, 0x33, 0xFF, 0x33, 0xFF,
	0x33, 0xFF, 0xF2, 0xFE, 0xF2, 0xFE, 0x2F, 0xFE, 0x30, 0xFE, 0x30, 0xFE, 0x31, 0xFE, 0x31, 0xFE,
	0x32, 0xFE, 0x32, 0xFE, 0x33, 0xFE, 0x33, 0xFE, 0x34, 0xFE, 0x34, 0xFE, 0x35, 0xFE, 0x17, 0x00,
	0x17, 0x00, 0x17, 0x00, 0x17, 0x00, 0x17, 0x00, 0x17, 0x00, 0x17, 0x00, 0x17, 0x00, 0x17, 0x00,
	0x17, 0x00, 0x17, 0x00, 0x17, 0x00, 0x17, 0x00, 0x17, 0x00, 0x16, 0xFE, 0x16, 0xFE, 0x17, 0xFE,
	0x18, 0xFE, 0x18, 0xFE, 0x19, 0xFE, 0x19, 0xFE, 0x1A, 0xFE, 0x1A, 0xFE, 0x1B, 0xFE, 0x1B, 0xFE,
	0x1C, 0xFE, 0xC5, 0xFE, 0xC5, 0xFE, 0x6D, 0xFF, 0x6D, 0xFF, 0x6E, 0xFF, 0x6E, 0xFF, 0x6E, 0xFF,
	0x6E, 0xFF, 0x6E, 0xFF, 0x6F, 0xFF, 0x6F, 0xFF, 0x6F, 0xFF, 0x6F, 0xFF, 0x6F, 0xFF, 0x76, 0xFF,
	0x77, 0xFF, 0x77, 0xFF, 0x77, 0xFF, 0x77, 0xFF, 0x77, 0xFF, 0x77, 0xFF, 0x78, 0xFF, 0x78, 0xFF,
	0x78, 0xFF, 0x78, 0xFF, 0x78, 0xFF, 0xBE, 0xFF, 0xBE, 0xFF, 0xA6, 0x01, 0xA6, 0x01, 0xA5, 0x01,
	0xA5, 0x01, 0xA4, 0x01, 0xA4, 0x01, 0xA3, 0x01, 0xA3, 0x01, 0xA2, 0x01, 0xA2, 0x01, 0xA1, 0x01,
	0xA1, 0x01, 0xC0, 0x00, 0xC0, 0x00, 0xC0, 0x00, 0xC0, 0x00, 0xC0, 0x00, 0xBF, 0x00, 0xBF, 0x00,
	0xBF, 0x00, 0xBF, 0x00, 0xBE, 0x00, 0xBE, 0x00, 0xBE, 0x00, 0x76, 0x00, 0x76, 0x00, 0x7E, 0xFE,
	0x7F, 0xFE, 0x7F, 0xFE, 0x80, 0xFE, 0x80, 0xFE, 0x81, 0xFE, 0x81, 0xFE, 0x82, 0xFE, 0x82, 0xFE,
	0x83, 0xFE, 0x83, 0xFE, 0x84, 0xFE, 0x74, 0xFE, 0x75, 0xFE, 0x45, 0xFE, 0x46, 0xFE, 0x46, 0xFE,
	0x47, 0xFE, 0x47, 0xFE, 0x48, 0xFE, 0x48, 0xFE, 0x49, 0xFE, 0x49, 0xFE, 0x4A, 0xFE, 0x4B, 0xFE,
	0x4B, 0xFE, 0x6E, 0xFF, 0x6E, 0xFF, 0x8F, 0x00, 0x8F, 0x00, 0x8F, 0x00, 0x8F, 0x00, 0x8F, 0x00,
	0x8E, 0x00, 0x8E, 0x00, 0x8E, 0x00, 0x8E, 0x00, 0x8E, 0x00, 0x8D, 0x00, 0x8D, 0x00, 0x3A, 0x01,
	0x39, 0x01, 0x72, 0x01, 0x72, 0x01, 0x71, 0x01, 0x71, 0x01, 0x70, 0x01, 0x70, 0x01, 0x6F, 0x01,
	0x6F, 0x01, 0x6E, 0x01, 0x6E, 0x01, 0x6D, 0x01, 0x6D, 0x01, 0x5C, 0xFF, 0x5C, 0xFF, 0x5D, 0xFF,
	0x5D, 0xFF, 0x5D, 0xFF, 0x5D, 0xFF, 0x5E, 0xFF, 0x5E, 0xFF, 0x5E, 0xFF, 0x5E, 0xFF, 0x5E, 0xFF,
	0x5F, 0xFF, 0x5F, 0xFF, 0x5F, 0xFF, 0x4C, 0xFF, 0x4C, 0xFF, 0x4D, 0xFF, 0x4D, 0xFF, 0x4D, 0xFF,
	0x4D, 0xFF, 0x4E, 0xFF, 0x4E, 0xFF, 0x4E, 0xFF, 0x4E, 0xFF, 0x4F, 0xFF, 0x4F, 0xFF, 0x4F, 0xFF,
	0x4F, 0xFF, 0x4A, 0x01, 0x4A, 0x01, 0x49, 0x01, 0x49, 0x01, 0x48, 0x01, 0x48, 0x01, 0x48, 0x01,
	0x47, 0x01, 0x47, 0x01, 0x46, 0x01, 0x46, 0x01, 0x45, 0x01, 0x2E, 0x00, 0x2E, 0x00, 0x18, 0xFF,
	0x19, 0xFF, 0x19, 0xFF, 0x19, 0xFF, 0x1A, 0xFF, 0x1A, 0xFF, 0x1A, 0xFF, 0x1B, 0xFF, 0x1B, 0xFF,
	0x1B, 0xFF, 0x1B, 0xFF, 0x1C, 0xFF, 0xA5, 0xFF, 0xA6, 0xFF, 0xA6, 0xFF, 0xA6, 0xFF, 0xA6, 0xFF,
	0xA6, 0xFF, 0xA6, 0xFF, 0xA6, 0xFF, 0xA6, 0xFF, 0xA7, 0xFF, 0xA7, 0xFF, 0xA7, 0xFF, 0xA7, 0xFF,
	0xA7, 0xFF, 0x75, 0xFF, 0x75, 0xFF, 0x75, 0xFF, 0x76, 0xFF, 0x76, 0xFF, 0x76, 0xFF, 0x76, 0xFF,
	0x76, 0xFF, 0x77, 0xFF, 0x77, 0xFF, 0x77, 0xFF, 0x77, 0xFF, 0x37, 0x00, 0x37, 0x00, 0x76, 0x01,
	0x76, 0x01, 0x75, 0x01, 0x75, 0x01, 0x74, 0x01, 0x74, 0x01, 0x73, 0x01, 0x72, 0x01, 0x72, 0x01,
	0x71, 0x01, 0x71, 0x01, 0x70, 0x01, 0x31, 0x01, 0x30, 0x01, 0x30, 0x01, 0x30, 0x01, 0x2F, 0x01,
	0x2F, 0x01, 0x2E, 0x01, 0x2E, 0x01, 0x2D, 0x01, 0x2D, 0x01, 0x2C, 0x01, 0x2C, 0x01, 0x2B, 0x01,
	0x2B, 0x01, 0x80, 0x00, 0x80, 0x00, 0x7F, 0x00, 0x7F, 0x00, 0x7F, 0x00, 0x7F, 0x00, 0x7F, 0x00,
	0x7F, 0x00, 0x7E, 0x00, 0x7E, 0x00, 0x7E, 0x00, 0x7E, 0x00, 0xC1, 0xFF, 0xC1, 0xFF, 0x51, 0xFF,
	0x51, 0xFF, 0x51, 0xFF, 0x51, 0xFF, 0x52, 0xFF, 0x52, 0xFF, 0x52, 0xFF, 0x52, 0xFF, 0x53, 0xFF,
	0x53, 0xFF, 0x53, 0xFF, 0x54, 0xFF, 0xF1, 0xFE, 0xF2, 0xFE, 0xF2, 0xFE, 0xF3, 0xFE, 0xF3, 0xFE,
	0xF4, 0xFE, 0xF4, 0xFE, 0xF4, 0xFE, 0xF5, 0xFE, 0xF5, 0xFE, 0xF6, 0xFE, 0xF6, 0xFE, 0xC1, 0xFF,
	0xC1, 0xFF, 0x8B, 0x00, 0x8B, 0x00, 0x8A, 0x00, 0x8A, 0x00, 0x8A, 0x00, 0x8A, 0x00, 0x89, 0x00,
	0x89, 0x00, 0x89, 0x00, 0x89, 0x00, 0x89, 0x00, 0x88, 0x00, 0x1B, 0x00, 0x1B, 0x00, 0x1B, 0x00,
	0x1B, 0x00, 0x1B, 0x00, 0x1B, 0x00, 0x1B, 0x00, 0x1B, 0x00, 0x1B, 0x00, 0x1B, 0x00, 0x1B, 0x00,
	0x1B, 0x00, 0x8B, 0x00, 0x8B, 0x00, 0xFC, 0x00, 0xFB, 0x00, 0xFB, 0x00, 0xFA, 0x00, 0xFA, 0x00,
	0xF9, 0x00, 0xF9, 0x00, 0xF9, 0x00, 0xF8, 0x00, 0xF8, 0x00, 0xF7, 0x00, 0xF7, 0x00, 0x32, 0x01,
	0x31, 0x01, 0x31, 0x01, 0x30, 0x01, 0x30, 0x01, 0x2F, 0x01, 0x2F, 0x01, 0x2E, 0x01, 0x2E, 0x01,
	0x2D, 0x01, 0x2D, 0x01, 0x2C, 0x01, 0x43, 0x00, 0x42, 0x00, 0xF5, 0xFF, 0xF5, 0xFF, 0xF5, 0xFF,
	0xF5, 0xFF, 0xF5, 0xFF, 0xF5, 0xFF, 0xF5, 0xFF, 0xF5, 0xFF, 0xF5, 0xFF, 0xF5, 0xFF, 0xF5, 0xFF,
	0xF5, 0xFF, 0xF0, 0xFF, 0xF0, 0xFF, 0xF0, 0xFF, 0xF0, 0xFF, 0xF0, 0xFF, 0xF0, 0xFF, 0xF0, 0xFF,
	0xF0, 0xFF, 0xF0, 0xFF, 0xF0, 0xFF, 0xF0, 0xFF, 0xF0, 0xFF, 0x2D, 0xFF, 0x2E, 0xFF, 0x2E, 0xFF,
	0x2E, 0xFF, 0x2F, 0xFF, 0x2F, 0xFF, 0x30, 0xFF, 0x30, 0xFF, 0x30, 0xFF, 0x31, 0xFF, 0x31, 0xFF,
	0x32, 0xFF, 0xE7, 0xFF, 0xE7, 0xFF, 0x9B, 0x00, 0x9B, 0x00, 0x9B, 0x00, 0x9A, 0x00, 0x9A, 0x00,
	0x9A, 0x00, 0x9A, 0x00, 0x99, 0x00, 0x99, 0x00, 0x99, 0x00, 0x98, 0x00, 0x98, 0x00, 0xCD, 0x00,
	0xCC, 0x00, 0xCC, 0x00, 0xCC, 0x00, 0xCB, 0x00, 0xCB, 0x00, 0xCA, 0x00, 0xCA, 0x00, 0xCA, 0x00,
	0xC9, 0x00, 0xC9, 0x00, 0xC8, 0x00, 0x0E, 0xFF, 0x0F, 0xFF, 0x0F, 0xFF, 0x10, 0xFF, 0x10, 0xFF,
	0x11, 0xFF, 0x11, 0xFF, 0x12, 0xFF, 0x12, 0xFF, 0x13, 0xFF, 0x13, 0xFF, 0x14, 0xFF, 0xBA, 0xFF,
	0xBB, 0xFF, 0x1E, 0x00, 0x1E, 0x00, 0x1E, 0x00, 0x1E, 0x00, 0x1E, 0x00, 0x1E, 0x00, 0x1E, 0x00,
	0x1E, 0x00, 0x1E, 0x00, 0x1E, 0x00, 0x06, 0x00, 0x06, 0x00, 0x66, 0xFF, 0x66, 0xFF, 0x66, 0xFF,
	0x67, 0xFF, 0x67, 0xFF, 0x67, 0xFF, 0x67, 0xFF, 0x68, 0xFF, 0x68, 0xFF, 0x68, 0xFF, 0x69, 0xFF,
	0x69, 0xFF, 0x2E, 0xFF, 0x2E, 0xFF, 0x2F, 0xFF, 0x2F, 0xFF, 0x30, 0xFF, 0x30, 0xFF, 0x31, 0xFF,
	0x31, 0xFF, 0x31, 0xFF, 0x32, 0xFF, 0x32, 0xFF, 0x33, 0xFF, 0xB6, 0x00, 0xB6, 0x00, 0xB6, 0x00,
	0xB5, 0x00, 0xB5, 0x00, 0xB4, 0x00, 0xB4, 0x00, 0xB4, 0x00, 0xB3, 0x00, 0xB3, 0x00, 0xB2, 0x00,
	0xB2, 0x00, 0x89, 0x00, 0x89, 0x00, 0x7B, 0x00, 0x7B, 0x00, 0x7B, 0x00, 0x7A, 0x00, 0x7A, 0x00,
	0x7A, 0x00, 0x79, 0x00, 0x79, 0x00, 0x79, 0x00, 0x79, 0x00, 0x3F, 0x00, 0x3F, 0x00, 0x05, 0x00,
	0x05, 0x00, 0x05, 0x00, 0x05, 0x00, 0x05, 0x00, 0x05, 0x00, 0x05, 0x00, 0x05, 0x00, 0x05, 0x00,
	0x05, 0x00, 0xFB, 0xFF, 0xFB, 0xFF, 0xDE, 0xFF, 0xDE, 0xFF, 0xDE, 0xFF, 0xDE, 0xFF, 0xDE, 0xFF,
	0xDE, 0xFF, 0xDE, 0xFF, 0xDE, 0xFF, 0xDF, 0xFF, 0xDF, 0xFF, 0xDF, 0xFF, 0xDF, 0xFF, 0xDF, 0xFF,
	0xDF, 0xFF, 0xDF, 0xFF, 0xDF, 0xFF, 0xDF, 0xFF, 0xDF, 0xFF, 0xDF, 0xFF, 0xDF, 0xFF, 0xE0, 0xFF,
	0xE0, 0xFF, 0xE0, 0xFF, 0xE0, 0xFF, 0xF9, 0xFF, 0xF9, 0xFF, 0xF9, 0xFF, 0xF9, 0xFF, 0xF9, 0xFF,
	0xF9, 0xFF, 0xF9, 0xFF, 0xF9, 0xFF, 0xF9, 0xFF, 0xF9, 0xFF, 0xF9, 0xFF, 0xF9, 0xFF, 0xF9, 0xFF,
	0xF9, 0xFF, 0x82, 0x00, 0x81, 0x00, 0x81, 0x00, 0x81, 0x00, 0x80, 0x00, 0x80, 0x00, 0x80, 0x00,
	0x7F, 0x00, 0x7F, 0x00, 0x7F, 0x00, 0x7E, 0x00, 0x7E, 0x00, 0x48, 0xFF, 0x48, 0xFF, 0x49, 0xFF,
	0x49, 0xFF, 0x4A, 0xFF, 0x4A, 0xFF, 0x4B, 0xFF, 0x4B, 0xFF, 0x4C, 0xFF, 0x4C, 0xFF, 0x4D, 0xFF,
	0x4D, 0xFF, 0xAB, 0xFF, 0xAB, 0xFF, 0x47, 0x00, 0x47, 0x00, 0x46, 0x00, 0x46, 0x00, 0x46, 0x00,
	0x46, 0x00, 0x46, 0x00, 0x45, 0x00, 0x45, 0x00, 0x45, 0x00, 0x45, 0x00, 0x45, 0x00, 0xA1, 0xFF,
	0xA1, 0xFF, 0xA2, 0xFF, 0xA2, 0xFF, 0xA2, 0xFF, 0xA3, 0xFF, 0xA3, 0xFF, 0xA3, 0xFF, 0xA3, 0xFF,
	0xA4, 0xFF, 0xA4, 0xFF, 0xA4, 0xFF, 0xF7, 0xFF, 0xF7, 0xFF, 0x03, 0x00, 0x03, 0x00, 0x03, 0x00,
	0x03, 0x00, 0x03, 0x00, 0x03, 0x00, 0x03, 0x00, 0x03, 0x00, 0x03, 0x00, 0x03, 0x00, 0xFE, 0xFF,
	0xFE, 0xFF, 0xDD, 0xFF, 0xDE, 0xFF, 0xDE, 0xFF, 0xDE, 0xFF, 0xDE, 0xFF, 0xDE, 0xFF, 0xDE, 0xFF,
	0xDE, 0xFF, 0xDE, 0xFF, 0xDE, 0xFF, 0xDF, 0xFF, 0xDF, 0xFF, 0x7C, 0x00, 0x7C, 0x00, 0x7B, 0x00,
	0x7B, 0x00, 0x7A, 0x00, 0x7A, 0x00, 0x7A, 0x00, 0x79, 0x00, 0x79, 0x00, 0x78, 0x00, 0x78, 0x00,
	0x78, 0x00, 0x9A, 0x00, 0x99, 0x00, 0x99, 0x00, 0x98, 0x00, 0x98, 0x00, 0x97, 0x00, 0x97, 0x00,
	0x96, 0x00, 0x95, 0x00, 0x95, 0x00, 0x94, 0x00, 0x94, 0x00, 0x6D, 0x00, 0x6D, 0x00, 0x2D, 0x00,
	0x2D, 0x00, 0x2D, 0x00, 0x2D, 0x00, 0x2D, 0x00, 0x2D, 0x00, 0x2C, 0x00, 0x2C, 0x00, 0x2C, 0x00,
	0x2C, 0x00, 0x2C, 0x00, 0x2C, 0x00, 0xE1, 0xFF, 0xE1, 0xFF, 0xE1, 0xFF, 0xE1, 0xFF, 0xE1, 0xFF,
	0xE1, 0xFF, 0xE2, 0xFF, 0xE2, 0xFF, 0xE2, 0xFF, 0xE2, 0xFF, 0xE2, 0xFF, 0xE2, 0xFF, 0xE4, 0xFF,
	0xE4, 0xFF, 0xE4, 0xFF, 0xE4, 0xFF, 0xE4, 0xFF, 0xE4, 0xFF, 0xE4, 0xFF, 0xE4, 0xFF, 0xE4, 0xFF,
	0xE5, 0xFF, 0xE5, 0xFF, 0xE5, 0xFF, 0xFB, 0xFF, 0xFB, 0xFF, 0xFB, 0xFF, 0xFB, 0xFF, 0xFB, 0xFF,
	0xFB, 0xFF, 0xFB, 0xFF, 0xFB, 0xFF, 0xFB, 0xFF, 0xFB, 0xFF, 0xFB, 0xFF, 0xFB, 0xFF, 0xA8, 0xFF,
	0xA8, 0xFF, 0x8D, 0xFF, 0x8D, 0xFF, 0x8E, 0xFF, 0x8E, 0xFF, 0x8F, 0xFF, 0x8F, 0xFF, 0x90, 0xFF,
	0x90, 0xFF, 0x91, 0xFF, 0x91, 0xFF, 0x9D, 0xFF, 0x9D, 0xFF, 0xA8, 0xFF, 0xA9, 0xFF, 0xA9, 0xFF,
	0xAA, 0xFF, 0xAA, 0xFF, 0xAA, 0xFF, 0xAB, 0xFF, 0xAB, 0xFF, 0xAC, 0xFF, 0xAC, 0xFF, 0xB7, 0xFF,
	0xB7, 0xFF, 0xD7, 0xFF, 0xD7, 0xFF, 0xD7, 0xFF, 0xD7, 0xFF, 0xD8, 0xFF, 0xD8, 0xFF, 0xD8, 0xFF,
	0xD8, 0xFF, 0xD8, 0xFF, 0xD9, 0xFF, 0xD9, 0xFF, 0xD9, 0xFF, 0x40, 0x00, 0x40, 0x00, 0x3F, 0x00,
	0x3F, 0x00, 0x3F, 0x00, 0x3E, 0x00, 0x3E, 0x00, 0x3E, 0x00, 0x3D, 0x00, 0x3D, 0x00, 0x3D, 0x00,
	0x3C, 0x00, 0x13, 0x00, 0x13, 0x00, 0x13, 0x00, 0x13, 0x00, 0x13, 0x00, 0x12, 0x00, 0x12, 0x00,
	0x12, 0x00, 0x12, 0x00, 0x12, 0x00, 0x12, 0x00, 0x12, 0x00, 0xD8, 0xFF, 0xD8, 0xFF, 0xD9, 0xFF,
	0xD9, 0xFF, 0xD9, 0xFF, 0xD9, 0xFF, 0xDA, 0xFF, 0xDA, 0xFF, 0xDA, 0xFF, 0xDA, 0xFF, 0xDB, 0xFF,
	0xDB, 0xFF, 0xF5, 0xFF, 0xF5, 0xFF, 0xF5, 0xFF, 0xF5, 0xFF, 0xF5, 0xFF, 0xF5, 0xFF, 0xF5, 0xFF,
	0xF5, 0xFF, 0xF5, 0xFF, 0xF5, 0xFF, 0xF5, 0xFF, 0xF6, 0xFF, 0xBA, 0xFF, 0xBB, 0xFF, 0xBB, 0xFF,
	0xBC, 0xFF, 0xBC, 0xFF, 0xBD, 0xFF, 0xBD, 0xFF, 0xBE, 0xFF
};
