unsigned char hit2_wav[] = {
	0x52, 0x49, 0x46, 0x46, 0xB2, 0x45, 0x00, 0x00, 0x57, 0x41, 0x56, 0x45, 0x66, 0x6D, 0x74, 0x20,
	0x10, 0x00, 0x00, 0x00, 0x01, 0x00, 0x01, 0x00, 0x44, 0xAC, 0x00, 0x00, 0x88, 0x58, 0x01, 0x00,
	0x02, 0x00, 0x10, 0x00, 0x64, 0x61, 0x74, 0x61, 0x8E, 0x45, 0x00, 0x00, 0x00, 0x00, 0x13, 0xF1,
	0x13, 0xF1, 0xCC, 0xED, 0xCC, 0xED, 0xD5, 0xEB, 0xD5, 0xEB, 0xEE, 0x1E, 0xEE, 0x1E, 0xEE, 0x1E,
	0xEE, 0x1E, 0xF5, 0xE5, 0xF5, 0xE5, 0x40, 0xEB, 0x40, 0xEB, 0x23, 0xFB, 0x23, 0xFB, 0x55, 0xEC,
	0x55, 0xEC, 0x65, 0xE7, 0x65, 0xE7, 0xEA, 0x14, 0xEA, 0x14, 0xEA, 0x14, 0xEA, 0x14, 0xA7, 0x1B,
	0xA7, 0x1B, 0x5B, 0x17, 0x5B, 0x17, 0x48, 0xF9, 0x48, 0xF9, 0x73, 0x07, 0x73, 0x07, 0xF4, 0x0F,
	0xF4, 0x0F, 0xB9, 0x04, 0xB9, 0x04, 0xB9, 0x04, 0xB9, 0x04, 0xC0, 0xE1, 0xC0, 0xE1, 0xC0, 0xE1,
	0xC0, 0xE1, 0x27, 0xFE, 0x27, 0xFE, 0x27, 0xFE, 0x27, 0xFE, 0xF1, 0xE0, 0xF1, 0xE0, 0x44, 0xE5,
	0x44, 0xE5, 0x79, 0xEC, 0x79, 0xEC, 0x90, 0xEB, 0x90, 0xEB, 0x05, 0xEB, 0x05, 0xEB, 0x37, 0xE0,
	0x37, 0xE0, 0x37, 0xE0, 0x37, 0xE0, 0x1B, 0x1C, 0x1B, 0x1C, 0x1B, 0x1C, 0x1B, 0x1C, 0x04, 0xFC,
	0x04, 0xFC, 0x04, 0xFC, 0x04, 0xFC, 0x01, 0x01, 0x01, 0x01, 0x01, 0x01, 0x01, 0x01, 0xB4, 0xF3,
	0xB4, 0xF3, 0xDE, 0xF5, 0xDE, 0xF5, 0x07, 0x05, 0x07, 0x05, 0x77, 0x00, 0x77, 0x00, 0xDD, 0xF8,
	0xDD, 0xF8, 0x09, 0xFA, 0x09, 0xFA, 0xFC, 0xFB, 0xFC, 0xFB, 0xC2, 0x02, 0xC2, 0x02, 0xD2, 0x06,
	0xD2, 0x06, 0x13, 0x0C, 0x13, 0x0C, 0x39, 0x0F, 0x39, 0x0F, 0xA1, 0x00, 0xA1, 0x00, 0xC3, 0xFB,
	0xC3, 0xFB, 0xED, 0xEF, 0xED, 0xEF, 0x3D, 0xEE, 0x3D, 0xEE, 0x23, 0xE5, 0x23, 0xE5, 0xD6, 0xE3,
	0xD6, 0xE3, 0xA6, 0x06, 0xA6, 0x06, 0x40, 0x12, 0x40, 0x12, 0xC7, 0x13, 0xC7, 0x13, 0x4A, 0x14,
	0x4A, 0x14, 0x3D, 0x1C, 0x3D, 0x1C, 0xE3, 0x1E, 0xE3, 0x1E, 0x14, 0x18, 0x14, 0x18, 0xCF, 0x15,
	0xCF, 0x15, 0x5F, 0xFB, 0x5F, 0xFB, 0x5F, 0xFB, 0x5F, 0xFB, 0xEA, 0x0F, 0xEA, 0x0F, 0xEA, 0x0F,
	0xEA, 0x0F, 0x4C, 0x13, 0x4C, 0x13, 0x4C, 0x13, 0x4C, 0x13, 0x64, 0xEF, 0x64, 0xEF, 0x64, 0xEF,
	0x64, 0xEF, 0x0F, 0xEC, 0x0F, 0xEC, 0x0F, 0xEC, 0x0F, 0xEC, 0x4B, 0xF0, 0x4B, 0xF0, 0xAF, 0xF5,
	0xAF, 0xF5, 0x6A, 0x1B, 0x6A, 0x1B, 0x6F, 0x10, 0x6F, 0x10, 0x7E, 0xEF, 0x7E, 0xEF, 0x2D, 0xF2,
	0x2D, 0xF2, 0x3A, 0xFA, 0x3A, 0xFA, 0x01, 0x08, 0x01, 0x08, 0xF7, 0x1E, 0xF7, 0x1E, 0x15, 0x08,
	0x15, 0x08, 0xF3, 0xE1, 0xF3, 0xE1, 0x57, 0xF3, 0x57, 0xF3, 0x54, 0x10, 0x54, 0x10, 0x94, 0x0D,
	0x94, 0x0D, 0xFF, 0x08, 0xFF, 0x08, 0x58, 0x07, 0x58, 0x07, 0x98, 0x04, 0x98, 0x04, 0xCD, 0xF8,
	0xCD, 0xF8, 0x26, 0xE5, 0x26, 0xE5, 0xD5, 0xF0, 0xD5, 0xF0, 0xE3, 0x13, 0xE3, 0x13, 0x55, 0x11,
	0x55, 0x11, 0x73, 0xFF, 0x73, 0xFF, 0x73, 0xFF, 0x73, 0xFF, 0xC8, 0x08, 0xC8, 0x08, 0xC8, 0x08,
	0xC8, 0x08, 0xC6, 0xFC, 0xC6, 0xFC, 0xC6, 0xFC, 0xC6, 0xFC, 0x7A, 0xE5, 0x7A, 0xE5, 0x7A, 0xE5,
	0x7A, 0xE5, 0xC1, 0x0E, 0xC1, 0x0E, 0xC1, 0x0E, 0xC1, 0x0E, 0x08, 0xE1, 0x08, 0xE1, 0x08, 0xE1,
	0x08, 0xE1, 0xDB, 0xF5, 0xDB, 0xF5, 0xDB, 0xF5, 0xDB, 0xF5, 0xCC, 0x10, 0xCC, 0x10, 0xC7, 0x19,
	0xC7, 0x19, 0xFF, 0x11, 0xFF, 0x11, 0x08, 0x05, 0x08, 0x05, 0xBB, 0x00, 0xBB, 0x00, 0xA2, 0xE2,
	0xA2, 0xE2, 0xA2, 0xE2, 0xA2, 0xE2, 0xA9, 0x08, 0xA9, 0x08, 0xA9, 0x08, 0xA9, 0x08, 0xE0, 0x0C,
	0xE0, 0x0C, 0xE0, 0x0C, 0xE0, 0x0C, 0x3B, 0x06, 0x3B, 0x06, 0x48, 0x05, 0x48, 0x05, 0x8F, 0xFE,
	0x8F, 0xFE, 0xD6, 0xF7, 0xD6, 0xF7, 0xD6, 0xF7, 0xD6, 0xF7, 0xBF, 0x1B, 0xBF, 0x1B, 0xBF, 0x1B,
	0xBF, 0x1B, 0xF0, 0xF4, 0xF0, 0xF4, 0xF0, 0xF4, 0xF0, 0xF4, 0x4A, 0x0C, 0x4A, 0x0C, 0x4A, 0x0C,
	0x4A, 0x0C, 0x4F, 0x0B, 0x4F, 0x0B, 0x4F, 0x0B, 0x4F, 0x0B, 0xD2, 0xFA, 0xD2, 0xFA, 0xD2, 0xFA,
	0xD2, 0xFA, 0x1D, 0x00, 0x1D, 0x00, 0xDE, 0x00, 0xDE, 0x00, 0xD6, 0x04, 0xD6, 0x04, 0x37, 0x07,
	0x37, 0x07, 0x77, 0x0C, 0x77, 0x0C, 0x37, 0x15, 0x37, 0x15, 0x5E, 0x13, 0x5E, 0x13, 0x6F, 0x06,
	0x6F, 0x06, 0x6F, 0x06, 0x6F, 0x06, 0xED, 0x1D, 0xED, 0x1D, 0xED, 0x1D, 0xED, 0x1D, 0x8C, 0xEC,
	0x8C, 0xEC, 0x8C, 0xEC, 0x8C, 0xEC, 0xEA, 0x03, 0xEA, 0x03, 0xEA, 0x03, 0xEA, 0x03, 0x27, 0xFD,
	0x27, 0xFD, 0xE6, 0xFA, 0xE6, 0xFA, 0xBA, 0x06, 0xBA, 0x06, 0x71, 0x1A, 0x71, 0x1A, 0x71, 0x1A,
	0x71, 0x1A, 0x5F, 0x0F, 0x5F, 0x0F, 0x5F, 0x0F, 0x5F, 0x0F, 0x7B, 0xF3, 0x7B, 0xF3, 0x7B, 0xF3,
	0x7B, 0xF3, 0x8B, 0x07, 0x8B, 0x07, 0x8B, 0x07, 0x8B, 0x07, 0xF4, 0x00, 0xF4, 0x00, 0x5E, 0xFA,
	0x5E, 0xFA, 0x5E, 0xFA, 0x5E, 0xFA, 0x95, 0x08, 0x95, 0x08, 0x95, 0x08, 0x95, 0x08, 0xE3, 0x19,
	0xE3, 0x19, 0xE3, 0x19, 0xE3, 0x19, 0xA4, 0x06, 0xA4, 0x06, 0x18, 0xFB, 0x18, 0xFB, 0x94, 0xFB,
	0x94, 0xFB, 0xF8, 0xFE, 0xF8, 0xFE, 0xF8, 0xFE, 0xF8, 0xFE, 0xC7, 0x09, 0xC7, 0x09, 0xC7, 0x09,
	0xC7, 0x09, 0x58, 0x01, 0x58, 0x01, 0x48, 0xFC, 0x48, 0xFC, 0x48, 0xFC, 0x48, 0xFC, 0x43, 0x01,
	0x43, 0x01, 0x43, 0x01, 0x43, 0x01, 0x2F, 0xFB, 0x2F, 0xFB, 0x2F, 0xFB, 0x2F, 0xFB, 0x94, 0x07,
	0x94, 0x07, 0x3C, 0x1C, 0x3C, 0x1C, 0x3C, 0x1C, 0x3C, 0x1C, 0xBF, 0xEF, 0xBF, 0xEF, 0xBF, 0xEF,
	0xBF, 0xEF, 0xF7, 0xEB, 0xF7, 0xEB, 0xB2, 0xE9, 0xB2, 0xE9, 0xB2, 0xE9, 0xB2, 0xE9, 0x2E, 0x1D,
	0x2E, 0x1D, 0x2E, 0x1D, 0x2E, 0x1D, 0xAD, 0x16, 0xAD, 0x16, 0x81, 0x14, 0x81, 0x14, 0x81, 0x14,
	0x81, 0x14, 0x0B, 0xFE, 0x0B, 0xFE, 0x0B, 0xFE, 0x0B, 0xFE, 0xB2, 0x00, 0xB2, 0x00, 0x94, 0x01,
	0x94, 0x01, 0x94, 0x01, 0x94, 0x01, 0xF0, 0xED, 0xF0, 0xED, 0xF0, 0xED, 0xF0, 0xED, 0x2D, 0xFC,
	0x2D, 0xFC, 0x2D, 0xFC, 0x2D, 0xFC, 0x6A, 0x06, 0x6A, 0x06, 0xA8, 0x10, 0xA8, 0x10, 0xA8, 0x10,
	0xA8, 0x10, 0x89, 0xFF, 0x89, 0xFF, 0x89, 0xFF, 0x89, 0xFF, 0xBC, 0xF1, 0xBC, 0xF1, 0xBC, 0xF1,
	0xBC, 0xF1, 0x2D, 0x05, 0x2D, 0x05, 0x9F, 0x18, 0x9F, 0x18, 0x9F, 0x18, 0x9F, 0x18, 0x08, 0x02,
	0x08, 0x02, 0x08, 0x02, 0x08, 0x02, 0x07, 0xFD, 0x07, 0xFD, 0x07, 0xFD, 0x07, 0xFD, 0x42, 0xF9,
	0x42, 0xF9, 0xF0, 0xED, 0xF0, 0xED, 0xF0, 0xED, 0xF0, 0xED, 0x35, 0xE4, 0x35, 0xE4, 0x35, 0xE4,
	0x35, 0xE4, 0x76, 0xE6, 0x76, 0xE6, 0xB8, 0xE8, 0xB8, 0xE8, 0xB8, 0xE8, 0xB8, 0xE8, 0x09, 0x0D,
	0x09, 0x0D, 0x09, 0x0D, 0x09, 0x0D, 0x00, 0xFD, 0x00, 0xFD, 0xA7, 0xF7, 0xA7, 0xF7, 0xA7, 0xF7,
	0xA7, 0xF7, 0xF0, 0xE1, 0xF0, 0xE1, 0xF0, 0xE1, 0xF0, 0xE1, 0x25, 0xFB, 0x25, 0xFB, 0x8C, 0x03,
	0x8C, 0x03, 0x8C, 0x03, 0x8C, 0x03, 0xFB, 0xE6, 0xFB, 0xE6, 0xFB, 0xE6, 0xFB, 0xE6, 0x40, 0xE6,
	0x40, 0xE6, 0xD0, 0xE5, 0xD0, 0xE5, 0xD0, 0xE5, 0xD0, 0xE5, 0x41, 0x0F, 0x41, 0x0F, 0x41, 0x0F,
	0x41, 0x0F, 0xA2, 0x0F, 0xA2, 0x0F, 0x43, 0x10, 0x43, 0x10, 0x43, 0x10, 0x43, 0x10, 0xFF, 0x17,
	0xFF, 0x17, 0xFF, 0x17, 0xFF, 0x17, 0xFF, 0x17, 0xFF, 0x17, 0xFC, 0xEA, 0xFC, 0xEA, 0xFC, 0xEA,
	0xFC, 0xEA, 0xF1, 0xF7, 0xF1, 0xF7, 0xB7, 0xFF, 0xB7, 0xFF, 0xB7, 0xFF, 0xB7, 0xFF, 0xE0, 0x11,
	0xE0, 0x11, 0xE0, 0x11, 0xE0, 0x11, 0xE0, 0x11, 0xE0, 0x11, 0xD7, 0x1E, 0xD7, 0x1E, 0xD7, 0x1E,
	0xD7, 0x1E, 0x4F, 0x01, 0x4F, 0x01, 0xC7, 0xE3, 0xC7, 0xE3, 0xC7, 0xE3, 0xC7, 0xE3, 0xF4, 0x07,
	0xF4, 0x07, 0xF4, 0x07, 0xF4, 0x07, 0xF4, 0x07, 0xF4, 0x07, 0xB0, 0xFD, 0xB0, 0xFD, 0xB0, 0xFD,
	0xB0, 0xFD, 0xB0, 0xFD, 0xB0, 0xFD, 0x93, 0x0F, 0x93, 0x0F, 0x93, 0x0F, 0x93, 0x0F, 0x9F, 0xFA,
	0x9F, 0xFA, 0xAA, 0xE5, 0xAA, 0xE5, 0xAA, 0xE5, 0xAA, 0xE5, 0x91, 0xE8, 0x91, 0xE8, 0x89, 0xE9,
	0x89, 0xE9, 0x89, 0xE9, 0x89, 0xE9, 0x34, 0x1E, 0x34, 0x1E, 0x34, 0x1E, 0x34, 0x1E, 0x34, 0x1E,
	0x34, 0x1E, 0x3B, 0xEB, 0x3B, 0xEB, 0x3B, 0xEB, 0x3B, 0xEB, 0x3B, 0xEB, 0x3B, 0xEB, 0xDB, 0x15,
	0xDB, 0x15, 0xDB, 0x15, 0xDB, 0x15, 0x1C, 0x02, 0x1C, 0x02, 0x33, 0xE1, 0x33, 0xE1, 0x33, 0xE1,
	0x33, 0xE1, 0x97, 0xF6, 0x97, 0xF6, 0x97, 0xF6, 0x97, 0xF6, 0x97, 0xF6, 0x97, 0xF6, 0x84, 0x1E,
	0x84, 0x1E, 0x84, 0x1E, 0x84, 0x1E, 0xFE, 0x0C, 0xFE, 0x0C, 0x27, 0x07, 0x27, 0x07, 0x27, 0x07,
	0x27, 0x07, 0x0E, 0x18, 0x0E, 0x18, 0x0E, 0x18, 0x0E, 0x18, 0x54, 0x13, 0x54, 0x13, 0x45, 0xF2,
	0x45, 0xF2, 0x45, 0xF2, 0x45, 0xF2, 0x18, 0xEA, 0x18, 0xEA, 0x5E, 0xE7, 0x5E, 0xE7, 0x5E, 0xE7,
	0x5E, 0xE7, 0xA3, 0xF9, 0xA3, 0xF9, 0xA3, 0xF9, 0xA3, 0xF9, 0xA3, 0xF9, 0xA3, 0xF9, 0x5B, 0x07,
	0x5B, 0x07, 0x5B, 0x07, 0x5B, 0x07, 0x32, 0xFF, 0x32, 0xFF, 0xB8, 0xE6, 0xB8, 0xE6, 0xB8, 0xE6,
	0xB8, 0xE6, 0x9F, 0xE3, 0x9F, 0xE3, 0x96, 0xE2, 0x96, 0xE2, 0x96, 0xE2, 0x96, 0xE2, 0x9D, 0x1D,
	0x9D, 0x1D, 0x9D, 0x1D, 0x9D, 0x1D, 0x9D, 0x1D, 0x9D, 0x1D, 0xA1, 0x17, 0xA1, 0x17, 0xA1, 0x17,
	0xA1, 0x17, 0xA1, 0x17, 0xA1, 0x17, 0x22, 0x0A, 0x22, 0x0A, 0x22, 0x0A, 0x22, 0x0A, 0x22, 0x0A,
	0x22, 0x0A, 0xFB, 0x1C, 0xFB, 0x1C, 0xFB, 0x1C, 0xFB, 0x1C, 0x5F, 0x11, 0x5F, 0x11, 0x8C, 0xEE,
	0x8C, 0xEE, 0x8C, 0xEE, 0x8C, 0xEE, 0x56, 0x00, 0x56, 0x00, 0xFB, 0x1D, 0xFB, 0x1D, 0xFB, 0x1D,
	0xFB, 0x1D, 0xDB, 0x10, 0xDB, 0x10, 0xFB, 0xFA, 0xFB, 0xFA, 0xFB, 0xFA, 0xFB, 0xFA, 0x1E, 0xEE,
	0x1E, 0xEE, 0x42, 0xE1, 0x42, 0xE1, 0x42, 0xE1, 0x42, 0xE1, 0x44, 0xF8, 0x44, 0xF8, 0x47, 0x0F,
	0x47, 0x0F, 0x47, 0x0F, 0x47, 0x0F, 0x0A, 0x12, 0x0A, 0x12, 0xA3, 0x16, 0xA3, 0x16, 0xA3, 0x16,
	0xA3, 0x16, 0x86, 0x0E, 0x86, 0x0E, 0x01, 0x01, 0x01, 0x01, 0x01, 0x01, 0x01, 0x01, 0xA8, 0x03,
	0xA8, 0x03, 0x39, 0x16, 0x39, 0x16, 0x39, 0x16, 0x39, 0x16, 0x39, 0x16, 0x39, 0x16, 0x44, 0xE8,
	0x44, 0xE8, 0x44, 0xE8, 0x44, 0xE8, 0x44, 0xE8, 0x44, 0xE8, 0x02, 0xEB, 0x02, 0xEB, 0x02, 0xEB,
	0x02, 0xEB, 0x02, 0xEB, 0x02, 0xEB, 0x7E, 0xE9, 0x7E, 0xE9, 0x7E, 0xE9, 0x7E, 0xE9, 0x7E, 0xE9,
	0x7E, 0xE9, 0x3D, 0x09, 0x3D, 0x09, 0xD2, 0x13, 0xD2, 0x13, 0xD2, 0x13, 0xD2, 0x13, 0x2C, 0x08,
	0x2C, 0x08, 0xC2, 0xF4, 0xC2, 0xF4, 0xC2, 0xF4, 0xC2, 0xF4, 0xC2, 0xF4, 0xC2, 0xF4, 0x8B, 0xEA,
	0x8B, 0xEA, 0x8B, 0xEA, 0x8B, 0xEA, 0x8B, 0xEA, 0x8B, 0xEA, 0x78, 0x1E, 0x78, 0x1E, 0x78, 0x1E,
	0x78, 0x1E, 0x78, 0x1E, 0x78, 0x1E, 0xE2, 0x14, 0xE2, 0x14, 0xE9, 0x04, 0xE9, 0x04, 0xE9, 0x04,
	0xE9, 0x04, 0xE9, 0x04, 0xE9, 0x04, 0x1F, 0xE8, 0x1F, 0xE8, 0x1F, 0xE8, 0x1F, 0xE8, 0x1F, 0xE8,
	0x1F, 0xE8, 0x9A, 0xED, 0x9A, 0xED, 0x9A, 0xED, 0x9A, 0xED, 0x9A, 0xED, 0x9A, 0xED, 0x68, 0x1E,
	0x68, 0x1E, 0x68, 0x1E, 0x68, 0x1E, 0x68, 0x1E, 0x68, 0x1E, 0xBA, 0x11, 0xBA, 0x11, 0xBA, 0x11,
	0xBA, 0x11, 0xBA, 0x11, 0xBA, 0x11, 0xF6, 0xE9, 0xF6, 0xE9, 0xF6, 0xE9, 0xF6, 0xE9, 0xF6, 0xE9,
	0xF6, 0xE9, 0x79, 0x07, 0x79, 0x07, 0x79, 0x07, 0x79, 0x07, 0x79, 0x07, 0x79, 0x07, 0xDD, 0xF1,
	0xDD, 0xF1, 0xDD, 0xF1, 0xDD, 0xF1, 0xDD, 0xF1, 0xDD, 0xF1, 0x24, 0xE7, 0x24, 0xE7, 0x24, 0xE7,
	0x24, 0xE7, 0x24, 0xE7, 0x24, 0xE7, 0xA0, 0xE4, 0xA0, 0xE4, 0xA0, 0xE4, 0xA0, 0xE4, 0xA0, 0xE4,
	0xA0, 0xE4, 0x31, 0xFF, 0x31, 0xFF, 0x0C, 0x08, 0x0C, 0x08, 0x0C, 0x08, 0x0C, 0x08, 0x10, 0x03,
	0x10, 0x03, 0xC1, 0xFA, 0xC1, 0xFA, 0xC1, 0xFA, 0xC1, 0xFA, 0xC1, 0xFA, 0xC1, 0xFA, 0x86, 0x02,
	0x86, 0x02, 0x86, 0x02, 0x86, 0x02, 0x86, 0x02, 0x86, 0x02, 0xB6, 0xEF, 0xB7, 0xEF, 0xB7, 0xEF,
	0xB8, 0xEF, 0xB8, 0xEF, 0xB9, 0xEF, 0x2D, 0x05, 0x2D, 0x05, 0x53, 0x0C, 0x53, 0x0C, 0x52, 0x0C,
	0x52, 0x0C, 0x28, 0x0E, 0x27, 0x0E, 0x01, 0x1B, 0x00, 0x1B, 0x00, 0x1B, 0xFF, 0x1A, 0xFE, 0x1A,
	0xFD, 0x1A, 0xD1, 0x0A, 0xD1, 0x0A, 0xD0, 0x0A, 0xD0, 0x0A, 0xD0, 0x0A, 0xCF, 0x0A, 0xD4, 0xF9,
	0xD4, 0xF9, 0xA5, 0xEF, 0xA5, 0xEF, 0xA6, 0xEF, 0xA6, 0xEF, 0xA7, 0xEF, 0xA7, 0xEF, 0xC0, 0x13,
	0xBF, 0x13, 0xBE, 0x13, 0xBE, 0x13, 0xBD, 0x13, 0xBD, 0x13, 0x51, 0xE8, 0x52, 0xE8, 0x1F, 0xE2,
	0x20, 0xE2, 0x21, 0xE2, 0x22, 0xE2, 0x23, 0xE2, 0x24, 0xE2, 0xBB, 0xFA, 0xBB, 0xFA, 0xBB, 0xFA,
	0xBC, 0xFA, 0xBC, 0xFA, 0xBC, 0xFA, 0xF3, 0x08, 0xF2, 0x08, 0xAF, 0x0D, 0xAE, 0x0D, 0xAE, 0x0D,
	0xAD, 0x0D, 0xAD, 0x0D, 0xAD, 0x0D, 0x49, 0xF5, 0x4A, 0xF5, 0x4A, 0xF5, 0x4A, 0xF5, 0x4B, 0xF5,
	0x4B, 0xF5, 0x76, 0xF5, 0x76, 0xF5, 0xBD, 0xF5, 0xBD, 0xF5, 0xBD, 0xF5, 0xBE, 0xF5, 0xBE, 0xF5,
	0xBE, 0xF5, 0xFC, 0x0E, 0xFB, 0x0E, 0xFB, 0x0E, 0xFA, 0x0E, 0xFA, 0x0E, 0xFA, 0x0E, 0xF9, 0x0E,
	0xF9, 0x0E, 0xA9, 0x0A, 0xA9, 0x0A, 0xA9, 0x0A, 0xA8, 0x0A, 0xA8, 0x0A, 0xA8, 0x0A, 0xEB, 0x01,
	0xEB, 0x01, 0x5D, 0xF3, 0x5D, 0xF3, 0x5E, 0xF3, 0x5E, 0xF3, 0x5F, 0xF3, 0x5F, 0xF3, 0x04, 0xE7,
	0x05, 0xE7, 0xE7, 0xE2, 0xE8, 0xE2, 0xE9, 0xE2, 0xEA, 0xE2, 0xEB, 0xE2, 0xEC, 0xE2, 0x71, 0x04,
	0x71, 0x04, 0x70, 0x04, 0x70, 0x04, 0x70, 0x04, 0x70, 0x04, 0x70, 0x04, 0x70, 0x04, 0x34, 0x02,
	0x34, 0x02, 0x34, 0x02, 0x34, 0x02, 0x34, 0x02, 0x34, 0x02, 0x34, 0x02, 0x34, 0x02, 0x4E, 0x09,
	0x4E, 0x09, 0x4E, 0x09, 0x4E, 0x09, 0x4D, 0x09, 0x4D, 0x09, 0x4D, 0x09, 0x4C, 0x09, 0xCB, 0xFF,
	0xCB, 0xFF, 0xCB, 0xFF, 0xCB, 0xFF, 0xCB, 0xFF, 0xCB, 0xFF, 0xCB, 0xFF, 0xCB, 0xFF, 0xB4, 0xEB,
	0xB5, 0xEB, 0xB5, 0xEB, 0xB6, 0xEB, 0xB7, 0xEB, 0xB7, 0xEB, 0xB8, 0xEB, 0xB9, 0xEB, 0xD8, 0x0D,
	0xD7, 0x0D, 0xD7, 0x0D, 0xD6, 0x0D, 0xD6, 0x0D, 0xD6, 0x0D, 0x25, 0x12, 0x25, 0x12, 0x74, 0x16,
	0x74, 0x16, 0x73, 0x16, 0x72, 0x16, 0x72, 0x16, 0x71, 0x16, 0x9D, 0xF5, 0x9E, 0xF5, 0x9E, 0xF5,
	0x9E, 0xF5, 0x9F, 0xF5, 0x9F, 0xF5, 0xB8, 0xF8, 0xB8, 0xF8, 0xD0, 0xFB, 0xD0, 0xFB, 0xD0, 0xFB,
	0xD1, 0xFB, 0xD1, 0xFB, 0xD1, 0xFB, 0x7E, 0xE2, 0x7F, 0xE2, 0x80, 0xE2, 0x81, 0xE2, 0x82, 0xE2,
	0x82, 0xE2, 0x6A, 0xE7, 0x6B, 0xE7, 0xBB, 0x09, 0xBB, 0x09, 0xBB, 0x09, 0xBA, 0x09, 0xBA, 0x09,
	0xBA, 0x09, 0x64, 0xF7, 0x64, 0xF7, 0xC6, 0xF4, 0xC7, 0xF4, 0xC7, 0xF4, 0xC7, 0xF4, 0xC8, 0xF4,
	0xC8, 0xF4, 0x05, 0xE4, 0x06, 0xE4, 0x07, 0xE4, 0x08, 0xE4, 0x09, 0xE4, 0x09, 0xE4, 0xB1, 0xE6,
	0xB2, 0xE6, 0x41, 0xF9, 0x42, 0xF9, 0x42, 0xF9, 0x42, 0xF9, 0x42, 0xF9, 0x43, 0xF9, 0x48, 0x0A,
	0x48, 0x0A, 0x4C, 0x1B, 0x4B, 0x1B, 0x4A, 0x1B, 0x49, 0x1B, 0x48, 0x1B, 0x47, 0x1B, 0xB1, 0x08,
	0xB0, 0x08, 0x09, 0x06, 0x08, 0x06, 0x08, 0x06, 0x08, 0x06, 0x08, 0x06, 0x08, 0x06, 0xE8, 0xEE,
	0xE9, 0xEE, 0xE9, 0xEE, 0xEA, 0xEE, 0xEB, 0xEE, 0xEB, 0xEE, 0xEC, 0xEE, 0xEC, 0xEE, 0x93, 0x0A,
	0x92, 0x0A, 0x92, 0x0A, 0x92, 0x0A, 0x91, 0x0A, 0x91, 0x0A, 0x91, 0x0A, 0x90, 0x0A, 0x78, 0xF3,
	0x79, 0xF3, 0x79, 0xF3, 0x7A, 0xF3, 0x7A, 0xF3, 0x7A, 0xF3, 0x7B, 0xF3, 0x7B, 0xF3, 0x30, 0xF0,
	0x30, 0xF0, 0x31, 0xF0, 0x31, 0xF0, 0x32, 0xF0, 0x32, 0xF0, 0x33, 0xF0, 0x33, 0xF0, 0x47, 0x18,
	0x46, 0x18, 0x45, 0x18, 0x45, 0x18, 0x44, 0x18, 0x43, 0x18, 0x42, 0x18, 0x42, 0x18, 0xD5, 0xF3,
	0xD5, 0xF3, 0xD5, 0xF3, 0xD6, 0xF3, 0xD6, 0xF3, 0xD7, 0xF3, 0xD7, 0xF3, 0xD7, 0xF3, 0xAD, 0x18,
	0xAC, 0x18, 0xAC, 0x18, 0xAB, 0x18, 0xAA, 0x18, 0xA9, 0x18, 0xA9, 0x18, 0xA8, 0x18, 0xF5, 0x0B,
	0xF5, 0x0B, 0x57, 0x04, 0x57, 0x04, 0x57, 0x04, 0x57, 0x04, 0x57, 0x04, 0x57, 0x04, 0xEB, 0xFE,
	0xEB, 0xFE, 0xAA, 0xEE, 0xAA, 0xEE, 0xAB, 0xEE, 0xAB, 0xEE, 0xAC, 0xEE, 0xAC, 0xEE, 0xAD, 0xEE,
	0xAD, 0xEE, 0xFD, 0xFD, 0xFD, 0xFD, 0xFD, 0xFD, 0xFD, 0xFD, 0xFD, 0xFD, 0xFD, 0xFD, 0xFD, 0xFD,
	0xFD, 0xFD, 0x56, 0xEF, 0x57, 0xEF, 0x3F, 0xED, 0x40, 0xED, 0x41, 0xED, 0x41, 0xED, 0x42, 0xED,
	0x42, 0xED, 0x28, 0xEF, 0x29, 0xEF, 0x6B, 0xFC, 0x6B, 0xFC, 0x6C, 0xFC, 0x6C, 0xFC, 0x6C, 0xFC,
	0x6C, 0xFC, 0x6C, 0xFC, 0x6C, 0xFC, 0x5F, 0xE2, 0x60, 0xE2, 0x61, 0xE2, 0x62, 0xE2, 0x63, 0xE2,
	0x63, 0xE2, 0x64, 0xE2, 0x65, 0xE2, 0xCA, 0xE5, 0xCB, 0xE5, 0x81, 0xFD, 0x81, 0xFD, 0x82, 0xFD,
	0x82, 0xFD, 0x82, 0xFD, 0x82, 0xFD, 0x82, 0xFD, 0x82, 0xFD, 0x31, 0xEA, 0x32, 0xEA, 0xC3, 0xE3,
	0xC4, 0xE3, 0xC4, 0xE3, 0xC5, 0xE3, 0xC6, 0xE3, 0xC7, 0xE3, 0xC8, 0xE3, 0xC9, 0xE3, 0x2D, 0xED,
	0x2D, 0xED, 0x2E, 0xED, 0x2F, 0xED, 0x2F, 0xED, 0x30, 0xED, 0x30, 0xED, 0x31, 0xED, 0x36, 0xEE,
	0x36, 0xEE, 0x53, 0xF5, 0x53, 0xF5, 0x54, 0xF5, 0x54, 0xF5, 0x54, 0xF5, 0x55, 0xF5, 0x55, 0xF5,
	0x56, 0xF5, 0x84, 0xFA, 0x84, 0xFA, 0xB2, 0xFF, 0xB2, 0xFF, 0xB2, 0xFF, 0xB2, 0xFF, 0xB2, 0xFF,
	0xB2, 0xFF, 0xB2, 0xFF, 0xB2, 0xFF, 0x07, 0xEE, 0x07, 0xEE, 0x6E, 0xE3, 0x6F, 0xE3, 0x70, 0xE3,
	0x71, 0xE3, 0x72, 0xE3, 0x73, 0xE3, 0x74, 0xE3, 0x75, 0xE3, 0x58, 0xEF, 0x59, 0xEF, 0x50, 0xF3,
	0x50, 0xF3, 0x50, 0xF3, 0x51, 0xF3, 0x51, 0xF3, 0x52, 0xF3, 0x52, 0xF3, 0x52, 0xF3, 0x30, 0x03,
	0x30, 0x03, 0x79, 0x08, 0x79, 0x08, 0x78, 0x08, 0x78, 0x08, 0x78, 0x08, 0x78, 0x08, 0x77, 0x08,
	0x77, 0x08, 0xF5, 0x0E, 0xF5, 0x0E, 0x72, 0x15, 0x72, 0x15, 0x71, 0x15, 0x70, 0x15, 0x70, 0x15,
	0x6F, 0x15, 0x6E, 0x15, 0x6D, 0x15, 0xCB, 0xF2, 0xCC, 0xF2, 0xCC, 0xF2, 0xCD, 0xF2, 0xCD, 0xF2,
	0xCD, 0xF2, 0xCE, 0xF2, 0xCE, 0xF2, 0x44, 0xE6, 0x45, 0xE6, 0x45, 0xE6, 0x46, 0xE6, 0x47, 0xE6,
	0x48, 0xE6, 0x49, 0xE6, 0x4A, 0xE6, 0x6E, 0x19, 0x6D, 0x19, 0x6C, 0x19, 0x6B, 0x19, 0x6A, 0x19,
	0x69, 0x19, 0x69, 0x19, 0x68, 0x19, 0xC5, 0x10, 0xC4, 0x10, 0xDF, 0xF6, 0xE0, 0xF6, 0xE0, 0xF6,
	0xE0, 0xF6, 0xE0, 0xF6, 0xE1, 0xF6, 0xE1, 0xF6, 0xE1, 0xF6, 0x80, 0x0C, 0x7F, 0x0C, 0x7F, 0x0C,
	0x7F, 0x0C, 0x7E, 0x0C, 0x7E, 0x0C, 0x7D, 0x0C, 0x7D, 0x0C, 0xB1, 0xFD, 0xB1, 0xFD, 0xE6, 0xEE,
	0xE7, 0xEE, 0xE7, 0xEE, 0xE8, 0xEE, 0xE8, 0xEE, 0xE9, 0xEE, 0xEA, 0xEE, 0xEA, 0xEE, 0x6B, 0xE5,
	0x6C, 0xE5, 0x6D, 0xE5, 0x6E, 0xE5, 0x6E, 0xE5, 0x6F, 0xE5, 0x70, 0xE5, 0x71, 0xE5, 0x1C, 0xEA,
	0x1D, 0xEA, 0x1B, 0xF8, 0x1B, 0xF8, 0x1B, 0xF8, 0x1B, 0xF8, 0x1C, 0xF8, 0x1C, 0xF8, 0x1C, 0xF8,
	0x1C, 0xF8, 0x9D, 0xE5, 0x9E, 0xE5, 0xFB, 0xE2, 0xFC, 0xE2, 0xFD, 0xE2, 0xFE, 0xE2, 0xFF, 0xE2,
	0xFF, 0xE2, 0x00, 0xE3, 0x01, 0xE3, 0x94, 0x1D, 0x93, 0x1D, 0x92, 0x1D, 0x91, 0x1D, 0x90, 0x1D,
	0x8F, 0x1D, 0x8E, 0x1D, 0x8D, 0x1D, 0x8C, 0x1D, 0x8B, 0x1D, 0xCE, 0x09, 0xCE, 0x09, 0xCD, 0x09,
	0xCD, 0x09, 0xCD, 0x09, 0xCC, 0x09, 0xCC, 0x09, 0xCC, 0x09, 0xB4, 0x06, 0xB4, 0x06, 0x6F, 0xFD,
	0x6F, 0xFD, 0x6F, 0xFD, 0x6F, 0xFD, 0x6F, 0xFD, 0x6F, 0xFD, 0x6F, 0xFD, 0x6F, 0xFD, 0x23, 0x06,
	0x22, 0x06, 0xA1, 0x14, 0xA1, 0x14, 0xA0, 0x14, 0x9F, 0x14, 0x9F, 0x14, 0x9E, 0x14, 0x9D, 0x14,
	0x9D, 0x14, 0xB6, 0x02, 0xB6, 0x02, 0xE3, 0xE4, 0xE4, 0xE4, 0xE5, 0xE4, 0xE6, 0xE4, 0xE7, 0xE4,
	0xE8, 0xE4, 0xE9, 0xE4, 0xE9, 0xE4, 0xE2, 0xEA, 0xE2, 0xEA, 0xC8, 0xFC, 0xC8, 0xFC, 0xC8, 0xFC,
	0xC9, 0xFC, 0xC9, 0xFC, 0xC9, 0xFC, 0xC9, 0xFC, 0xC9, 0xFC, 0xC9, 0xFC, 0xC9, 0xFC, 0x5E, 0xF3,
	0x5E, 0xF3, 0x5F, 0xF3, 0x5F, 0xF3, 0x60, 0xF3, 0x60, 0xF3, 0x61, 0xF3, 0x61, 0xF3, 0x61, 0xF3,
	0x62, 0xF3, 0xA2, 0xFF, 0xA2, 0xFF, 0xA2, 0xFF, 0xA2, 0xFF, 0xA2, 0xFF, 0xA2, 0xFF, 0xA2, 0xFF,
	0xA2, 0xFF, 0xA2, 0xFF, 0xA2, 0xFF, 0x37, 0xED, 0x38, 0xED, 0x15, 0xE7, 0x16, 0xE7, 0x17, 0xE7,
	0x18, 0xE7, 0x18, 0xE7, 0x19, 0xE7, 0x1A, 0xE7, 0x1B, 0xE7, 0x1C, 0xE7, 0x1D, 0xE7, 0x4D, 0xF3,
	0x4D, 0xF3, 0x4E, 0xF3, 0x4E, 0xF3, 0x4F, 0xF3, 0x4F, 0xF3, 0x4F, 0xF3, 0x50, 0xF3, 0x50, 0xF3,
	0x51, 0xF3, 0xE0, 0xF9, 0xE1, 0xF9, 0x10, 0xFC, 0x10, 0xFC, 0x11, 0xFC, 0x11, 0xFC, 0x11, 0xFC,
	0x11, 0xFC, 0x11, 0xFC, 0x11, 0xFC, 0x11, 0xFC, 0x12, 0xFC, 0xFB, 0xF0, 0xFC, 0xF0, 0xFC, 0xF0,
	0xFD, 0xF0, 0xFD, 0xF0, 0xFE, 0xF0, 0xFE, 0xF0, 0xFF, 0xF0, 0xFF, 0xF0, 0x00, 0xF1, 0x32, 0xF3,
	0x33, 0xF3, 0xC9, 0xF9, 0xC9, 0xF9, 0xC9, 0xF9, 0xC9, 0xF9, 0xCA, 0xF9, 0xCA, 0xF9, 0xCA, 0xF9,
	0xCA, 0xF9, 0xCA, 0xF9, 0xCB, 0xF9, 0xBE, 0x0F, 0xBE, 0x0F, 0xE8, 0x1C, 0xE7, 0x1C, 0xE6, 0x1C,
	0xE5, 0x1C, 0xE4, 0x1C, 0xE3, 0x1C, 0xE2, 0x1C, 0xE1, 0x1C, 0xE0, 0x1C, 0xDF, 0x1C, 0xC4, 0xF6,
	0xC5, 0xF6, 0x13, 0xEA, 0x13, 0xEA, 0x14, 0xEA, 0x15, 0xEA, 0x16, 0xEA, 0x16, 0xEA, 0x17, 0xEA,
	0x18, 0xEA, 0x18, 0xEA, 0x19, 0xEA, 0x6D, 0xEC, 0x6D, 0xEC, 0xD3, 0xED, 0xD3, 0xED, 0xD4, 0xED,
	0xD5, 0xED, 0xD5, 0xED, 0xD6, 0xED, 0xD6, 0xED, 0xD7, 0xED, 0xD8, 0xED, 0xD8, 0xED, 0x65, 0xF6,
	0x65, 0xF6, 0xA4, 0x04, 0xA3, 0x04, 0xA3, 0x04, 0xA3, 0x04, 0xA3, 0x04, 0xA3, 0x04, 0xA3, 0x04,
	0xA2, 0x04, 0xA2, 0x04, 0xA2, 0x04, 0xA2, 0x04, 0xA2, 0x04, 0xC3, 0xE6, 0xC4, 0xE6, 0xC5, 0xE6,
	0xC5, 0xE6, 0xC6, 0xE6, 0xC7, 0xE6, 0xC8, 0xE6, 0xC9, 0xE6, 0xCA, 0xE6, 0xCB, 0xE6, 0xCB, 0xE6,
	0xCC, 0xE6, 0x2A, 0x0F, 0x29, 0x0F, 0xEC, 0x14, 0xEC, 0x14, 0xEB, 0x14, 0xEA, 0x14, 0xEA, 0x14,
	0xE9, 0x14, 0xE8, 0x14, 0xE7, 0x14, 0xE7, 0x14, 0xE6, 0x14, 0x4D, 0x14, 0x4D, 0x14, 0x25, 0x10,
	0x25, 0x10, 0x24, 0x10, 0x23, 0x10, 0x23, 0x10, 0x22, 0x10, 0x22, 0x10, 0x21, 0x10, 0x21, 0x10,
	0x20, 0x10, 0x20, 0x10, 0x1F, 0x10, 0xFD, 0x05, 0xFD, 0x05, 0xE9, 0xFF, 0xE9, 0xFF, 0xE9, 0xFF,
	0xE9, 0xFF, 0xE9, 0xFF, 0xE9, 0xFF, 0xE9, 0xFF, 0xE9, 0xFF, 0xE9, 0xFF, 0xE9, 0xFF, 0xE9, 0xFF,
	0xE9, 0xFF, 0xC9, 0xF9, 0xC9, 0xF9, 0xBF, 0xF7, 0xBF, 0xF7, 0xBF, 0xF7, 0xC0, 0xF7, 0xC0, 0xF7,
	0xC0, 0xF7, 0xC0, 0xF7, 0xC1, 0xF7, 0xC1, 0xF7, 0xC1, 0xF7, 0xC1, 0xF7, 0xC2, 0xF7, 0xCE, 0xEA,
	0xCF, 0xEA, 0xD0, 0xEA, 0xD1, 0xEA, 0xD1, 0xEA, 0xD2, 0xEA, 0xD3, 0xEA, 0xD3, 0xEA, 0xD4, 0xEA,
	0xD5, 0xEA, 0x0A, 0xED, 0x0A, 0xED, 0xA7, 0xF3, 0xA7, 0xF3, 0xA8, 0xF3, 0xA8, 0xF3, 0xA9, 0xF3,
	0xA9, 0xF3, 0xAA, 0xF3, 0xAA, 0xF3, 0xAA, 0xF3, 0xAB, 0xF3, 0xC4, 0xF4, 0xC5, 0xF4, 0xC5, 0xF4,
	0xC6, 0xF4, 0xC6, 0xF4, 0xC6, 0xF4, 0xC7, 0xF4, 0xC7, 0xF4, 0xC7, 0xF4, 0xC8, 0xF4, 0x78, 0xF6,
	0x79, 0xF6, 0x88, 0xFB, 0x89, 0xFB, 0x89, 0xFB, 0x89, 0xFB, 0x89, 0xFB, 0x89, 0xFB, 0x89, 0xFB,
	0x8A, 0xFB, 0x8A, 0xFB, 0x8A, 0xFB, 0x83, 0x11, 0x82, 0x11, 0x82, 0x11, 0x81, 0x11, 0x81, 0x11,
	0x80, 0x11, 0x7F, 0x11, 0x7F, 0x11, 0x7E, 0x11, 0x7E, 0x11, 0x7D, 0x11, 0x7C, 0x11, 0xBD, 0xF5,
	0xBE, 0xF5, 0xBE, 0xF5, 0xBE, 0xF5, 0xBF, 0xF5, 0xBF, 0xF5, 0xBF, 0xF5, 0xC0, 0xF5, 0xC0, 0xF5,
	0xC1, 0xF5, 0xC1, 0xF5, 0xC1, 0xF5, 0x85, 0xF2, 0x85, 0xF2, 0x86, 0xF2, 0x86, 0xF2, 0x86, 0xF2,
	0x87, 0xF2, 0x87, 0xF2, 0x88, 0xF2, 0x88, 0xF2, 0x89, 0xF2, 0x89, 0xF2, 0x8A, 0xF2, 0x3A, 0xEB,
	0x3B, 0xEB, 0x3B, 0xEB, 0x3C, 0xEB, 0x3D, 0xEB, 0x3D, 0xEB, 0x3E, 0xEB, 0x3F, 0xEB, 0x40, 0xEB,
	0x40, 0xEB, 0x41, 0xEB, 0x42, 0xEB, 0x32, 0xFC, 0x32, 0xFC, 0x32, 0xFC, 0x32, 0xFC, 0x32, 0xFC,
	0x32, 0xFC, 0x32, 0xFC, 0x33, 0xFC, 0x33, 0xFC, 0x33, 0xFC, 0x33, 0xFC, 0x33, 0xFC, 0x9B, 0xFE,
	0x9B, 0xFE, 0x9C, 0xFE, 0x9C, 0xFE, 0x9C, 0xFE, 0x9C, 0xFE, 0x9C, 0xFE, 0x9C, 0xFE, 0x9C, 0xFE,
	0x9C, 0xFE, 0x9C, 0xFE, 0x9C, 0xFE, 0xB8, 0xE7, 0xB9, 0xE7, 0xBA, 0xE7, 0xBB, 0xE7, 0xBC, 0xE7,
	0xBC, 0xE7, 0xBD, 0xE7, 0xBE, 0xE7, 0xBF, 0xE7, 0xC0, 0xE7, 0xC1, 0xE7, 0xC1, 0xE7, 0xDB, 0xEB,
	0xDC, 0xEB, 0x27, 0xF8, 0x27, 0xF8, 0x27, 0xF8, 0x28, 0xF8, 0x28, 0xF8, 0x28, 0xF8, 0x28, 0xF8,
	0x29, 0xF8, 0x29, 0xF8, 0x29, 0xF8, 0x2A, 0xF8, 0x2A, 0xF8, 0xD6, 0xE4, 0xD7, 0xE4, 0xD8, 0xE4,
	0xD9, 0xE4, 0xDA, 0xE4, 0xDB, 0xE4, 0xDC, 0xE4, 0xDD, 0xE4, 0xDE, 0xE4, 0xDF, 0xE4, 0xE0, 0xE4,
	0xE1, 0xE4, 0xE2, 0xE4, 0xE3, 0xE4, 0xAF, 0x14, 0xAF, 0x14, 0xAE, 0x14, 0xAD, 0x14, 0xAC, 0x14,
	0xAC, 0x14, 0xAB, 0x14, 0xAA, 0x14, 0xAA, 0x14, 0xA9, 0x14, 0xA8, 0x14, 0xA7, 0x14, 0x4B, 0x06,
	0x4B, 0x06, 0x5E, 0xEE, 0x5F, 0xEE, 0x5F, 0xEE, 0x60, 0xEE, 0x61, 0xEE, 0x61, 0xEE, 0x62, 0xEE,
	0x63, 0xEE, 0x63, 0xEE, 0x64, 0xEE, 0x64, 0xEE, 0x65, 0xEE, 0x4B, 0xEA, 0x4C, 0xEA, 0x32, 0xE6,
	0x33, 0xE6, 0x34, 0xE6, 0x35, 0xE6, 0x36, 0xE6, 0x37, 0xE6, 0x38, 0xE6, 0x38, 0xE6, 0x39, 0xE6,
	0x3A, 0xE6, 0x3B, 0xE6, 0x3C, 0xE6, 0x65, 0xEB, 0x66, 0xEB, 0xFF, 0xF3, 0x00, 0xF4, 0x00, 0xF4,
	0x00, 0xF4, 0x01, 0xF4, 0x01, 0xF4, 0x02, 0xF4, 0x02, 0xF4, 0x02, 0xF4, 0x03, 0xF4, 0x03, 0xF4,
	0x04, 0xF4, 0x04, 0xF4, 0x05, 0xF4, 0x50, 0x15, 0x4F, 0x15, 0x4F, 0x15, 0x4E, 0x15, 0x4D, 0x15,
	0x4C, 0x15, 0x4C, 0x15, 0x4B, 0x15, 0x4A, 0x15, 0x49, 0x15, 0x49, 0x15, 0x48, 0x15, 0x47, 0x15,
	0x46, 0x15, 0x0A, 0x1A, 0x09, 0x1A, 0xB6, 0x1A, 0xB5, 0x1A, 0xB4, 0x1A, 0xB3, 0x1A, 0xB2, 0x1A,
	0xB1, 0x1A, 0xB0, 0x1A, 0xB0, 0x1A, 0xAF, 0x1A, 0xAE, 0x1A, 0xAD, 0x1A, 0xAC, 0x1A, 0xAB, 0x1A,
	0xAA, 0x1A, 0x35, 0x16, 0x34, 0x16, 0x33, 0x16, 0x33, 0x16, 0x32, 0x16, 0x31, 0x16, 0x30, 0x16,
	0x2F, 0x16, 0x2F, 0x16, 0x2E, 0x16, 0x2D, 0x16, 0x2C, 0x16, 0x2C, 0x16, 0x2B, 0x16, 0xDA, 0x0C,
	0xDA, 0x0C, 0xEC, 0xF0, 0xEC, 0xF0, 0xED, 0xF0, 0xED, 0xF0, 0xEE, 0xF0, 0xEF, 0xF0, 0xEF, 0xF0,
	0xF0, 0xF0, 0xF0, 0xF0, 0xF1, 0xF0, 0xF1, 0xF0, 0xF2, 0xF0, 0xF2, 0xF0, 0xF3, 0xF0, 0x7A, 0xFB,
	0x7A, 0xFB, 0x0A, 0x1B, 0x09, 0x1B, 0x08, 0x1B, 0x07, 0x1B, 0x06, 0x1B, 0x05, 0x1B, 0x04, 0x1B,
	0x04, 0x1B, 0x03, 0x1B, 0x02, 0x1B, 0x01, 0x1B, 0x00, 0x1B, 0xFF, 0x1A, 0xFE, 0x1A, 0xFD, 0x1A,
	0xFC, 0x1A, 0x7F, 0x02, 0x7F, 0x02, 0x7F, 0x02, 0x7F, 0x02, 0x7F, 0x02, 0x7F, 0x02, 0x7E, 0x02,
	0x7E, 0x02, 0x7E, 0x02, 0x7E, 0x02, 0x7E, 0x02, 0x7E, 0x02, 0x7E, 0x02, 0x7E, 0x02, 0x7E, 0x02,
	0x7E, 0x02, 0xA6, 0xFC, 0xA6, 0xFC, 0xD1, 0xFB, 0xD1, 0xFB, 0xD1, 0xFB, 0xD1, 0xFB, 0xD1, 0xFB,
	0xD1, 0xFB, 0xD2, 0xFB, 0xD2, 0xFB, 0xD2, 0xFB, 0xD2, 0xFB, 0xD2, 0xFB, 0xD2, 0xFB, 0xD3, 0xFB,
	0xD3, 0xFB, 0xD3, 0xFB, 0xD3, 0xFB, 0x18, 0x05, 0x18, 0x05, 0x17, 0x05, 0x17, 0x05, 0x17, 0x05,
	0x17, 0x05, 0x17, 0x05, 0x16, 0x05, 0x16, 0x05, 0x16, 0x05, 0x16, 0x05, 0x16, 0x05, 0x16, 0x05,
	0x15, 0x05, 0x15, 0x05, 0x15, 0x05, 0x15, 0x05, 0x15, 0x05, 0x7B, 0xFB, 0x7C, 0xFB, 0x7C, 0xFB,
	0x7C, 0xFB, 0x7C, 0xFB, 0x7C, 0xFB, 0x7C, 0xFB, 0x7D, 0xFB, 0x7D, 0xFB, 0x7D, 0xFB, 0x7D, 0xFB,
	0x7D, 0xFB, 0x7D, 0xFB, 0x7D, 0xFB, 0x7E, 0xFB, 0x7E, 0xFB, 0x7E, 0xFB, 0x7E, 0xFB, 0x05, 0xF1,
	0x06, 0xF1, 0x06, 0xF1, 0x07, 0xF1, 0x07, 0xF1, 0x08, 0xF1, 0x08, 0xF1, 0x09, 0xF1, 0x09, 0xF1,
	0x0A, 0xF1, 0x0A, 0xF1, 0x0B, 0xF1, 0x0B, 0xF1, 0x0C, 0xF1, 0x0C, 0xF1, 0x0D, 0xF1, 0x0E, 0xF1,
	0x0E, 0xF1, 0x8E, 0xF7, 0x8E, 0xF7, 0x0E, 0xFE, 0x0E, 0xFE, 0x0E, 0xFE, 0x0E, 0xFE, 0x0E, 0xFE,
	0x0E, 0xFE, 0x0E, 0xFE, 0x0E, 0xFE, 0x0E, 0xFE, 0x0E, 0xFE, 0x0E, 0xFE, 0x0F, 0xFE, 0x0F, 0xFE,
	0x0F, 0xFE, 0x0F, 0xFE, 0x0F, 0xFE, 0x0F, 0xFE, 0x0F, 0xFE, 0x2C, 0x17, 0x2B, 0x17, 0xC0, 0x1A,
	0xBF, 0x1A, 0xBE, 0x1A, 0xBD, 0x1A, 0xBC, 0x1A, 0xBB, 0x1A, 0xBA, 0x1A, 0xB9, 0x1A, 0xB8, 0x1A,
	0xB7, 0x1A, 0xB6, 0x1A, 0xB6, 0x1A, 0xB5, 0x1A, 0xB4, 0x1A, 0xB3, 0x1A, 0xB2, 0x1A, 0xB1, 0x1A,
	0xB0, 0x1A, 0x50, 0xF9, 0x51, 0xF9, 0x4D, 0xE5, 0x4E, 0xE5, 0x4F, 0xE5, 0x50, 0xE5, 0x50, 0xE5,
	0x51, 0xE5, 0x52, 0xE5, 0x53, 0xE5, 0x54, 0xE5, 0x55, 0xE5, 0x56, 0xE5, 0x57, 0xE5, 0x58, 0xE5,
	0x59, 0xE5, 0x5A, 0xE5, 0x5B, 0xE5, 0x5C, 0xE5, 0x5D, 0xE5, 0x5E, 0xE5, 0x5F, 0xE5, 0x80, 0x08,
	0x80, 0x08, 0x80, 0x08, 0x7F, 0x08, 0x7F, 0x08, 0x7F, 0x08, 0x7E, 0x08, 0x7E, 0x08, 0x7E, 0x08,
	0x7D, 0x08, 0x7D, 0x08, 0x7D, 0x08, 0x7C, 0x08, 0x7C, 0x08, 0x7C, 0x08, 0x7C, 0x08, 0x7B, 0x08,
	0x7B, 0x08, 0x7B, 0x08, 0x7A, 0x08, 0x7A, 0x08, 0x7A, 0x08, 0x34, 0x17, 0x33, 0x17, 0x32, 0x17,
	0x31, 0x17, 0x30, 0x17, 0x2F, 0x17, 0x2F, 0x17, 0x2E, 0x17, 0x2D, 0x17, 0x2C, 0x17, 0x2B, 0x17,
	0x2A, 0x17, 0x2A, 0x17, 0x29, 0x17, 0x28, 0x17, 0x27, 0x17, 0x26, 0x17, 0x25, 0x17, 0x25, 0x17,
	0x24, 0x17, 0x23, 0x17, 0x22, 0x17, 0x60, 0xFC, 0x60, 0xFC, 0x60, 0xFC, 0x60, 0xFC, 0x60, 0xFC,
	0x60, 0xFC, 0x60, 0xFC, 0x61, 0xFC, 0x61, 0xFC, 0x61, 0xFC, 0x61, 0xFC, 0x61, 0xFC, 0x61, 0xFC,
	0x61, 0xFC, 0x61, 0xFC, 0x62, 0xFC, 0x9A, 0x03, 0x9A, 0x03, 0x9A, 0x03, 0x9A, 0x03, 0x9A, 0x03,
	0x99, 0x03, 0x99, 0x03, 0x99, 0x03, 0x99, 0x03, 0x99, 0x03, 0x99, 0x03, 0x99, 0x03, 0x99, 0x03,
	0x98, 0x03, 0x75, 0xFC, 0x75, 0xFC, 0x0C, 0xE7, 0x0D, 0xE7, 0x0E, 0xE7, 0x0F, 0xE7, 0x10, 0xE7,
	0x11, 0xE7, 0x12, 0xE7, 0x13, 0xE7, 0x14, 0xE7, 0x15, 0xE7, 0x16, 0xE7, 0x16, 0xE7, 0x17, 0xE7,
	0x18, 0xE7, 0x6C, 0xF2, 0x6D, 0xF2, 0x63, 0x14, 0x63, 0x14, 0x62, 0x14, 0x61, 0x14, 0x60, 0x14,
	0x60, 0x14, 0x5F, 0x14, 0x5E, 0x14, 0x5D, 0x14, 0x5D, 0x14, 0x5C, 0x14, 0x5B, 0x14, 0x5A, 0x14,
	0x5A, 0x14, 0x59, 0x14, 0x58, 0x14, 0x1F, 0xF4, 0x1F, 0xF4, 0x20, 0xF4, 0x20, 0xF4, 0x20, 0xF4,
	0x21, 0xF4, 0x21, 0xF4, 0x22, 0xF4, 0x22, 0xF4, 0x23, 0xF4, 0x23, 0xF4, 0x23, 0xF4, 0x24, 0xF4,
	0x24, 0xF4, 0x25, 0xF4, 0x25, 0xF4, 0x0D, 0x03, 0x0D, 0x03, 0x0D, 0x03, 0x0D, 0x03, 0x0D, 0x03,
	0x0D, 0x03, 0x0D, 0x03, 0x0C, 0x03, 0x0C, 0x03, 0x0C, 0x03, 0x0C, 0x03, 0x0C, 0x03, 0x0C, 0x03,
	0x0C, 0x03, 0x0C, 0x03, 0x0C, 0x03, 0x0B, 0x03, 0x0B, 0x03, 0x1B, 0x01, 0x1B, 0x01, 0x1B, 0x01,
	0x1B, 0x01, 0x1B, 0x01, 0x1B, 0x01, 0x1B, 0x01, 0x1B, 0x01, 0x1B, 0x01, 0x1B, 0x01, 0x1A, 0x01,
	0x1A, 0x01, 0x1A, 0x01, 0x1A, 0x01, 0x1A, 0x01, 0x1A, 0x01, 0xE6, 0xFD, 0xE7, 0xFD, 0x7E, 0xE7,
	0x7F, 0xE7, 0x80, 0xE7, 0x81, 0xE7, 0x82, 0xE7, 0x82, 0xE7, 0x83, 0xE7, 0x84, 0xE7, 0x85, 0xE7,
	0x86, 0xE7, 0x87, 0xE7, 0x88, 0xE7, 0x89, 0xE7, 0x8A, 0xE7, 0x8B, 0xE7, 0x8B, 0xE7, 0x8C, 0xE7,
	0x8D, 0xE7, 0x7E, 0xE7, 0x7F, 0xE7, 0x80, 0xE7, 0x81, 0xE7, 0x82, 0xE7, 0x83, 0xE7, 0x84, 0xE7,
	0x85, 0xE7, 0x85, 0xE7, 0x86, 0xE7, 0x87, 0xE7, 0x88, 0xE7, 0x89, 0xE7, 0x8A, 0xE7, 0x8B, 0xE7,
	0x8C, 0xE7, 0x8D, 0xE7, 0x8E, 0xE7, 0xB5, 0x09, 0xB5, 0x09, 0xB5, 0x09, 0xB4, 0x09, 0xB4, 0x09,
	0xB4, 0x09, 0xB3, 0x09, 0xB3, 0x09, 0xB2, 0x09, 0xB2, 0x09, 0xB2, 0x09, 0xB1, 0x09, 0xB1, 0x09,
	0xB1, 0x09, 0xB0, 0x09, 0xB0, 0x09, 0xB0, 0x09, 0xAF, 0x09, 0xFC, 0x07, 0xFB, 0x07, 0x15, 0xFC,
	0x15, 0xFC, 0x15, 0xFC, 0x16, 0xFC, 0x16, 0xFC, 0x16, 0xFC, 0x16, 0xFC, 0x16, 0xFC, 0x16, 0xFC,
	0x17, 0xFC, 0x17, 0xFC, 0x17, 0xFC, 0x17, 0xFC, 0x17, 0xFC, 0x17, 0xFC, 0x17, 0xFC, 0x18, 0xFC,
	0x18, 0xFC, 0x09, 0x03, 0x09, 0x03, 0xDA, 0x17, 0xD9, 0x17, 0xD8, 0x17, 0xD7, 0x17, 0xD6, 0x17,
	0xD5, 0x17, 0xD4, 0x17, 0xD4, 0x17, 0xD3, 0x17, 0xD2, 0x17, 0xD1, 0x17, 0xD0, 0x17, 0xCF, 0x17,
	0xCE, 0x17, 0xCD, 0x17, 0xCC, 0x17, 0xCC, 0x17, 0xCB, 0x17, 0xCA, 0x17, 0xC9, 0x17, 0xEB, 0x0B,
	0xEB, 0x0B, 0xEA, 0x0B, 0xEA, 0x0B, 0xEA, 0x0B, 0xE9, 0x0B, 0xE9, 0x0B, 0xE8, 0x0B, 0xE8, 0x0B,
	0xE7, 0x0B, 0xE7, 0x0B, 0xE6, 0x0B, 0xE6, 0x0B, 0xE6, 0x0B, 0xE5, 0x0B, 0xE5, 0x0B, 0xE4, 0x0B,
	0xE4, 0x0B, 0xE3, 0x0B, 0xE3, 0x0B, 0xB1, 0x0D, 0xB1, 0x0D, 0xC6, 0x0E, 0xC5, 0x0E, 0xC5, 0x0E,
	0xC4, 0x0E, 0xC4, 0x0E, 0xC3, 0x0E, 0xC3, 0x0E, 0xC2, 0x0E, 0xC2, 0x0E, 0xC1, 0x0E, 0xC0, 0x0E,
	0xC0, 0x0E, 0xBF, 0x0E, 0xBF, 0x0E, 0xBE, 0x0E, 0xBE, 0x0E, 0xBD, 0x0E, 0xBD, 0x0E, 0xBC, 0x0E,
	0xBB, 0x0E, 0x65, 0x11, 0x65, 0x11, 0x47, 0x12, 0x47, 0x12, 0x46, 0x12, 0x45, 0x12, 0x45, 0x12,
	0x44, 0x12, 0x43, 0x12, 0x42, 0x12, 0x42, 0x12, 0x41, 0x12, 0x40, 0x12, 0x40, 0x12, 0x3F, 0x12,
	0x3E, 0x12, 0x3E, 0x12, 0x3D, 0x12, 0x3C, 0x12, 0x3C, 0x12, 0x3B, 0x12, 0x3A, 0x12, 0xBD, 0x0B,
	0xBC, 0x0B, 0x48, 0xF8, 0x48, 0xF8, 0x48, 0xF8, 0x49, 0xF8, 0x49, 0xF8, 0x49, 0xF8, 0x49, 0xF8,
	0x4A, 0xF8, 0x4A, 0xF8, 0x4A, 0xF8, 0x4B, 0xF8, 0x4B, 0xF8, 0x4B, 0xF8, 0x4B, 0xF8, 0x4C, 0xF8,
	0x4C, 0xF8, 0x4C, 0xF8, 0x4D, 0xF8, 0x4D, 0xF8, 0x4D, 0xF8, 0x4E, 0xF8, 0x4E, 0xF8, 0x79, 0xF5,
	0x7A, 0xF5, 0xC7, 0xF3, 0xC8, 0xF3, 0xC8, 0xF3, 0xC9, 0xF3, 0xC9, 0xF3, 0xCA, 0xF3, 0xCA, 0xF3,
	0xCB, 0xF3, 0xCB, 0xF3, 0xCC, 0xF3, 0xCC, 0xF3, 0xCC, 0xF3, 0xCD, 0xF3, 0xCD, 0xF3, 0xCE, 0xF3,
	0xCE, 0xF3, 0xCF, 0xF3, 0xCF, 0xF3, 0xD0, 0xF3, 0xD0, 0xF3, 0xD1, 0xF3, 0xD1, 0xF3, 0xFF, 0xFA,
	0xFF, 0xFA, 0x84, 0x10, 0x84, 0x10, 0x83, 0x10, 0x82, 0x10, 0x82, 0x10, 0x81, 0x10, 0x80, 0x10,
	0x80, 0x10, 0x7F, 0x10, 0x7F, 0x10, 0x7E, 0x10, 0x7D, 0x10, 0x7D, 0x10, 0x7C, 0x10, 0x7B, 0x10,
	0x7B, 0x10, 0x7A, 0x10, 0x7A, 0x10, 0x79, 0x10, 0x78, 0x10, 0x78, 0x10, 0x77, 0x10, 0x76, 0x10,
	0x76, 0x10, 0xCB, 0x10, 0xCA, 0x10, 0xFD, 0x10, 0xFC, 0x10, 0xFB, 0x10, 0xFB, 0x10, 0xFA, 0x10,
	0xF9, 0x10, 0xF9, 0x10, 0xF8, 0x10, 0xF7, 0x10, 0xF7, 0x10, 0xF6, 0x10, 0xF6, 0x10, 0xF5, 0x10,
	0xF4, 0x10, 0xF4, 0x10, 0xF3, 0x10, 0xF2, 0x10, 0xF2, 0x10, 0xF1, 0x10, 0xF0, 0x10, 0xF0, 0x10,
	0xEF, 0x10, 0xEE, 0x10, 0xEE, 0x10, 0x1B, 0x0C, 0x1A, 0x0C, 0x5C, 0xEA, 0x5D, 0xEA, 0x5E, 0xEA,
	0x5F, 0xEA, 0x5F, 0xEA, 0x60, 0xEA, 0x61, 0xEA, 0x62, 0xEA, 0x63, 0xEA, 0x64, 0xEA, 0x64, 0xEA,
	0x65, 0xEA, 0x66, 0xEA, 0x67, 0xEA, 0x68, 0xEA, 0x69, 0xEA, 0x69, 0xEA, 0x6A, 0xEA, 0x6B, 0xEA,
	0x6C, 0xEA, 0x6D, 0xEA, 0x6E, 0xEA, 0x6E, 0xEA, 0x6F, 0xEA, 0x70, 0xEA, 0x71, 0xEA, 0x30, 0xEB,
	0x31, 0xEB, 0x6D, 0xED, 0x6E, 0xED, 0x6F, 0xED, 0x6F, 0xED, 0x70, 0xED, 0x71, 0xED, 0x71, 0xED,
	0x72, 0xED, 0x73, 0xED, 0x74, 0xED, 0x74, 0xED, 0x75, 0xED, 0x76, 0xED, 0x76, 0xED, 0x77, 0xED,
	0x78, 0xED, 0x79, 0xED, 0x79, 0xED, 0x7A, 0xED, 0x7B, 0xED, 0x7B, 0xED, 0x7C, 0xED, 0x7D, 0xED,
	0x7E, 0xED, 0x7E, 0xED, 0x7F, 0xED, 0x80, 0xED, 0x80, 0xED, 0x8A, 0xF2, 0x8A, 0xF2, 0x90, 0xF5,
	0x90, 0xF5, 0x91, 0xF5, 0x91, 0xF5, 0x91, 0xF5, 0x92, 0xF5, 0x92, 0xF5, 0x93, 0xF5, 0x93, 0xF5,
	0x93, 0xF5, 0x94, 0xF5, 0x94, 0xF5, 0x95, 0xF5, 0x95, 0xF5, 0x96, 0xF5, 0x96, 0xF5, 0x96, 0xF5,
	0x97, 0xF5, 0x97, 0xF5, 0x98, 0xF5, 0x98, 0xF5, 0x98, 0xF5, 0x99, 0xF5, 0x99, 0xF5, 0x9A, 0xF5,
	0x9A, 0xF5, 0x9A, 0xF5, 0x9B, 0xF5, 0x9B, 0xF5, 0x9C, 0xF5, 0x75, 0x06, 0x75, 0x06, 0x75, 0x06,
	0x74, 0x06, 0x74, 0x06, 0x74, 0x06, 0x74, 0x06, 0x73, 0x06, 0x73, 0x06, 0x73, 0x06, 0x73, 0x06,
	0x72, 0x06, 0x72, 0x06, 0x72, 0x06, 0x72, 0x06, 0x71, 0x06, 0x71, 0x06, 0x71, 0x06, 0x71, 0x06,
	0x70, 0x06, 0x70, 0x06, 0x70, 0x06, 0x70, 0x06, 0x6F, 0x06, 0x6F, 0x06, 0x6F, 0x06, 0x6E, 0x06,
	0x6E, 0x06, 0x6E, 0x06, 0x6E, 0x06, 0x6D, 0x06, 0x6D, 0x06, 0x31, 0x0C, 0x30, 0x0C, 0x02, 0x0D,
	0x02, 0x0D, 0x01, 0x0D, 0x01, 0x0D, 0x00, 0x0D, 0x00, 0x0D, 0xFF, 0x0C, 0xFF, 0x0C, 0xFE, 0x0C,
	0xFE, 0x0C, 0xFD, 0x0C, 0xFD, 0x0C, 0xFC, 0x0C, 0xFC, 0x0C, 0xFB, 0x0C, 0xFB, 0x0C, 0xFA, 0x0C,
	0xFA, 0x0C, 0xF9, 0x0C, 0xF9, 0x0C, 0xF8, 0x0C, 0xF8, 0x0C, 0xF7, 0x0C, 0xF7, 0x0C, 0xF6, 0x0C,
	0xF6, 0x0C, 0xF5, 0x0C, 0xF5, 0x0C, 0xF4, 0x0C, 0xF4, 0x0C, 0xF3, 0x0C, 0xF3, 0x0C, 0x6E, 0x0D,
	0x6E, 0x0D, 0xE1, 0x0E, 0xE0, 0x0E, 0xE0, 0x0E, 0xDF, 0x0E, 0xDE, 0x0E, 0xDE, 0x0E, 0xDD, 0x0E,
	0xDD, 0x0E, 0xDC, 0x0E, 0xDB, 0x0E, 0xDB, 0x0E, 0xDA, 0x0E, 0xDA, 0x0E, 0xD9, 0x0E, 0xD8, 0x0E,
	0xD8, 0x0E, 0xD7, 0x0E, 0xD7, 0x0E, 0xD6, 0x0E, 0xD6, 0x0E, 0xD5, 0x0E, 0xD4, 0x0E, 0xD4, 0x0E,
	0xD3, 0x0E, 0xD3, 0x0E, 0xD2, 0x0E, 0xD1, 0x0E, 0xD1, 0x0E, 0xD0, 0x0E, 0xD0, 0x0E, 0xCF, 0x0E,
	0xCF, 0x0E, 0xCE, 0x0E, 0xCD, 0x0E, 0xCD, 0x0E, 0xCC, 0x0E, 0xF7, 0x0A, 0xF6, 0x0A, 0xA9, 0x08,
	0xA9, 0x08, 0xA8, 0x08, 0xA8, 0x08, 0xA8, 0x08, 0xA7, 0x08, 0xA7, 0x08, 0xA7, 0x08, 0xA6, 0x08,
	0xA6, 0x08, 0xA6, 0x08, 0xA5, 0x08, 0xA5, 0x08, 0xA5, 0x08, 0xA4, 0x08, 0xA4, 0x08, 0xA4, 0x08,
	0xA3, 0x08, 0xA3, 0x08, 0xA3, 0x08, 0xA2, 0x08, 0xA2, 0x08, 0xA2, 0x08, 0xA1, 0x08, 0xA1, 0x08,
	0xA1, 0x08, 0xA0, 0x08, 0xA0, 0x08, 0xA0, 0x08, 0x9F, 0x08, 0x9F, 0x08, 0x9F, 0x08, 0x9E, 0x08,
	0x9E, 0x08, 0x9E, 0x08, 0x9D, 0x08, 0x9D, 0x08, 0x9D, 0x08, 0x9D, 0x0E, 0x9C, 0x0E, 0x9D, 0x18,
	0x9C, 0x18, 0x9B, 0x18, 0x9A, 0x18, 0x99, 0x18, 0x98, 0x18, 0x97, 0x18, 0x96, 0x18, 0x95, 0x18,
	0x94, 0x18, 0x93, 0x18, 0x92, 0x18, 0x91, 0x18, 0x90, 0x18, 0x8F, 0x18, 0x8E, 0x18, 0x8D, 0x18,
	0x8C, 0x18, 0x8B, 0x18, 0x8A, 0x18, 0x89, 0x18, 0x88, 0x18, 0x87, 0x18, 0x86, 0x18, 0x85, 0x18,
	0x84, 0x18, 0x83, 0x18, 0x82, 0x18, 0x81, 0x18, 0x80, 0x18, 0x7F, 0x18, 0x7E, 0x18, 0x7D, 0x18,
	0x7C, 0x18, 0x7B, 0x18, 0x7A, 0x18, 0x79, 0x18, 0x78, 0x18, 0x77, 0x18, 0x76, 0x18, 0x75, 0x18,
	0x75, 0x18, 0x70, 0x0D, 0x6F, 0x0D, 0x6C, 0x02, 0x6C, 0x02, 0x6C, 0x02, 0x6C, 0x02, 0x6B, 0x02,
	0x6B, 0x02, 0x6B, 0x02, 0x6B, 0x02, 0x6B, 0x02, 0x6B, 0x02, 0x6B, 0x02, 0x6B, 0x02, 0x6B, 0x02,
	0x6B, 0x02, 0x6A, 0x02, 0x6A, 0x02, 0x6A, 0x02, 0x6A, 0x02, 0x6A, 0x02, 0x6A, 0x02, 0x6A, 0x02,
	0x6A, 0x02, 0x6A, 0x02, 0x6A, 0x02, 0x69, 0x02, 0x69, 0x02, 0x69, 0x02, 0x69, 0x02, 0x69, 0x02,
	0x69, 0x02, 0x69, 0x02, 0x69, 0x02, 0x69, 0x02, 0x69, 0x02, 0x69, 0x02, 0x68, 0x02, 0x68, 0x02,
	0x68, 0x02, 0x68, 0x02, 0x68, 0x02, 0x68, 0x02, 0x68, 0x02, 0x68, 0x02, 0x68, 0x02, 0x68, 0x02,
	0x67, 0x02, 0x18, 0xFE, 0x18, 0xFE, 0xEB, 0xF6, 0xEB, 0xF6, 0xEB, 0xF6, 0xEC, 0xF6, 0xEC, 0xF6,
	0xEC, 0xF6, 0xED, 0xF6, 0xED, 0xF6, 0xEE, 0xF6, 0xEE, 0xF6, 0xEE, 0xF6, 0xEF, 0xF6, 0xEF, 0xF6,
	0xEF, 0xF6, 0xF0, 0xF6, 0xF0, 0xF6, 0xF1, 0xF6, 0xF1, 0xF6, 0xF1, 0xF6, 0xF2, 0xF6, 0xF2, 0xF6,
	0xF2, 0xF6, 0xF3, 0xF6, 0xF3, 0xF6, 0xF3, 0xF6, 0xF4, 0xF6, 0xF4, 0xF6, 0xF5, 0xF6, 0xF5, 0xF6,
	0xF5, 0xF6, 0xF6, 0xF6, 0xF6, 0xF6, 0xF6, 0xF6, 0xF7, 0xF6, 0xF7, 0xF6, 0xF7, 0xF6, 0xF8, 0xF6,
	0xF8, 0xF6, 0xF9, 0xF6, 0xF9, 0xF6, 0xF9, 0xF6, 0xFA, 0xF6, 0xFA, 0xF6, 0xFA, 0xF6, 0xFB, 0xF6,
	0xFB, 0xF6, 0xFB, 0xF6, 0xFC, 0xF6, 0xFC, 0xF6, 0xFD, 0xF6, 0xFD, 0xF6, 0xFD, 0xF6, 0x89, 0xFF,
	0x89, 0xFF, 0xC6, 0x0D, 0xC5, 0x0D, 0xC5, 0x0D, 0xC4, 0x0D, 0xC4, 0x0D, 0xC3, 0x0D, 0xC2, 0x0D,
	0xC2, 0x0D, 0xC1, 0x0D, 0xC1, 0x0D, 0xC0, 0x0D, 0xC0, 0x0D, 0xBF, 0x0D, 0xBE, 0x0D, 0xBE, 0x0D,
	0xBD, 0x0D, 0xBD, 0x0D, 0xBC, 0x0D, 0xBC, 0x0D, 0xBB, 0x0D, 0xBB, 0x0D, 0xBA, 0x0D, 0xB9, 0x0D,
	0xB9, 0x0D, 0xB8, 0x0D, 0xB8, 0x0D, 0xB7, 0x0D, 0xB7, 0x0D, 0xB6, 0x0D, 0xB6, 0x0D, 0xB5, 0x0D,
	0xB4, 0x0D, 0xB4, 0x0D, 0xB3, 0x0D, 0xB3, 0x0D, 0xB2, 0x0D, 0xB2, 0x0D, 0xB1, 0x0D, 0xB0, 0x0D,
	0xB0, 0x0D, 0xAF, 0x0D, 0xAF, 0x0D, 0xAE, 0x0D, 0xAE, 0x0D, 0xAD, 0x0D, 0xAD, 0x0D, 0xAC, 0x0D,
	0xAB, 0x0D, 0xAB, 0x0D, 0xAA, 0x0D, 0xAA, 0x0D, 0xA9, 0x0D, 0xA9, 0x0D, 0xA8, 0x0D, 0xA8, 0x0D,
	0xA7, 0x0D, 0xA6, 0x0D, 0xA6, 0x0D, 0xA5, 0x0D, 0xA5, 0x0D, 0xB8, 0x0B, 0xB7, 0x0B, 0x82, 0x08,
	0x82, 0x08, 0x81, 0x08, 0x81, 0x08, 0x81, 0x08, 0x80, 0x08, 0x80, 0x08, 0x7F, 0x08, 0x7F, 0x08,
	0x7F, 0x08, 0x7E, 0x08, 0x7E, 0x08, 0x7E, 0x08, 0x7D, 0x08, 0x7D, 0x08, 0x7D, 0x08, 0x7C, 0x08,
	0x7C, 0x08, 0x7C, 0x08, 0x7B, 0x08, 0x7B, 0x08, 0x7B, 0x08, 0x7A, 0x08, 0x7A, 0x08, 0x7A, 0x08,
	0x79, 0x08, 0x79, 0x08, 0x79, 0x08, 0x78, 0x08, 0x78, 0x08, 0x77, 0x08, 0x77, 0x08, 0x77, 0x08,
	0x76, 0x08, 0x76, 0x08, 0x76, 0x08, 0x75, 0x08, 0x75, 0x08, 0x75, 0x08, 0x74, 0x08, 0x74, 0x08,
	0x74, 0x08, 0x73, 0x08, 0x73, 0x08, 0x73, 0x08, 0x72, 0x08, 0x72, 0x08, 0x72, 0x08, 0x71, 0x08,
	0x71, 0x08, 0x70, 0x08, 0x70, 0x08, 0x70, 0x08, 0x6F, 0x08, 0x6F, 0x08, 0x6F, 0x08, 0x6E, 0x08,
	0x6E, 0x08, 0x6E, 0x08, 0x6D, 0x08, 0x6D, 0x08, 0x6D, 0x08, 0x6C, 0x08, 0x6C, 0x08, 0x6C, 0x08,
	0x6B, 0x08, 0x6B, 0x08, 0x6B, 0x08, 0x6A, 0x08, 0x6A, 0x08, 0x69, 0x08, 0x69, 0x08, 0xE7, 0xF0,
	0xE7, 0xF0, 0x8C, 0xED, 0x8D, 0xED, 0x8E, 0xED, 0x8F, 0xED, 0x8F, 0xED, 0x90, 0xED, 0x91, 0xED,
	0x92, 0xED, 0x92, 0xED, 0x93, 0xED, 0x94, 0xED, 0x95, 0xED, 0x96, 0xED, 0x96, 0xED, 0x97, 0xED,
	0x98, 0xED, 0x99, 0xED, 0x99, 0xED, 0x9A, 0xED, 0x9B, 0xED, 0x9C, 0xED, 0x9C, 0xED, 0x9D, 0xED,
	0x9E, 0xED, 0x9F, 0xED, 0x9F, 0xED, 0xA0, 0xED, 0xA1, 0xED, 0xA2, 0xED, 0xA3, 0xED, 0xA3, 0xED,
	0xA4, 0xED, 0xA5, 0xED, 0xA6, 0xED, 0xA6, 0xED, 0xA7, 0xED, 0xA8, 0xED, 0xA9, 0xED, 0xA9, 0xED,
	0xAA, 0xED, 0xAB, 0xED, 0xAC, 0xED, 0xAD, 0xED, 0xAD, 0xED, 0xAE, 0xED, 0xAF, 0xED, 0xB0, 0xED,
	0xB0, 0xED, 0xB1, 0xED, 0xB2, 0xED, 0xB3, 0xED, 0xB3, 0xED, 0xB4, 0xED, 0xB5, 0xED, 0xB6, 0xED,
	0xB6, 0xED, 0xB7, 0xED, 0xB8, 0xED, 0xB9, 0xED, 0xBA, 0xED, 0xBA, 0xED, 0xBB, 0xED, 0xBC, 0xED,
	0xBD, 0xED, 0xBD, 0xED, 0xBE, 0xED, 0xBF, 0xED, 0xC0, 0xED, 0xC0, 0xED, 0xC1, 0xED, 0xC2, 0xED,
	0xC3, 0xED, 0xC3, 0xED, 0xC4, 0xED, 0xC5, 0xED, 0xC6, 0xED, 0xC7, 0xED, 0xC7, 0xED, 0xC8, 0xED,
	0xC9, 0xED, 0xCA, 0xED, 0xCA, 0xED, 0xCB, 0xED, 0xCC, 0xED, 0xCD, 0xED, 0xCD, 0xED, 0xCE, 0xED,
	0xCF, 0xED, 0x15, 0xEC, 0x16, 0xEC, 0x36, 0xE9, 0x37, 0xE9, 0x38, 0xE9, 0x39, 0xE9, 0x3A, 0xE9,
	0x3B, 0xE9, 0x3C, 0xE9, 0x3D, 0xE9, 0x3D, 0xE9, 0x3E, 0xE9, 0x3F, 0xE9, 0x40, 0xE9, 0x41, 0xE9,
	0x42, 0xE9, 0x43, 0xE9, 0x44, 0xE9, 0x45, 0xE9, 0x46, 0xE9, 0x47, 0xE9, 0x48, 0xE9, 0x49, 0xE9,
	0x4A, 0xE9, 0x4B, 0xE9, 0x4C, 0xE9, 0x4D, 0xE9, 0x4E, 0xE9, 0x4F, 0xE9, 0x50, 0xE9, 0x51, 0xE9,
	0x52, 0xE9, 0x96, 0xF1, 0x97, 0xF1, 0xC5, 0xF2, 0xC6, 0xF2, 0xC6, 0xF2, 0xC7, 0xF2, 0xC8, 0xF2,
	0xC8, 0xF2, 0xC9, 0xF2, 0xC9, 0xF2, 0xCA, 0xF2, 0xCA, 0xF2, 0xCB, 0xF2, 0xCB, 0xF2, 0xCC, 0xF2,
	0xCD, 0xF2, 0xCD, 0xF2, 0xCE, 0xF2, 0xCE, 0xF2, 0xCF, 0xF2, 0xCF, 0xF2, 0xD0, 0xF2, 0xD1, 0xF2,
	0xD1, 0xF2, 0xD2, 0xF2, 0xD2, 0xF2, 0xD3, 0xF2, 0xD3, 0xF2, 0xD4, 0xF2, 0xD4, 0xF2, 0xD5, 0xF2,
	0xD6, 0xF2, 0xD6, 0xF2, 0xD7, 0xF2, 0x6B, 0xF1, 0x6B, 0xF1, 0x6C, 0xF1, 0x6C, 0xF1, 0x6D, 0xF1,
	0x6E, 0xF1, 0x6E, 0xF1, 0x6F, 0xF1, 0x70, 0xF1, 0x70, 0xF1, 0x71, 0xF1, 0x71, 0xF1, 0x72, 0xF1,
	0x73, 0xF1, 0x73, 0xF1, 0x74, 0xF1, 0x75, 0xF1, 0x75, 0xF1, 0x76, 0xF1, 0x76, 0xF1, 0x77, 0xF1,
	0x78, 0xF1, 0x78, 0xF1, 0x79, 0xF1, 0x7A, 0xF1, 0x7A, 0xF1, 0x7B, 0xF1, 0x7B, 0xF1, 0x7C, 0xF1,
	0x7D, 0xF1, 0x7D, 0xF1, 0x7E, 0xF1, 0x7E, 0xF1, 0x7F, 0xF1, 0xCC, 0xFA, 0xCC, 0xFA, 0xCC, 0xFA,
	0xCC, 0xFA, 0xCC, 0xFA, 0xCD, 0xFA, 0xCD, 0xFA, 0xCD, 0xFA, 0xCD, 0xFA, 0xCE, 0xFA, 0xCE, 0xFA,
	0xCE, 0xFA, 0xCE, 0xFA, 0xCE, 0xFA, 0xCF, 0xFA, 0xCF, 0xFA, 0xCF, 0xFA, 0xCF, 0xFA, 0xD0, 0xFA,
	0xD0, 0xFA, 0xD0, 0xFA, 0xD0, 0xFA, 0xD0, 0xFA, 0xD1, 0xFA, 0xD1, 0xFA, 0xD1, 0xFA, 0xD1, 0xFA,
	0xD2, 0xFA, 0xD2, 0xFA, 0xD2, 0xFA, 0xD2, 0xFA, 0xD2, 0xFA, 0xD3, 0xFA, 0xD3, 0xFA, 0xD3, 0xFA,
	0xD3, 0xFA, 0x5E, 0xF6, 0x5E, 0xF6, 0xE2, 0xF4, 0xE2, 0xF4, 0xE3, 0xF4, 0xE3, 0xF4, 0xE4, 0xF4,
	0xE4, 0xF4, 0xE5, 0xF4, 0xE5, 0xF4, 0xE6, 0xF4, 0xE6, 0xF4, 0xE7, 0xF4, 0xE7, 0xF4, 0xE8, 0xF4,
	0xE8, 0xF4, 0xE9, 0xF4, 0xE9, 0xF4, 0xEA, 0xF4, 0xEA, 0xF4, 0xEB, 0xF4, 0xEB, 0xF4, 0xEC, 0xF4,
	0xEC, 0xF4, 0xEC, 0xF4, 0xED, 0xF4, 0xED, 0xF4, 0xEE, 0xF4, 0xEE, 0xF4, 0xEF, 0xF4, 0xEF, 0xF4,
	0xF0, 0xF4, 0xF0, 0xF4, 0xF1, 0xF4, 0xF1, 0xF4, 0xF2, 0xF4, 0xF2, 0xF4, 0xF3, 0xF4, 0xB2, 0xF7,
	0xB3, 0xF7, 0xEF, 0xFF, 0xEF, 0xFF, 0xEF, 0xFF, 0xEF, 0xFF, 0xEF, 0xFF, 0xEF, 0xFF, 0xEF, 0xFF,
	0xEF, 0xFF, 0xEF, 0xFF, 0xEF, 0xFF, 0xEF, 0xFF, 0xEF, 0xFF, 0xEF, 0xFF, 0xEF, 0xFF, 0xEF, 0xFF,
	0xEF, 0xFF, 0xEF, 0xFF, 0xEF, 0xFF, 0xEF, 0xFF, 0xEF, 0xFF, 0xEF, 0xFF, 0xEF, 0xFF, 0xEF, 0xFF,
	0xEF, 0xFF, 0xEF, 0xFF, 0xEF, 0xFF, 0xEF, 0xFF, 0xEF, 0xFF, 0xEF, 0xFF, 0xEF, 0xFF, 0xEF, 0xFF,
	0xEF, 0xFF, 0xEF, 0xFF, 0xEF, 0xFF, 0xEF, 0xFF, 0xEF, 0xFF, 0xEF, 0xFF, 0xEF, 0xFF, 0xEF, 0xFF,
	0xEF, 0xFF, 0x0B, 0x09, 0x0A, 0x09, 0x0A, 0x09, 0x09, 0x09, 0x09, 0x09, 0x09, 0x09, 0x08, 0x09,
	0x08, 0x09, 0x07, 0x09, 0x07, 0x09, 0x07, 0x09, 0x06, 0x09, 0x06, 0x09, 0x05, 0x09, 0x05, 0x09,
	0x05, 0x09, 0x04, 0x09, 0x04, 0x09, 0x03, 0x09, 0x03, 0x09, 0x03, 0x09, 0x02, 0x09, 0x02, 0x09,
	0x02, 0x09, 0x01, 0x09, 0x01, 0x09, 0x00, 0x09, 0x00, 0x09, 0x00, 0x09, 0xFF, 0x08, 0xFF, 0x08,
	0xFE, 0x08, 0xFE, 0x08, 0xFE, 0x08, 0xFD, 0x08, 0xFD, 0x08, 0xFC, 0x08, 0xFC, 0x08, 0xFC, 0x08,
	0xFB, 0x08, 0xFB, 0x08, 0xFA, 0x08, 0xFA, 0x08, 0xFA, 0x08, 0x1D, 0xEF, 0x1D, 0xEF, 0x1E, 0xEF,
	0x1F, 0xEF, 0x20, 0xEF, 0x20, 0xEF, 0x21, 0xEF, 0x22, 0xEF, 0x22, 0xEF, 0x23, 0xEF, 0x24, 0xEF,
	0x25, 0xEF, 0x25, 0xEF, 0x26, 0xEF, 0x27, 0xEF, 0x28, 0xEF, 0x28, 0xEF, 0x29, 0xEF, 0x2A, 0xEF,
	0x2B, 0xEF, 0x2B, 0xEF, 0x2C, 0xEF, 0x2D, 0xEF, 0x2E, 0xEF, 0x2E, 0xEF, 0x2F, 0xEF, 0x30, 0xEF,
	0x31, 0xEF, 0x31, 0xEF, 0x32, 0xEF, 0x33, 0xEF, 0x34, 0xEF, 0x34, 0xEF, 0x35, 0xEF, 0x36, 0xEF,
	0x37, 0xEF, 0x37, 0xEF, 0x38, 0xEF, 0x39, 0xEF, 0x3A, 0xEF, 0x3A, 0xEF, 0x3B, 0xEF, 0x3C, 0xEF,
	0x3D, 0xEF, 0x3D, 0xEF, 0x3E, 0xEF, 0x3F, 0xEF, 0x3F, 0xEF, 0x63, 0x08, 0x63, 0x08, 0x63, 0x08,
	0x62, 0x08, 0x62, 0x08, 0x61, 0x08, 0x61, 0x08, 0x61, 0x08, 0x60, 0x08, 0x60, 0x08, 0x60, 0x08,
	0x5F, 0x08, 0x5F, 0x08, 0x5E, 0x08, 0x5E, 0x08, 0x5E, 0x08, 0x5D, 0x08, 0x5D, 0x08, 0x5D, 0x08,
	0x5C, 0x08, 0x5C, 0x08, 0x5B, 0x08, 0x5B, 0x08, 0x5B, 0x08, 0x5A, 0x08, 0x5A, 0x08, 0x5A, 0x08,
	0x59, 0x08, 0x59, 0x08, 0x59, 0x08, 0x58, 0x08, 0x58, 0x08, 0x57, 0x08, 0x57, 0x08, 0x57, 0x08,
	0x56, 0x08, 0x56, 0x08, 0x56, 0x08, 0x55, 0x08, 0x55, 0x08, 0x54, 0x08, 0x54, 0x08, 0x54, 0x08,
	0x53, 0x08, 0x53, 0x08, 0x53, 0x08, 0x52, 0x08, 0x52, 0x08, 0x51, 0x08, 0x51, 0x08, 0xC8, 0x01,
	0xC8, 0x01, 0x3F, 0xFB, 0x40, 0xFB, 0x40, 0xFB, 0x40, 0xFB, 0x40, 0xFB, 0x40, 0xFB, 0x41, 0xFB,
	0x41, 0xFB, 0x41, 0xFB, 0x41, 0xFB, 0x42, 0xFB, 0x42, 0xFB, 0x42, 0xFB, 0x42, 0xFB, 0x42, 0xFB,
	0x43, 0xFB, 0x43, 0xFB, 0x43, 0xFB, 0x43, 0xFB, 0x43, 0xFB, 0x44, 0xFB, 0x44, 0xFB, 0x44, 0xFB,
	0x44, 0xFB, 0x45, 0xFB, 0x45, 0xFB, 0x45, 0xFB, 0x45, 0xFB, 0x45, 0xFB, 0x46, 0xFB, 0x46, 0xFB,
	0x46, 0xFB, 0x46, 0xFB, 0x46, 0xFB, 0x47, 0xFB, 0x47, 0xFB, 0x47, 0xFB, 0x47, 0xFB, 0x47, 0xFB,
	0x48, 0xFB, 0x48, 0xFB, 0x48, 0xFB, 0x48, 0xFB, 0x49, 0xFB, 0x49, 0xFB, 0x49, 0xFB, 0x49, 0xFB,
	0x49, 0xFB, 0x4A, 0xFB, 0x4A, 0xFB, 0x4A, 0xFB, 0x4A, 0xFB, 0x4A, 0xFB, 0x4B, 0xFB, 0xE1, 0xFF,
	0xE1, 0xFF, 0x86, 0x07, 0x86, 0x07, 0x85, 0x07, 0x85, 0x07, 0x85, 0x07, 0x84, 0x07, 0x84, 0x07,
	0x84, 0x07, 0x83, 0x07, 0x83, 0x07, 0x82, 0x07, 0x82, 0x07, 0x82, 0x07, 0x81, 0x07, 0x81, 0x07,
	0x81, 0x07, 0x80, 0x07, 0x80, 0x07, 0x80, 0x07, 0x7F, 0x07, 0x7F, 0x07, 0x7F, 0x07, 0x7E, 0x07,
	0x7E, 0x07, 0x7E, 0x07, 0x7D, 0x07, 0x7D, 0x07, 0x7D, 0x07, 0x7C, 0x07, 0x7C, 0x07, 0x7C, 0x07,
	0x7B, 0x07, 0x7B, 0x07, 0x7B, 0x07, 0x7A, 0x07, 0x7A, 0x07, 0x7A, 0x07, 0x79, 0x07, 0x79, 0x07,
	0x79, 0x07, 0x78, 0x07, 0x78, 0x07, 0x78, 0x07, 0x77, 0x07, 0x77, 0x07, 0x77, 0x07, 0x76, 0x07,
	0x76, 0x07, 0x76, 0x07, 0x75, 0x07, 0x75, 0x07, 0x75, 0x07, 0x74, 0x07, 0x74, 0x07, 0x74, 0x07,
	0x73, 0x07, 0x73, 0x07, 0x72, 0x07, 0x72, 0x07, 0x72, 0x07, 0xE0, 0x07, 0xE0, 0x07, 0xE6, 0x0A,
	0xE5, 0x0A, 0xE5, 0x0A, 0xE4, 0x0A, 0xE4, 0x0A, 0xE3, 0x0A, 0xE3, 0x0A, 0xE2, 0x0A, 0xE2, 0x0A,
	0xE1, 0x0A, 0xE1, 0x0A, 0xE0, 0x0A, 0xE0, 0x0A, 0xDF, 0x0A, 0xDF, 0x0A, 0xDE, 0x0A, 0xDE, 0x0A,
	0xDD, 0x0A, 0xDD, 0x0A, 0xDC, 0x0A, 0xDC, 0x0A, 0xDB, 0x0A, 0xDB, 0x0A, 0xDA, 0x0A, 0xDA, 0x0A,
	0xD9, 0x0A, 0xD9, 0x0A, 0xD8, 0x0A, 0xD8, 0x0A, 0xD7, 0x0A, 0xD7, 0x0A, 0xD6, 0x0A, 0xD6, 0x0A,
	0xD5, 0x0A, 0xD5, 0x0A, 0xD4, 0x0A, 0xD4, 0x0A, 0xD3, 0x0A, 0xD3, 0x0A, 0xD2, 0x0A, 0xD2, 0x0A,
	0xD1, 0x0A, 0xD1, 0x0A, 0xD0, 0x0A, 0xD0, 0x0A, 0xCF, 0x0A, 0xCF, 0x0A, 0xCE, 0x0A, 0xCE, 0x0A,
	0xCD, 0x0A, 0xCD, 0x0A, 0xCC, 0x0A, 0xCC, 0x0A, 0xCB, 0x0A, 0xCB, 0x0A, 0xCA, 0x0A, 0xCA, 0x0A,
	0xC9, 0x0A, 0xC9, 0x0A, 0xC8, 0x0A, 0xC8, 0x0A, 0xC7, 0x0A, 0xC7, 0x0A, 0xC6, 0x0A, 0xC6, 0x0A,
	0xC5, 0x0A, 0xC5, 0x0A, 0xC4, 0x0A, 0xC4, 0x0A, 0xC3, 0x0A, 0xDF, 0xFF, 0xDF, 0xFF, 0xDF, 0xFF,
	0xDF, 0xFF, 0xDF, 0xFF, 0xDF, 0xFF, 0xDF, 0xFF, 0xDF, 0xFF, 0xDF, 0xFF, 0xDF, 0xFF, 0xDF, 0xFF,
	0xDF, 0xFF, 0xDF, 0xFF, 0xDF, 0xFF, 0xDF, 0xFF, 0xDF, 0xFF, 0xDF, 0xFF, 0xDF, 0xFF, 0xDF, 0xFF,
	0xDF, 0xFF, 0xDF, 0xFF, 0xDF, 0xFF, 0xDF, 0xFF, 0xDF, 0xFF, 0xDF, 0xFF, 0xDF, 0xFF, 0xDF, 0xFF,
	0xDF, 0xFF, 0xDF, 0xFF, 0xDF, 0xFF, 0xDF, 0xFF, 0xDF, 0xFF, 0xDF, 0xFF, 0xDF, 0xFF, 0xDF, 0xFF,
	0xDF, 0xFF, 0xDF, 0xFF, 0xDF, 0xFF, 0xDF, 0xFF, 0xDF, 0xFF, 0xDF, 0xFF, 0xDF, 0xFF, 0xDF, 0xFF,
	0xDF, 0xFF, 0xDF, 0xFF, 0xDF, 0xFF, 0xDF, 0xFF, 0xDF, 0xFF, 0xDF, 0xFF, 0xDF, 0xFF, 0xDF, 0xFF,
	0xDF, 0xFF, 0xDF, 0xFF, 0xDF, 0xFF, 0xDF, 0xFF, 0xDF, 0xFF, 0xDF, 0xFF, 0xDF, 0xFF, 0xDF, 0xFF,
	0xDF, 0xFF, 0xDF, 0xFF, 0xDF, 0xFF, 0xDF, 0xFF, 0xDF, 0xFF, 0xDF, 0xFF, 0xDF, 0xFF, 0xDF, 0xFF,
	0xDF, 0xFF, 0xDF, 0xFF, 0xDF, 0xFF, 0xDF, 0xFF, 0xDF, 0xFF, 0xDF, 0xFF, 0xDF, 0xFF, 0xDF, 0xFF,
	0xDF, 0xFF, 0xDF, 0xFF, 0xDF, 0xFF, 0xDF, 0xFF, 0xDF, 0xFF, 0xEF, 0x03, 0xEE, 0x03, 0xB2, 0x0A,
	0xB1, 0x0A, 0xB1, 0x0A, 0xB0, 0x0A, 0xB0, 0x0A, 0xAF, 0x0A, 0xAF, 0x0A, 0xAE, 0x0A, 0xAE, 0x0A,
	0xAD, 0x0A, 0xAD, 0x0A, 0xAC, 0x0A, 0xAC, 0x0A, 0xAB, 0x0A, 0xAB, 0x0A, 0xAA, 0x0A, 0xAA, 0x0A,
	0xA9, 0x0A, 0xA9, 0x0A, 0xA8, 0x0A, 0xA8, 0x0A, 0xA7, 0x0A, 0xA7, 0x0A, 0xA6, 0x0A, 0xA6, 0x0A,
	0xA5, 0x0A, 0xA5, 0x0A, 0xA4, 0x0A, 0xA4, 0x0A, 0xA3, 0x0A, 0xA3, 0x0A, 0xA2, 0x0A, 0xA2, 0x0A,
	0xA1, 0x0A, 0xA1, 0x0A, 0xA0, 0x0A, 0xA0, 0x0A, 0x9F, 0x0A, 0x9F, 0x0A, 0x9E, 0x0A, 0x9E, 0x0A,
	0x9D, 0x0A, 0x9D, 0x0A, 0x9C, 0x0A, 0x9C, 0x0A, 0x9B, 0x0A, 0x9B, 0x0A, 0x9A, 0x0A, 0x9A, 0x0A,
	0x99, 0x0A, 0x99, 0x0A, 0x98, 0x0A, 0x98, 0x0A, 0x97, 0x0A, 0x97, 0x0A, 0x96, 0x0A, 0x96, 0x0A,
	0x95, 0x0A, 0x95, 0x0A, 0x94, 0x0A, 0x94, 0x0A, 0x93, 0x0A, 0x93, 0x0A, 0x92, 0x0A, 0x92, 0x0A,
	0x91, 0x0A, 0x91, 0x0A, 0x90, 0x0A, 0x8F, 0x0A, 0x8F, 0x0A, 0x8E, 0x0A, 0x8E, 0x0A, 0x8D, 0x0A,
	0x8D, 0x0A, 0x8C, 0x0A, 0x8C, 0x0A, 0x8B, 0x0A, 0x8B, 0x0A, 0x8A, 0x0A, 0x8A, 0x0A, 0x89, 0x0A,
	0x89, 0x0A, 0x88, 0x0A, 0x88, 0x0A, 0x87, 0x0A, 0x87, 0x0A, 0x86, 0x0A, 0x86, 0x0A, 0x85, 0x0A,
	0x85, 0x0A, 0x84, 0x0A, 0x84, 0x0A, 0x83, 0x0A, 0x83, 0x0A, 0x82, 0x0A, 0x82, 0x0A, 0x7E, 0x0E,
	0x7D, 0x0E, 0xE0, 0x10, 0xDF, 0x10, 0xDF, 0x10, 0xDE, 0x10, 0xDD, 0x10, 0xDC, 0x10, 0xDB, 0x10,
	0xDB, 0x10, 0xDA, 0x10, 0xD9, 0x10, 0xD8, 0x10, 0xD7, 0x10, 0xD7, 0x10, 0xD6, 0x10, 0xD5, 0x10,
	0xD4, 0x10, 0xD3, 0x10, 0xD3, 0x10, 0xD2, 0x10, 0xD1, 0x10, 0xD0, 0x10, 0xCF, 0x10, 0xCE, 0x10,
	0xCE, 0x10, 0xCD, 0x10, 0xCC, 0x10, 0xCB, 0x10, 0xCA, 0x10, 0xCA, 0x10, 0xC9, 0x10, 0xC8, 0x10,
	0xC7, 0x10, 0xC6, 0x10, 0xC6, 0x10, 0xC5, 0x10, 0xC4, 0x10, 0xC3, 0x10, 0xC2, 0x10, 0xC2, 0x10,
	0xC1, 0x10, 0xC0, 0x10, 0xBF, 0x10, 0xBE, 0x10, 0xBE, 0x10, 0xBD, 0x10, 0xBC, 0x10, 0xBB, 0x10,
	0xBA, 0x10, 0xB9, 0x10, 0xB9, 0x10, 0xB8, 0x10, 0xB7, 0x10, 0xB6, 0x10, 0xB5, 0x10, 0xB5, 0x10,
	0xB4, 0x10, 0xB3, 0x10, 0xB2, 0x10, 0xB1, 0x10, 0xB1, 0x10, 0xB0, 0x10, 0xAF, 0x10, 0xAE, 0x10,
	0xAD, 0x10, 0xAD, 0x10, 0xAC, 0x10, 0xAB, 0x10, 0xAA, 0x10, 0xA9, 0x10, 0xA8, 0x10, 0xA8, 0x10,
	0xA7, 0x10, 0xA6, 0x10, 0xA5, 0x10, 0xA4, 0x10, 0xA4, 0x10, 0xA3, 0x10, 0xA2, 0x10, 0xA1, 0x10,
	0xA0, 0x10, 0xA0, 0x10, 0x9F, 0x10, 0x9E, 0x10, 0x9D, 0x10, 0x9C, 0x10, 0x9C, 0x10, 0x9B, 0x10,
	0x9A, 0x10, 0x99, 0x10, 0x98, 0x10, 0x98, 0x10, 0x97, 0x10, 0x96, 0x10, 0x95, 0x10, 0x94, 0x10,
	0x93, 0x10, 0x93, 0x10, 0x92, 0x10, 0x91, 0x10, 0x90, 0x10, 0x8F, 0x10, 0x8F, 0x10, 0x8E, 0x10,
	0x8D, 0x10, 0x8C, 0x10, 0x8B, 0x10, 0x8B, 0x10, 0x8A, 0x10, 0x89, 0x10, 0x88, 0x10, 0x87, 0x10,
	0x87, 0x10, 0x86, 0x10, 0x85, 0x10, 0x84, 0x10, 0x83, 0x10, 0x83, 0x10, 0x82, 0x10, 0x81, 0x10,
	0x80, 0x10, 0x7F, 0x10, 0x7E, 0x10, 0x7E, 0x10, 0x7D, 0x10, 0xB6, 0xFD, 0xB6, 0xFD, 0x08, 0xFB,
	0x08, 0xFB, 0x08, 0xFB, 0x08, 0xFB, 0x08, 0xFB, 0x09, 0xFB, 0x09, 0xFB, 0x09, 0xFB, 0x09, 0xFB,
	0x0A, 0xFB, 0x0A, 0xFB, 0x0A, 0xFB, 0x0A, 0xFB, 0x0B, 0xFB, 0x0B, 0xFB, 0x0B, 0xFB, 0x0B, 0xFB,
	0x0C, 0xFB, 0x0C, 0xFB, 0x0C, 0xFB, 0x0C, 0xFB, 0x0D, 0xFB, 0x0D, 0xFB, 0x0D, 0xFB, 0x0D, 0xFB,
	0x0E, 0xFB, 0x0E, 0xFB, 0x0E, 0xFB, 0x0E, 0xFB, 0x0F, 0xFB, 0x0F, 0xFB, 0x0F, 0xFB, 0x0F, 0xFB,
	0x10, 0xFB, 0x10, 0xFB, 0x10, 0xFB, 0x10, 0xFB, 0x11, 0xFB, 0x11, 0xFB, 0x11, 0xFB, 0x11, 0xFB,
	0x12, 0xFB, 0x12, 0xFB, 0x12, 0xFB, 0x12, 0xFB, 0x12, 0xFB, 0x13, 0xFB, 0x13, 0xFB, 0x13, 0xFB,
	0x13, 0xFB, 0x14, 0xFB, 0x14, 0xFB, 0x14, 0xFB, 0x14, 0xFB, 0x15, 0xFB, 0x15, 0xFB, 0x15, 0xFB,
	0x15, 0xFB, 0x16, 0xFB, 0x16, 0xFB, 0x16, 0xFB, 0x16, 0xFB, 0x17, 0xFB, 0x17, 0xFB, 0x17, 0xFB,
	0x17, 0xFB, 0x18, 0xFB, 0x18, 0xFB, 0x18, 0xFB, 0x18, 0xFB, 0x19, 0xFB, 0x19, 0xFB, 0x19, 0xFB,
	0x19, 0xFB, 0x1A, 0xFB, 0x1A, 0xFB, 0x1A, 0xFB, 0x1A, 0xFB, 0x1B, 0xFB, 0x1B, 0xFB, 0x1B, 0xFB,
	0x1B, 0xFB, 0x1B, 0xFB, 0x1C, 0xFB, 0x1C, 0xFB, 0x1C, 0xFB, 0x1C, 0xFB, 0x1D, 0xFB, 0x1D, 0xFB,
	0x1D, 0xFB, 0x1D, 0xFB, 0x1E, 0xFB, 0x1E, 0xFB, 0x1E, 0xFB, 0x1E, 0xFB, 0x1F, 0xFB, 0x1F, 0xFB,
	0x1F, 0xFB, 0x1F, 0xFB, 0x20, 0xFB, 0x20, 0xFB, 0x20, 0xFB, 0x20, 0xFB, 0x21, 0xFB, 0x21, 0xFB,
	0x21, 0xFB, 0x21, 0xFB, 0x22, 0xFB, 0x22, 0xFB, 0x22, 0xFB, 0x22, 0xFB, 0x23, 0xFB, 0x23, 0xFB,
	0x23, 0xFB, 0x23, 0xFB, 0x24, 0xFB, 0x24, 0xFB, 0x24, 0xFB, 0x24, 0xFB, 0x25, 0xFB, 0x25, 0xFB,
	0x25, 0xFB, 0x25, 0xFB, 0x25, 0xFB, 0x26, 0xFB, 0x26, 0xFB, 0x26, 0xFB, 0x26, 0xFB, 0x27, 0xFB,
	0x27, 0xFB, 0x27, 0xFB, 0x27, 0xFB, 0x28, 0xFB, 0x28, 0xFB, 0x28, 0xFB, 0x28, 0xFB, 0x29, 0xFB,
	0x29, 0xFB, 0x29, 0xFB, 0x29, 0xFB, 0x2A, 0xFB, 0x2A, 0xFB, 0x2A, 0xFB, 0x2A, 0xFB, 0x2B, 0xFB,
	0x2B, 0xFB, 0x2B, 0xFB, 0x2B, 0xFB, 0x2C, 0xFB, 0x2C, 0xFB, 0x2C, 0xFB, 0x2C, 0xFB, 0x2D, 0xFB,
	0x2D, 0xFB, 0x2D, 0xFB, 0x2D, 0xFB, 0x2E, 0xFB, 0x2E, 0xFB, 0x2E, 0xFB, 0x2E, 0xFB, 0x2F, 0xFB,
	0x2F, 0xFB, 0x2F, 0xFB, 0x2F, 0xFB, 0x2F, 0xFB, 0x30, 0xFB, 0x30, 0xFB, 0x30, 0xFB, 0x30, 0xFB,
	0x31, 0xFB, 0x31, 0xFB, 0x31, 0xFB, 0x31, 0xFB, 0x32, 0xFB, 0x32, 0xFB, 0x32, 0xFB, 0x32, 0xFB,
	0x33, 0xFB, 0x33, 0xFB, 0x33, 0xFB, 0x33, 0xFB, 0x34, 0xFB, 0x34, 0xFB, 0x34, 0xFB, 0x34, 0xFB,
	0x35, 0xFB, 0x28, 0x00, 0x28, 0x00, 0x0D, 0x0A, 0x0C, 0x0A, 0xFE, 0x0E, 0xFD, 0x0E, 0xFC, 0x0E,
	0xFC, 0x0E, 0xFB, 0x0E, 0xFA, 0x0E, 0xF9, 0x0E, 0xF8, 0x0E, 0xF8, 0x0E, 0xF7, 0x0E, 0xF6, 0x0E,
	0xF5, 0x0E, 0xF5, 0x0E, 0xF4, 0x0E, 0xF3, 0x0E, 0xF2, 0x0E, 0xF2, 0x0E, 0xF1, 0x0E, 0xF0, 0x0E,
	0xEF, 0x0E, 0xEF, 0x0E, 0xEE, 0x0E, 0xED, 0x0E, 0xEC, 0x0E, 0xEB, 0x0E, 0xEB, 0x0E, 0xEA, 0x0E,
	0xE9, 0x0E, 0xE8, 0x0E, 0xE8, 0x0E, 0xE7, 0x0E, 0xE6, 0x0E, 0xE5, 0x0E, 0xE5, 0x0E, 0xE4, 0x0E,
	0xE3, 0x0E, 0xE2, 0x0E, 0xE2, 0x0E, 0xE1, 0x0E, 0xE0, 0x0E, 0xDF, 0x0E, 0xDF, 0x0E, 0xDE, 0x0E,
	0xDD, 0x0E, 0xDC, 0x0E, 0xDB, 0x0E, 0xDB, 0x0E, 0xDA, 0x0E, 0xD9, 0x0E, 0xD8, 0x0E, 0xD8, 0x0E,
	0xD7, 0x0E, 0xD6, 0x0E, 0xD5, 0x0E, 0xD5, 0x0E, 0xD4, 0x0E, 0xD3, 0x0E, 0xD2, 0x0E, 0xD2, 0x0E,
	0xD1, 0x0E, 0xD0, 0x0E, 0xCF, 0x0E, 0xCF, 0x0E, 0xCE, 0x0E, 0xCD, 0x0E, 0xCC, 0x0E, 0xCB, 0x0E,
	0xCB, 0x0E, 0xCA, 0x0E, 0xC9, 0x0E, 0xC8, 0x0E, 0xC8, 0x0E, 0xC7, 0x0E, 0xC6, 0x0E, 0xC5, 0x0E,
	0xC5, 0x0E, 0xC4, 0x0E, 0xC3, 0x0E, 0xC2, 0x0E, 0xC2, 0x0E, 0xC1, 0x0E, 0xC0, 0x0E, 0xBF, 0x0E,
	0xBE, 0x0E, 0xBE, 0x0E, 0xBD, 0x0E, 0xBC, 0x0E, 0xBB, 0x0E, 0xBB, 0x0E, 0xBA, 0x0E, 0xB9, 0x0E,
	0xB8, 0x0E, 0xB8, 0x0E, 0xB7, 0x0E, 0xB6, 0x0E, 0xB5, 0x0E, 0xB5, 0x0E, 0xB4, 0x0E, 0xB3, 0x0E,
	0xB2, 0x0E, 0xB2, 0x0E, 0xB1, 0x0E, 0xB0, 0x0E, 0xAF, 0x0E, 0xAE, 0x0E, 0xAE, 0x0E, 0xAD, 0x0E,
	0xAC, 0x0E, 0xAB, 0x0E, 0xAB, 0x0E, 0xAA, 0x0E, 0xA9, 0x0E, 0xA8, 0x0E, 0xA8, 0x0E, 0xA7, 0x0E,
	0xA6, 0x0E, 0xA5, 0x0E, 0xA5, 0x0E, 0xA4, 0x0E, 0xA3, 0x0E, 0xA2, 0x0E, 0xA1, 0x0E, 0xA1, 0x0E,
	0xA0, 0x0E, 0x9F, 0x0E, 0x9E, 0x0E, 0x9E, 0x0E, 0x9D, 0x0E, 0x9C, 0x0E, 0x9B, 0x0E, 0x9B, 0x0E,
	0x9A, 0x0E, 0x99, 0x0E, 0x98, 0x0E, 0x98, 0x0E, 0x97, 0x0E, 0x96, 0x0E, 0x95, 0x0E, 0x95, 0x0E,
	0x94, 0x0E, 0x93, 0x0E, 0x92, 0x0E, 0x91, 0x0E, 0x91, 0x0E, 0x90, 0x0E, 0x8F, 0x0E, 0x8E, 0x0E,
	0x8E, 0x0E, 0x8D, 0x0E, 0x8C, 0x0E, 0x8B, 0x0E, 0x8B, 0x0E, 0x8A, 0x0E, 0x89, 0x0E, 0x88, 0x0E,
	0x88, 0x0E, 0x87, 0x0E, 0x86, 0x0E, 0x85, 0x0E, 0x85, 0x0E, 0x84, 0x0E, 0x83, 0x0E, 0x82, 0x0E,
	0x81, 0x0E, 0x81, 0x0E, 0x80, 0x0E, 0x7F, 0x0E, 0x7E, 0x0E, 0x7E, 0x0E, 0x7D, 0x0E, 0x7C, 0x0E,
	0x7B, 0x0E, 0x7B, 0x0E, 0x7A, 0x0E, 0x79, 0x0E, 0x78, 0x0E, 0x78, 0x0E, 0x77, 0x0E, 0x76, 0x0E,
	0x75, 0x0E, 0x74, 0x0E, 0x74, 0x0E, 0x73, 0x0E, 0x72, 0x0E, 0x71, 0x0E, 0x71, 0x0E, 0x70, 0x0E,
	0x6F, 0x0E, 0x6E, 0x0E, 0x6E, 0x0E, 0x6D, 0x0E, 0x6C, 0x0E, 0x6B, 0x0E, 0x6B, 0x0E, 0x6A, 0x0E,
	0x69, 0x0E, 0x68, 0x0E, 0x68, 0x0E, 0x67, 0x0E, 0x66, 0x0E, 0x65, 0x0E, 0x64, 0x0E, 0x64, 0x0E,
	0x63, 0x0E, 0x62, 0x0E, 0x61, 0x0E, 0x61, 0x0E, 0x60, 0x0E, 0x5F, 0x0E, 0x5E, 0x0E, 0x5E, 0x0E,
	0x5D, 0x0E, 0x5C, 0x0E, 0x5B, 0x0E, 0x5B, 0x0E, 0x5A, 0x0E, 0x59, 0x0E, 0x58, 0x0E, 0x57, 0x0E,
	0x57, 0x0E, 0x56, 0x0E, 0x55, 0x0E, 0x54, 0x0E, 0x54, 0x0E, 0x53, 0x0E, 0x52, 0x0E, 0x51, 0x0E,
	0x51, 0x0E, 0x50, 0x0E, 0x4F, 0x0E, 0x4E, 0x0E, 0x4E, 0x0E, 0x4D, 0x0E, 0x4C, 0x0E, 0x4B, 0x0E,
	0x4B, 0x0E, 0x4A, 0x0E, 0x49, 0x0E, 0x48, 0x0E, 0x47, 0x0E, 0x47, 0x0E, 0x46, 0x0E, 0x45, 0x0E,
	0x44, 0x0E, 0x44, 0x0E, 0x43, 0x0E, 0x42, 0x0E, 0x41, 0x0E, 0x41, 0x0E, 0x40, 0x0E, 0x3F, 0x0E,
	0x3E, 0x0E, 0x3E, 0x0E, 0x3D, 0x0E, 0x3C, 0x0E, 0x3B, 0x0E, 0x3A, 0x0E, 0x3A, 0x0E, 0x39, 0x0E,
	0x38, 0x0E, 0x37, 0x0E, 0x37, 0x0E, 0x36, 0x0E, 0x35, 0x0E, 0x34, 0x0E, 0x34, 0x0E, 0x33, 0x0E,
	0x32, 0x0E, 0x31, 0x0E, 0x31, 0x0E, 0x30, 0x0E, 0x2F, 0x0E, 0x2E, 0x0E, 0x2E, 0x0E, 0x2D, 0x0E,
	0x2C, 0x0E, 0x2B, 0x0E, 0x2A, 0x0E, 0x2A, 0x0E, 0x29, 0x0E, 0x28, 0x0E, 0x27, 0x0E, 0x27, 0x0E,
	0x26, 0x0E, 0x25, 0x0E, 0x24, 0x0E, 0x24, 0x0E, 0x23, 0x0E, 0x22, 0x0E, 0x21, 0x0E, 0x21, 0x0E,
	0x20, 0x0E, 0x1F, 0x0E, 0x1E, 0x0E, 0x1E, 0x0E, 0x1D, 0x0E, 0x1C, 0x0E, 0x1B, 0x0E, 0x1A, 0x0E,
	0x1A, 0x0E, 0x19, 0x0E, 0x18, 0x0E, 0x17, 0x0E, 0x17, 0x0E, 0x16, 0x0E, 0x15, 0x0E, 0x14, 0x0E,
	0x14, 0x0E, 0x13, 0x0E, 0x12, 0x0E, 0x11, 0x0E, 0x11, 0x0E, 0x10, 0x0E, 0x0F, 0x0E, 0x0E, 0x0E,
	0x0D, 0x0E, 0x0D, 0x0E, 0x0C, 0x0E, 0x0B, 0x0E, 0x0A, 0x0E, 0x0A, 0x0E, 0x09, 0x0E, 0x08, 0x0E,
	0x07, 0x0E, 0x07, 0x0E, 0x06, 0x0E, 0x05, 0x0E, 0x04, 0x0E, 0x04, 0x0E, 0x03, 0x0E, 0x02, 0x0E,
	0x01, 0x0E, 0x01, 0x0E, 0x00, 0x0E, 0xFF, 0x0D, 0xFE, 0x0D, 0xFD, 0x0D, 0xFD, 0x0D, 0xFC, 0x0D,
	0xFB, 0x0D, 0xFA, 0x0D, 0xFA, 0x0D, 0xF9, 0x0D, 0xF8, 0x0D, 0xF7, 0x0D, 0xF7, 0x0D, 0xF6, 0x0D,
	0xF5, 0x0D, 0xF4, 0x0D, 0xF4, 0x0D, 0xF3, 0x0D, 0xF2, 0x0D, 0xF1, 0x0D, 0xF0, 0x0D, 0xF0, 0x0D,
	0xEF, 0x0D, 0xEE, 0x0D, 0xED, 0x0D, 0xED, 0x0D, 0xEC, 0x0D, 0xEB, 0x0D, 0xEA, 0x0D, 0xEA, 0x0D,
	0xE9, 0x0D, 0xE8, 0x0D, 0xE7, 0x0D, 0xE7, 0x0D, 0xE6, 0x0D, 0xE5, 0x0D, 0xE4, 0x0D, 0xE4, 0x0D,
	0xE3, 0x0D, 0xE2, 0x0D, 0xE1, 0x0D, 0xE0, 0x0D, 0xE0, 0x0D, 0xDF, 0x0D, 0xDE, 0x0D, 0xDD, 0x0D,
	0xDD, 0x0D, 0xDC, 0x0D, 0xDB, 0x0D, 0xDA, 0x0D, 0xDA, 0x0D, 0xD9, 0x0D, 0xD8, 0x0D, 0xD7, 0x0D,
	0xD7, 0x0D, 0xD6, 0x0D, 0xD5, 0x0D, 0xD4, 0x0D, 0xD3, 0x0D, 0xD3, 0x0D, 0xD2, 0x0D, 0xD1, 0x0D,
	0xD0, 0x0D, 0xD0, 0x0D, 0xCF, 0x0D, 0xCE, 0x0D, 0xCD, 0x0D, 0xCD, 0x0D, 0xCC, 0x0D, 0xCB, 0x0D,
	0xCA, 0x0D, 0xCA, 0x0D, 0xC9, 0x0D, 0xC8, 0x0D, 0xC7, 0x0D, 0xC7, 0x0D, 0xC6, 0x0D, 0xC5, 0x0D,
	0xC4, 0x0D, 0xC3, 0x0D, 0xC3, 0x0D, 0xC2, 0x0D, 0xC1, 0x0D, 0xC0, 0x0D, 0xC0, 0x0D, 0xBF, 0x0D,
	0xBE, 0x0D, 0xBD, 0x0D, 0xBD, 0x0D, 0xBC, 0x0D, 0xBB, 0x0D, 0xBA, 0x0D, 0xBA, 0x0D, 0xB9, 0x0D,
	0xB8, 0x0D, 0xB7, 0x0D, 0xB7, 0x0D, 0xB6, 0x0D, 0xB5, 0x0D, 0xB4, 0x0D, 0xB3, 0x0D, 0xB3, 0x0D,
	0xB2, 0x0D, 0xB1, 0x0D, 0xB0, 0x0D, 0xB0, 0x0D, 0xAF, 0x0D, 0xAE, 0x0D, 0xAD, 0x0D, 0xAD, 0x0D,
	0xAC, 0x0D, 0xAB, 0x0D, 0xAA, 0x0D, 0xAA, 0x0D, 0xA9, 0x0D, 0xA8, 0x0D, 0xA7, 0x0D, 0xA6, 0x0D,
	0xA6, 0x0D, 0xA5, 0x0D, 0xA4, 0x0D, 0xA3, 0x0D, 0xA3, 0x0D, 0xA2, 0x0D, 0xA1, 0x0D, 0xA0, 0x0D,
	0xA0, 0x0D, 0x9F, 0x0D, 0x9E, 0x0D, 0x9D, 0x0D, 0x9D, 0x0D, 0x9C, 0x0D, 0x9B, 0x0D, 0x9A, 0x0D,
	0x9A, 0x0D, 0x99, 0x0D, 0x98, 0x0D, 0x97, 0x0D, 0x96, 0x0D, 0x96, 0x0D, 0x95, 0x0D, 0x94, 0x0D,
	0x93, 0x0D, 0x93, 0x0D, 0x92, 0x0D, 0x91, 0x0D, 0x90, 0x0D, 0x90, 0x0D, 0x8F, 0x0D, 0x8E, 0x0D,
	0x8D, 0x0D, 0x8D, 0x0D, 0x8C, 0x0D, 0x8B, 0x0D, 0x8A, 0x0D, 0x89, 0x0D, 0x89, 0x0D, 0x88, 0x0D,
	0x87, 0x0D, 0x86, 0x0D, 0x86, 0x0D, 0x85, 0x0D, 0x84, 0x0D, 0x83, 0x0D, 0x83, 0x0D, 0x82, 0x0D,
	0x81, 0x0D, 0x80, 0x0D, 0x80, 0x0D, 0x7F, 0x0D, 0x7E, 0x0D, 0x7D, 0x0D, 0x7D, 0x0D, 0x7C, 0x0D,
	0x7B, 0x0D, 0x7A, 0x0D, 0x79, 0x0D, 0x79, 0x0D, 0x78, 0x0D, 0x77, 0x0D, 0x76, 0x0D, 0x76, 0x0D,
	0x75, 0x0D, 0x74, 0x0D, 0x73, 0x0D, 0x73, 0x0D, 0x72, 0x0D, 0x71, 0x0D, 0x70, 0x0D, 0x70, 0x0D,
	0x6F, 0x0D, 0x6E, 0x0D, 0x6D, 0x0D, 0x6C, 0x0D, 0x6C, 0x0D, 0x6B, 0x0D, 0x6A, 0x0D, 0x69, 0x0D,
	0x69, 0x0D, 0x68, 0x0D, 0x67, 0x0D, 0x66, 0x0D, 0x66, 0x0D, 0x65, 0x0D, 0x64, 0x0D, 0x63, 0x0D,
	0x63, 0x0D, 0x62, 0x0D, 0x61, 0x0D, 0x60, 0x0D, 0x60, 0x0D, 0x5F, 0x0D, 0x5E, 0x0D, 0x5D, 0x0D,
	0x5C, 0x0D, 0x5C, 0x0D, 0x5B, 0x0D, 0x5A, 0x0D, 0x59, 0x0D, 0x59, 0x0D, 0x58, 0x0D, 0x57, 0x0D,
	0x56, 0x0D, 0x56, 0x0D, 0x55, 0x0D, 0x54, 0x0D, 0x53, 0x0D, 0x53, 0x0D, 0x52, 0x0D, 0x51, 0x0D,
	0x50, 0x0D, 0x50, 0x0D, 0x4F, 0x0D, 0x4E, 0x0D, 0x4D, 0x0D, 0x4C, 0x0D, 0x4C, 0x0D, 0x4B, 0x0D,
	0x4A, 0x0D, 0x49, 0x0D, 0x49, 0x0D, 0x48, 0x0D, 0x47, 0x0D, 0x46, 0x0D, 0x46, 0x0D, 0x45, 0x0D,
	0x44, 0x0D, 0x43, 0x0D, 0x43, 0x0D, 0x42, 0x0D, 0x41, 0x0D, 0x40, 0x0D, 0x3F, 0x0D, 0x3F, 0x0D,
	0x3E, 0x0D, 0x3D, 0x0D, 0x3C, 0x0D, 0x3C, 0x0D, 0x3B, 0x0D, 0x3A, 0x0D, 0x39, 0x0D, 0x39, 0x0D,
	0x38, 0x0D, 0x37, 0x0D, 0x36, 0x0D, 0x36, 0x0D, 0x35, 0x0D, 0x34, 0x0D, 0x33, 0x0D, 0x33, 0x0D,
	0x32, 0x0D, 0x31, 0x0D, 0x30, 0x0D, 0x2F, 0x0D, 0x2F, 0x0D, 0x2E, 0x0D, 0x2D, 0x0D, 0x2C, 0x0D,
	0x2C, 0x0D, 0x2B, 0x0D, 0x2A, 0x0D, 0x29, 0x0D, 0x29, 0x0D, 0x28, 0x0D, 0x27, 0x0D, 0x26, 0x0D,
	0x26, 0x0D, 0x25, 0x0D, 0x24, 0x0D, 0x23, 0x0D, 0x22, 0x0D, 0x22, 0x0D, 0x21, 0x0D, 0x20, 0x0D,
	0x1F, 0x0D, 0x1F, 0x0D, 0x1E, 0x0D, 0x1D, 0x0D, 0x1C, 0x0D, 0x1C, 0x0D, 0x1B, 0x0D, 0x1A, 0x0D,
	0x19, 0x0D, 0x19, 0x0D, 0x18, 0x0D, 0x17, 0x0D, 0x16, 0x0D, 0x16, 0x0D, 0x15, 0x0D, 0x14, 0x0D,
	0x13, 0x0D, 0x12, 0x0D, 0x12, 0x0D, 0x11, 0x0D, 0x10, 0x0D, 0x0F, 0x0D, 0x0F, 0x0D, 0x0E, 0x0D,
	0x0D, 0x0D, 0x0C, 0x0D, 0x0C, 0x0D, 0x0B, 0x0D, 0x0A, 0x0D, 0x09, 0x0D, 0x09, 0x0D, 0x08, 0x0D,
	0x07, 0x0D, 0x06, 0x0D, 0x06, 0x0D, 0x05, 0x0D, 0x04, 0x0D, 0x03, 0x0D, 0x02, 0x0D, 0x02, 0x0D,
	0x01, 0x0D, 0x00, 0x0D, 0xFF, 0x0C, 0xFF, 0x0C, 0xFE, 0x0C, 0xFD, 0x0C, 0xFC, 0x0C, 0xFC, 0x0C,
	0xFB, 0x0C, 0xFA, 0x0C, 0xF9, 0x0C, 0xF9, 0x0C, 0xF8, 0x0C, 0xF7, 0x0C, 0xF6, 0x0C, 0xF5, 0x0C,
	0xF5, 0x0C, 0xF4, 0x0C, 0xF3, 0x0C, 0xF2, 0x0C, 0xF2, 0x0C, 0xF1, 0x0C, 0xF0, 0x0C, 0xEF, 0x0C,
	0xEF, 0x0C, 0xEE, 0x0C, 0xED, 0x0C, 0xEC, 0x0C, 0xEC, 0x0C, 0xEB, 0x0C, 0xEA, 0x0C, 0xE9, 0x0C,
	0xE9, 0x0C, 0xE8, 0x0C, 0xE7, 0x0C, 0xE6, 0x0C, 0xE5, 0x0C, 0xE5, 0x0C, 0xE4, 0x0C, 0xE3, 0x0C,
	0xE2, 0x0C, 0xE2, 0x0C, 0xE1, 0x0C, 0xE0, 0x0C, 0xDF, 0x0C, 0xDF, 0x0C, 0xDE, 0x0C, 0xDD, 0x0C,
	0xDC, 0x0C, 0xDC, 0x0C, 0xDB, 0x0C, 0xDA, 0x0C, 0xD9, 0x0C, 0xD8, 0x0C, 0xD8, 0x0C, 0xD7, 0x0C,
	0xD6, 0x0C, 0xD5, 0x0C, 0xD5, 0x0C, 0xD4, 0x0C, 0xD3, 0x0C, 0xD2, 0x0C, 0xD2, 0x0C, 0xD1, 0x0C,
	0xD0, 0x0C, 0xCF, 0x0C, 0xCF, 0x0C, 0xCE, 0x0C, 0xCD, 0x0C, 0xCC, 0x0C, 0xCC, 0x0C, 0xCB, 0x0C,
	0xCA, 0x0C, 0xC9, 0x0C, 0xC8, 0x0C, 0xC8, 0x0C, 0xC7, 0x0C, 0xC6, 0x0C, 0xC5, 0x0C, 0xC5, 0x0C,
	0xC4, 0x0C, 0xC3, 0x0C, 0xC2, 0x0C, 0xC2, 0x0C, 0xC1, 0x0C, 0xC0, 0x0C, 0xBF, 0x0C, 0xBF, 0x0C,
	0xBE, 0x0C, 0xBD, 0x0C, 0xBC, 0x0C, 0xBB, 0x0C, 0xBB, 0x0C, 0x3B, 0x02, 0x3B, 0x02, 0xEF, 0xFB,
	0xF0, 0xFB, 0xF0, 0xFB, 0xF0, 0xFB, 0xF0, 0xFB, 0xF1, 0xFB, 0xF1, 0xFB, 0xF1, 0xFB, 0xF1, 0xFB,
	0xF2, 0xFB, 0xF2, 0xFB, 0xF2, 0xFB, 0xF2, 0xFB, 0xF3, 0xFB, 0xF3, 0xFB, 0xF3, 0xFB, 0xF3, 0xFB,
	0xF4, 0xFB, 0xF4, 0xFB, 0xF4, 0xFB, 0xF4, 0xFB, 0xF5, 0xFB, 0xF5, 0xFB, 0xF5, 0xFB, 0xF5, 0xFB,
	0xF6, 0xFB, 0xF6, 0xFB, 0xF6, 0xFB, 0xF6, 0xFB, 0xF7, 0xFB, 0xF7, 0xFB, 0xF7, 0xFB, 0xF7, 0xFB,
	0xF7, 0xFB, 0xF8, 0xFB, 0xF8, 0xFB, 0xF8, 0xFB, 0xF8, 0xFB, 0xF9, 0xFB, 0xF9, 0xFB, 0xF9, 0xFB,
	0xF9, 0xFB, 0xFA, 0xFB, 0xFA, 0xFB, 0xFA, 0xFB, 0xFA, 0xFB, 0xFB, 0xFB, 0xFB, 0xFB, 0xFB, 0xFB,
	0xFB, 0xFB, 0xFC, 0xFB, 0xFC, 0xFB, 0xFC, 0xFB, 0xFC, 0xFB, 0xFD, 0xFB, 0xFD, 0xFB, 0xFD, 0xFB,
	0xFD, 0xFB, 0xFE, 0xFB, 0xFE, 0xFB, 0xFE, 0xFB, 0xFE, 0xFB, 0xFF, 0xFB, 0xFF, 0xFB, 0xFF, 0xFB,
	0xFF, 0xFB, 0x00, 0xFC, 0x00, 0xFC, 0x00, 0xFC, 0x00, 0xFC, 0x01, 0xFC, 0x01, 0xFC, 0x01, 0xFC,
	0x01, 0xFC, 0x01, 0xFC, 0x02, 0xFC, 0x02, 0xFC, 0x02, 0xFC, 0x02, 0xFC, 0x03, 0xFC, 0x03, 0xFC,
	0x03, 0xFC, 0x03, 0xFC, 0x04, 0xFC, 0x04, 0xFC, 0x04, 0xFC, 0x04, 0xFC, 0x05, 0xFC, 0x05, 0xFC,
	0x05, 0xFC, 0x05, 0xFC, 0x06, 0xFC, 0x06, 0xFC, 0x06, 0xFC, 0x06, 0xFC, 0x07, 0xFC, 0x07, 0xFC,
	0x07, 0xFC, 0x07, 0xFC, 0x08, 0xFC, 0x08, 0xFC, 0x08, 0xFC, 0x08, 0xFC, 0x09, 0xFC, 0x09, 0xFC,
	0x09, 0xFC, 0x09, 0xFC, 0x0A, 0xFC, 0x0A, 0xFC, 0x0A, 0xFC, 0x0A, 0xFC, 0x0B, 0xFC, 0x0B, 0xFC,
	0x0B, 0xFC, 0x0B, 0xFC, 0x0B, 0xFC, 0x0C, 0xFC, 0x0C, 0xFC, 0x0C, 0xFC, 0x0C, 0xFC, 0x0D, 0xFC,
	0x0D, 0xFC, 0x0D, 0xFC, 0x0D, 0xFC, 0x0E, 0xFC, 0x0E, 0xFC, 0x0E, 0xFC, 0x0E, 0xFC, 0x0F, 0xFC,
	0x0F, 0xFC, 0x0F, 0xFC, 0x0F, 0xFC, 0x10, 0xFC, 0x10, 0xFC, 0x10, 0xFC, 0x10, 0xFC, 0x11, 0xFC,
	0x11, 0xFC, 0x11, 0xFC, 0x11, 0xFC, 0x12, 0xFC, 0x12, 0xFC, 0x12, 0xFC, 0x12, 0xFC, 0x13, 0xFC,
	0x13, 0xFC, 0x13, 0xFC, 0x13, 0xFC, 0x14, 0xFC, 0x14, 0xFC, 0x14, 0xFC, 0x14, 0xFC, 0x14, 0xFC,
	0x15, 0xFC, 0x15, 0xFC, 0x15, 0xFC, 0x15, 0xFC, 0x16, 0xFC, 0x16, 0xFC, 0x16, 0xFC, 0x16, 0xFC,
	0x17, 0xFC, 0x17, 0xFC, 0x17, 0xFC, 0x17, 0xFC, 0x18, 0xFC, 0x18, 0xFC, 0x18, 0xFC, 0x18, 0xFC,
	0x19, 0xFC, 0x19, 0xFC, 0x19, 0xFC, 0x19, 0xFC, 0x1A, 0xFC, 0x1A, 0xFC, 0x1A, 0xFC, 0x1A, 0xFC,
	0x1B, 0xFC, 0x1B, 0xFC, 0x1B, 0xFC, 0x1B, 0xFC, 0x1C, 0xFC, 0x1C, 0xFC, 0x1C, 0xFC, 0x1C, 0xFC,
	0x1D, 0xFC, 0x1D, 0xFC, 0x1D, 0xFC, 0x1D, 0xFC, 0x1E, 0xFC, 0x1E, 0xFC, 0x1E, 0xFC, 0x1E, 0xFC,
	0x1E, 0xFC, 0x1F, 0xFC, 0x1F, 0xFC, 0x1F, 0xFC, 0x1F, 0xFC, 0x20, 0xFC, 0x20, 0xFC, 0x20, 0xFC,
	0x20, 0xFC, 0x21, 0xFC, 0x21, 0xFC, 0x21, 0xFC, 0x21, 0xFC, 0x22, 0xFC, 0x22, 0xFC, 0x22, 0xFC,
	0x22, 0xFC, 0x23, 0xFC, 0x23, 0xFC, 0x23, 0xFC, 0x23, 0xFC, 0x24, 0xFC, 0x24, 0xFC, 0x24, 0xFC,
	0x24, 0xFC, 0x25, 0xFC, 0x25, 0xFC, 0x25, 0xFC, 0x25, 0xFC, 0x26, 0xFC, 0x26, 0xFC, 0x26, 0xFC,
	0x26, 0xFC, 0x27, 0xFC, 0x27, 0xFC, 0x27, 0xFC, 0x27, 0xFC, 0x27, 0xFC, 0x28, 0xFC, 0x28, 0xFC,
	0x28, 0xFC, 0x28, 0xFC, 0x29, 0xFC, 0x29, 0xFC, 0x29, 0xFC, 0x29, 0xFC, 0x2A, 0xFC, 0x2A, 0xFC,
	0x2A, 0xFC, 0x2A, 0xFC, 0x2B, 0xFC, 0x2B, 0xFC, 0x2B, 0xFC, 0x2B, 0xFC, 0x2C, 0xFC, 0x2C, 0xFC,
	0x2C, 0xFC, 0x2C, 0xFC, 0x2D, 0xFC, 0x2D, 0xFC, 0x2D, 0xFC, 0x2D, 0xFC, 0x2E, 0xFC, 0x2E, 0xFC,
	0x2E, 0xFC, 0x2E, 0xFC, 0x2F, 0xFC, 0x2F, 0xFC, 0x2F, 0xFC, 0x2F, 0xFC, 0x30, 0xFC, 0x30, 0xFC,
	0x30, 0xFC, 0x30, 0xFC, 0x31, 0xFC, 0x31, 0xFC, 0x31, 0xFC, 0x31, 0xFC, 0x31, 0xFC, 0x32, 0xFC,
	0x32, 0xFC, 0x32, 0xFC, 0x32, 0xFC, 0x33, 0xFC, 0x33, 0xFC, 0x33, 0xFC, 0x33, 0xFC, 0x34, 0xFC,
	0x34, 0xFC, 0x34, 0xFC, 0x34, 0xFC, 0x35, 0xFC, 0x35, 0xFC, 0x35, 0xFC, 0x35, 0xFC, 0x36, 0xFC,
	0x36, 0xFC, 0x36, 0xFC, 0x36, 0xFC, 0x37, 0xFC, 0x37, 0xFC, 0x37, 0xFC, 0x37, 0xFC, 0x38, 0xFC,
	0x38, 0xFC, 0x38, 0xFC, 0x38, 0xFC, 0x39, 0xFC, 0x39, 0xFC, 0x39, 0xFC, 0x39, 0xFC, 0x3A, 0xFC,
	0x3A, 0xFC, 0x55, 0x02, 0x55, 0x02, 0x80, 0x0C, 0x7F, 0x0C, 0x7F, 0x0C, 0x7E, 0x0C, 0x7D, 0x0C,
	0x7C, 0x0C, 0x7B, 0x0C, 0x7B, 0x0C, 0x7A, 0x0C, 0x79, 0x0C, 0x78, 0x0C, 0x77, 0x0C, 0x77, 0x0C,
	0x76, 0x0C, 0x75, 0x0C, 0x74, 0x0C, 0x73, 0x0C, 0x73, 0x0C, 0x72, 0x0C, 0x71, 0x0C, 0x70, 0x0C,
	0x6F, 0x0C, 0x6E, 0x0C, 0x6E, 0x0C, 0x6D, 0x0C, 0x6C, 0x0C, 0x6B, 0x0C, 0x6A, 0x0C, 0x6A, 0x0C,
	0x69, 0x0C, 0x68, 0x0C, 0x67, 0x0C, 0x66, 0x0C, 0x66, 0x0C, 0x65, 0x0C, 0x64, 0x0C, 0x63, 0x0C,
	0x62, 0x0C, 0x62, 0x0C, 0x61, 0x0C, 0x60, 0x0C, 0x5F, 0x0C, 0x5E, 0x0C, 0x5D, 0x0C, 0x5D, 0x0C,
	0x5C, 0x0C, 0x5B, 0x0C, 0x5A, 0x0C, 0x59, 0x0C, 0x59, 0x0C, 0x58, 0x0C, 0x57, 0x0C, 0x56, 0x0C,
	0x55, 0x0C, 0x55, 0x0C, 0x54, 0x0C, 0x53, 0x0C, 0x52, 0x0C, 0x51, 0x0C, 0x51, 0x0C, 0x50, 0x0C,
	0x4F, 0x0C, 0x4E, 0x0C, 0x4D, 0x0C, 0x4D, 0x0C, 0x4C, 0x0C, 0x4B, 0x0C, 0x4A, 0x0C, 0x49, 0x0C,
	0x48, 0x0C, 0x48, 0x0C, 0x47, 0x0C, 0x46, 0x0C, 0x45, 0x0C, 0x44, 0x0C, 0x44, 0x0C, 0x43, 0x0C,
	0x42, 0x0C, 0x41, 0x0C, 0x40, 0x0C, 0x40, 0x0C, 0x3F, 0x0C, 0x3E, 0x0C, 0x3D, 0x0C, 0x3C, 0x0C,
	0x3C, 0x0C, 0x3B, 0x0C, 0x3A, 0x0C, 0x39, 0x0C, 0x38, 0x0C, 0x38, 0x0C, 0x37, 0x0C, 0x36, 0x0C,
	0x35, 0x0C, 0x34, 0x0C, 0x33, 0x0C, 0x33, 0x0C, 0x32, 0x0C, 0x31, 0x0C, 0x30, 0x0C, 0x2F, 0x0C,
	0x2F, 0x0C, 0x2E, 0x0C, 0x2D, 0x0C, 0x2C, 0x0C, 0x2B, 0x0C, 0x2B, 0x0C, 0x2A, 0x0C, 0x29, 0x0C,
	0x28, 0x0C, 0x27, 0x0C, 0x27, 0x0C, 0x26, 0x0C, 0x25, 0x0C, 0x24, 0x0C, 0x23, 0x0C, 0x23, 0x0C,
	0x22, 0x0C, 0x21, 0x0C, 0x20, 0x0C, 0x1F, 0x0C, 0x1E, 0x0C, 0x1E, 0x0C, 0x1D, 0x0C, 0x1C, 0x0C,
	0x1B, 0x0C, 0x1A, 0x0C, 0x1A, 0x0C, 0x19, 0x0C, 0x18, 0x0C, 0x17, 0x0C, 0x16, 0x0C, 0x16, 0x0C,
	0x15, 0x0C, 0x14, 0x0C, 0x13, 0x0C, 0x12, 0x0C, 0x12, 0x0C, 0x11, 0x0C, 0x10, 0x0C, 0x0F, 0x0C,
	0x0E, 0x0C, 0x0D, 0x0C, 0x0D, 0x0C, 0x0C, 0x0C, 0x0B, 0x0C, 0x0A, 0x0C, 0x09, 0x0C, 0x09, 0x0C,
	0x08, 0x0C, 0x07, 0x0C, 0x06, 0x0C, 0x05, 0x0C, 0x05, 0x0C, 0x04, 0x0C, 0x03, 0x0C, 0x02, 0x0C,
	0x01, 0x0C, 0x01, 0x0C, 0x00, 0x0C, 0xFF, 0x0B, 0xFE, 0x0B, 0xFD, 0x0B, 0xFD, 0x0B, 0xFC, 0x0B,
	0xFB, 0x0B, 0xFA, 0x0B, 0xF9, 0x0B, 0xF8, 0x0B, 0xF8, 0x0B, 0xF7, 0x0B, 0xF6, 0x0B, 0xF5, 0x0B,
	0xF4, 0x0B, 0xF4, 0x0B, 0xF3, 0x0B, 0xF2, 0x0B, 0xF1, 0x0B, 0xF0, 0x0B, 0xF0, 0x0B, 0xEF, 0x0B,
	0xEE, 0x0B, 0xED, 0x0B, 0xEC, 0x0B, 0xEC, 0x0B, 0xEB, 0x0B, 0xEA, 0x0B, 0xE9, 0x0B, 0xE8, 0x0B,
	0xE8, 0x0B, 0xE7, 0x0B, 0xE6, 0x0B, 0xE5, 0x0B, 0xE4, 0x0B, 0xE3, 0x0B, 0xE3, 0x0B, 0xE2, 0x0B,
	0xE1, 0x0B, 0xE0, 0x0B, 0xDF, 0x0B, 0xDF, 0x0B, 0xDE, 0x0B, 0xDD, 0x0B, 0xDC, 0x0B, 0xDB, 0x0B,
	0xDB, 0x0B, 0xDA, 0x0B, 0xD9, 0x0B, 0xD8, 0x0B, 0xD7, 0x0B, 0xD7, 0x0B, 0xD6, 0x0B, 0xD5, 0x0B,
	0xD4, 0x0B, 0xD3, 0x0B, 0xD3, 0x0B, 0xD2, 0x0B, 0xD1, 0x0B, 0xD0, 0x0B, 0xCF, 0x0B, 0xCE, 0x0B,
	0xCE, 0x0B, 0xCD, 0x0B, 0xCC, 0x0B, 0xCB, 0x0B, 0xCA, 0x0B, 0xCA, 0x0B, 0xC9, 0x0B, 0xC8, 0x0B,
	0xC7, 0x0B, 0xC6, 0x0B, 0xC6, 0x0B, 0xC5, 0x0B, 0xC4, 0x0B, 0xC3, 0x0B, 0xC2, 0x0B, 0xC2, 0x0B,
	0xC1, 0x0B, 0xC0, 0x0B, 0xBF, 0x0B, 0xBE, 0x0B, 0xBD, 0x0B, 0xBD, 0x0B, 0xBC, 0x0B, 0xBB, 0x0B,
	0xBA, 0x0B, 0xB9, 0x0B, 0xB9, 0x0B, 0xB8, 0x0B, 0xB7, 0x0B, 0x29, 0x0B, 0x28, 0x0B, 0x49, 0x07,
	0x48, 0x07, 0x48, 0x07, 0x47, 0x07, 0x47, 0x07, 0x46, 0x07, 0x46, 0x07, 0x45, 0x07, 0x45, 0x07,
	0x44, 0x07, 0x44, 0x07, 0x43, 0x07, 0x43, 0x07, 0x42, 0x07, 0x42, 0x07, 0x41, 0x07, 0x41, 0x07,
	0x40, 0x07, 0x40, 0x07, 0x3F, 0x07, 0x3F, 0x07, 0x3E, 0x07, 0x3E, 0x07, 0x3D, 0x07, 0x3D, 0x07,
	0x3C, 0x07, 0x3C, 0x07, 0x3B, 0x07, 0x3B, 0x07, 0x3A, 0x07, 0x3A, 0x07, 0x39, 0x07, 0x39, 0x07,
	0x38, 0x07, 0x38, 0x07, 0x37, 0x07, 0x37, 0x07, 0x36, 0x07, 0x36, 0x07, 0x35, 0x07, 0x35, 0x07,
	0x34, 0x07, 0x34, 0x07, 0x33, 0x07, 0x33, 0x07, 0x32, 0x07, 0x32, 0x07, 0x31, 0x07, 0x31, 0x07,
	0x30, 0x07, 0x30, 0x07, 0x2F, 0x07, 0x2F, 0x07, 0x2E, 0x07, 0x2E, 0x07, 0x2D, 0x07, 0x2D, 0x07,
	0x2C, 0x07, 0x2C, 0x07, 0x2B, 0x07, 0x2B, 0x07, 0x2A, 0x07, 0x29, 0x07, 0x29, 0x07, 0x28, 0x07,
	0x28, 0x07, 0x27, 0x07, 0x27, 0x07, 0x26, 0x07, 0x26, 0x07, 0x25, 0x07, 0x25, 0x07, 0x24, 0x07,
	0x24, 0x07, 0x23, 0x07, 0x23, 0x07, 0x22, 0x07, 0x22, 0x07, 0x21, 0x07, 0x21, 0x07, 0x20, 0x07,
	0x20, 0x07, 0x1F, 0x07, 0x1F, 0x07, 0x1E, 0x07, 0x1E, 0x07, 0x1D, 0x07, 0x1D, 0x07, 0x1C, 0x07,
	0x1C, 0x07, 0x1B, 0x07, 0x1B, 0x07, 0x1A, 0x07, 0x1A, 0x07, 0x19, 0x07, 0x19, 0x07, 0x18, 0x07,
	0x18, 0x07, 0x17, 0x07, 0x17, 0x07, 0x16, 0x07, 0x16, 0x07, 0x15, 0x07, 0x15, 0x07, 0x14, 0x07,
	0x14, 0x07, 0x13, 0x07, 0x13, 0x07, 0x12, 0x07, 0x12, 0x07, 0x11, 0x07, 0x11, 0x07, 0x10, 0x07,
	0x10, 0x07, 0x0F, 0x07, 0x0F, 0x07, 0x0E, 0x07, 0x0E, 0x07, 0x0D, 0x07, 0x0D, 0x07, 0x0C, 0x07,
	0x0C, 0x07, 0x0B, 0x07, 0x0B, 0x07, 0x0A, 0x07, 0x0A, 0x07, 0x09, 0x07, 0x09, 0x07, 0x08, 0x07,
	0x08, 0x07, 0x07, 0x07, 0x07, 0x07, 0x06, 0x07, 0x06, 0x07, 0x05, 0x07, 0x05, 0x07, 0x04, 0x07,
	0x04, 0x07, 0x03, 0x07, 0x03, 0x07, 0x02, 0x07, 0x02, 0x07, 0x01, 0x07, 0x01, 0x07, 0x00, 0x07,
	0x00, 0x07, 0xFF, 0x06, 0xFF, 0x06, 0xFE, 0x06, 0xFE, 0x06, 0xFD, 0x06, 0xFD, 0x06, 0xFC, 0x06,
	0xFC, 0x06, 0xFB, 0x06, 0xFB, 0x06, 0xFA, 0x06, 0xFA, 0x06, 0xF9, 0x06, 0xF9, 0x06, 0xF8, 0x06,
	0xF8, 0x06, 0xF7, 0x06, 0xF7, 0x06, 0xF6, 0x06, 0xF6, 0x06, 0xF5, 0x06, 0xF5, 0x06, 0xF4, 0x06,
	0xF4, 0x06, 0xF3, 0x06, 0xF3, 0x06, 0xF2, 0x06, 0xF2, 0x06, 0xF1, 0x06, 0xF1, 0x06, 0xF0, 0x06,
	0xF0, 0x06, 0xEF, 0x06, 0xEF, 0x06, 0xEE, 0x06, 0xEE, 0x06, 0xED, 0x06, 0xED, 0x06, 0xEC, 0x06,
	0xEC, 0x06, 0xEB, 0x06, 0xEB, 0x06, 0xEA, 0x06, 0xEA, 0x06, 0xE9, 0x06, 0xE9, 0x06, 0xE8, 0x06,
	0xE8, 0x06, 0xE7, 0x06, 0xE7, 0x06, 0xE6, 0x06, 0xE6, 0x06, 0xE5, 0x06, 0xE5, 0x06, 0xE4, 0x06,
	0xE4, 0x06, 0xE3, 0x06, 0xE3, 0x06, 0xE2, 0x06, 0xE2, 0x06, 0xE1, 0x06, 0xE1, 0x06, 0xE0, 0x06,
	0xE0, 0x06, 0xDF, 0x06, 0xDF, 0x06, 0xDE, 0x06, 0xDE, 0x06, 0xDD, 0x06, 0xDD, 0x06, 0xDC, 0x06,
	0xDC, 0x06, 0xDB, 0x06, 0xDB, 0x06, 0xDA, 0x06, 0xDA, 0x06, 0xD9, 0x06, 0xD9, 0x06, 0xD8, 0x06,
	0xD8, 0x06, 0xD7, 0x06, 0xD7, 0x06, 0xD6, 0x06, 0xD6, 0x06, 0xD5, 0x06, 0xD5, 0x06, 0x5F, 0x03,
	0x5F, 0x03, 0xEB, 0xFF, 0xEB, 0xFF, 0xEB, 0xFF, 0xEB, 0xFF, 0xEB, 0xFF, 0xEB, 0xFF, 0xEB, 0xFF,
	0xEB, 0xFF, 0xEB, 0xFF, 0xEB, 0xFF, 0xEB, 0xFF, 0xEB, 0xFF, 0xEB, 0xFF, 0xEB, 0xFF, 0xEB, 0xFF,
	0xEB, 0xFF, 0xEB, 0xFF, 0xEB, 0xFF, 0xEB, 0xFF, 0xEB, 0xFF, 0xEB, 0xFF, 0xEB, 0xFF, 0xEB, 0xFF,
	0xEB, 0xFF, 0xEB, 0xFF, 0xEB, 0xFF, 0xEB, 0xFF, 0xEB, 0xFF, 0xEB, 0xFF, 0xEB, 0xFF, 0xEB, 0xFF,
	0xEB, 0xFF, 0xEB, 0xFF, 0xEB, 0xFF, 0xEB, 0xFF, 0xEB, 0xFF, 0xEB, 0xFF, 0xEB, 0xFF, 0xEB, 0xFF,
	0xEB, 0xFF, 0xEB, 0xFF, 0xEB, 0xFF, 0xEB, 0xFF, 0xEB, 0xFF, 0xEB, 0xFF, 0xEB, 0xFF, 0xEB, 0xFF,
	0xEB, 0xFF, 0xEB, 0xFF, 0xEB, 0xFF, 0xEB, 0xFF, 0xEB, 0xFF, 0xEB, 0xFF, 0xEB, 0xFF, 0xEB, 0xFF,
	0xEB, 0xFF, 0xEB, 0xFF, 0xEB, 0xFF, 0xEB, 0xFF, 0xEB, 0xFF, 0xEB, 0xFF, 0xEB, 0xFF, 0xEB, 0xFF,
	0xEB, 0xFF, 0xEB, 0xFF, 0xEB, 0xFF, 0xEB, 0xFF, 0xEB, 0xFF, 0xEB, 0xFF, 0xEB, 0xFF, 0xEB, 0xFF,
	0xEB, 0xFF, 0xEB, 0xFF, 0xEB, 0xFF, 0xEB, 0xFF, 0xEB, 0xFF, 0xEB, 0xFF, 0xEB, 0xFF, 0xEB, 0xFF,
	0xEB, 0xFF, 0xEB, 0xFF, 0xEB, 0xFF, 0xEB, 0xFF, 0xEB, 0xFF, 0xEB, 0xFF, 0xEB, 0xFF, 0xEC, 0xFF,
	0xEC, 0xFF, 0xEC, 0xFF, 0xEC, 0xFF, 0xEC, 0xFF, 0xEC, 0xFF, 0xEC, 0xFF, 0xEC, 0xFF, 0xEC, 0xFF,
	0xEC, 0xFF, 0xEC, 0xFF, 0xEC, 0xFF, 0xEC, 0xFF, 0xEC, 0xFF, 0xEC, 0xFF, 0xEC, 0xFF, 0xEC, 0xFF,
	0xEC, 0xFF, 0xEC, 0xFF, 0xEC, 0xFF, 0xEC, 0xFF, 0xEC, 0xFF, 0xEC, 0xFF, 0xEC, 0xFF, 0xEC, 0xFF,
	0xEC, 0xFF, 0xEC, 0xFF, 0xEC, 0xFF, 0xEC, 0xFF, 0xEC, 0xFF, 0xEC, 0xFF, 0xEC, 0xFF, 0xEC, 0xFF,
	0xEC, 0xFF, 0xEC, 0xFF, 0xEC, 0xFF, 0xEC, 0xFF, 0xEC, 0xFF, 0xEC, 0xFF, 0xEC, 0xFF, 0xEC, 0xFF,
	0xEC, 0xFF, 0xEC, 0xFF, 0xEC, 0xFF, 0xEC, 0xFF, 0xEC, 0xFF, 0xEC, 0xFF, 0xEC, 0xFF, 0xEC, 0xFF,
	0xEC, 0xFF, 0xEC, 0xFF, 0xEC, 0xFF, 0xEC, 0xFF, 0xEC, 0xFF, 0xEC, 0xFF, 0xEC, 0xFF, 0xEC, 0xFF,
	0xEC, 0xFF, 0xEC, 0xFF, 0xEC, 0xFF, 0xEC, 0xFF, 0xEC, 0xFF, 0xEC, 0xFF, 0xEC, 0xFF, 0xEC, 0xFF,
	0xEC, 0xFF, 0xEC, 0xFF, 0xEC, 0xFF, 0xEC, 0xFF, 0xEC, 0xFF, 0xEC, 0xFF, 0xEC, 0xFF, 0xEC, 0xFF,
	0xEC, 0xFF, 0xEC, 0xFF, 0xEC, 0xFF, 0xEC, 0xFF, 0xEC, 0xFF, 0xEC, 0xFF, 0xEC, 0xFF, 0xEC, 0xFF,
	0xEC, 0xFF, 0xEC, 0xFF, 0xEC, 0xFF, 0xEC, 0xFF, 0xEC, 0xFF, 0xEC, 0xFF, 0xEC, 0xFF, 0xEC, 0xFF,
	0xEC, 0xFF, 0xEC, 0xFF, 0xEC, 0xFF, 0xEC, 0xFF, 0xEC, 0xFF, 0xEC, 0xFF, 0xEC, 0xFF, 0xEC, 0xFF,
	0xEC, 0xFF, 0xEC, 0xFF, 0xEC, 0xFF, 0xEC, 0xFF, 0xEC, 0xFF, 0xEC, 0xFF, 0xEC, 0xFF, 0xEC, 0xFF,
	0xEC, 0xFF, 0xEC, 0xFF, 0xEC, 0xFF, 0xEC, 0xFF, 0xEC, 0xFF, 0xEC, 0xFF, 0xEC, 0xFF, 0xEC, 0xFF,
	0xEC, 0xFF, 0xEC, 0xFF, 0xEC, 0xFF, 0xEC, 0xFF, 0xEC, 0xFF, 0xEC, 0xFF, 0xEC, 0xFF, 0xEC, 0xFF,
	0xEC, 0xFF, 0xEC, 0xFF, 0xEC, 0xFF, 0xEC, 0xFF, 0xEC, 0xFF, 0xEC, 0xFF, 0xEC, 0xFF, 0xEC, 0xFF,
	0xEC, 0xFF, 0xEC, 0xFF, 0xEC, 0xFF, 0xEC, 0xFF, 0xEC, 0xFF, 0xEC, 0xFF, 0xEC, 0xFF, 0xEC, 0xFF,
	0xEC, 0xFF, 0xEC, 0xFF, 0xEC, 0xFF, 0x53, 0x06, 0x53, 0x06, 0x52, 0x06, 0x52, 0x06, 0x51, 0x06,
	0x51, 0x06, 0x50, 0x06, 0x50, 0x06, 0x4F, 0x06, 0x4F, 0x06, 0x4E, 0x06, 0x4E, 0x06, 0x4D, 0x06,
	0x4D, 0x06, 0x4C, 0x06, 0x4C, 0x06, 0x4B, 0x06, 0x4B, 0x06, 0x4A, 0x06, 0x4A, 0x06, 0x49, 0x06,
	0x49, 0x06, 0x48, 0x06, 0x48, 0x06, 0x47, 0x06, 0x47, 0x06, 0x46, 0x06, 0x46, 0x06, 0x45, 0x06,
	0x45, 0x06, 0x44, 0x06, 0x44, 0x06, 0x43, 0x06, 0x43, 0x06, 0x42, 0x06, 0x42, 0x06, 0x41, 0x06,
	0x41, 0x06, 0x40, 0x06, 0x40, 0x06, 0x3F, 0x06, 0x3F, 0x06, 0x3E, 0x06, 0x3E, 0x06, 0x3D, 0x06,
	0x3D, 0x06, 0x3C, 0x06, 0x3C, 0x06, 0x3B, 0x06, 0x3B, 0x06, 0x3A, 0x06, 0x3A, 0x06, 0x39, 0x06,
	0x39, 0x06, 0x38, 0x06, 0x38, 0x06, 0x37, 0x06, 0x37, 0x06, 0x36, 0x06, 0x36, 0x06, 0x35, 0x06,
	0x35, 0x06, 0x34, 0x06, 0x34, 0x06, 0x33, 0x06, 0x33, 0x06, 0x32, 0x06, 0x32, 0x06, 0x31, 0x06,
	0x31, 0x06, 0x30, 0x06, 0x30, 0x06, 0x2F, 0x06, 0x2F, 0x06, 0x2E, 0x06, 0x2E, 0x06, 0x2D, 0x06,
	0x2D, 0x06, 0x2C, 0x06, 0x2C, 0x06, 0x2B, 0x06, 0x2B, 0x06, 0x2A, 0x06, 0x2A, 0x06, 0x29, 0x06,
	0x29, 0x06, 0x28, 0x06, 0x28, 0x06, 0x27, 0x06, 0x27, 0x06, 0x26, 0x06, 0x26, 0x06, 0x25, 0x06,
	0x25, 0x06, 0x24, 0x06, 0x24, 0x06, 0x23, 0x06, 0x23, 0x06, 0x22, 0x06, 0x22, 0x06, 0x21, 0x06,
	0x21, 0x06, 0x20, 0x06, 0x20, 0x06, 0x1F, 0x06, 0x1F, 0x06, 0x1E, 0x06, 0x1E, 0x06, 0x1D, 0x06,
	0x1D, 0x06, 0x1C, 0x06, 0x1C, 0x06, 0x1B, 0x06, 0x1B, 0x06, 0x1A, 0x06, 0x1A, 0x06, 0x19, 0x06,
	0x19, 0x06, 0x18, 0x06, 0x18, 0x06, 0x17, 0x06, 0x17, 0x06, 0x16, 0x06, 0x16, 0x06, 0x15, 0x06,
	0x15, 0x06, 0x14, 0x06, 0x14, 0x06, 0x13, 0x06, 0x13, 0x06, 0x12, 0x06, 0x12, 0x06, 0x11, 0x06,
	0x11, 0x06, 0x10, 0x06, 0x10, 0x06, 0x0F, 0x06, 0x0F, 0x06, 0x0E, 0x06, 0x0E, 0x06, 0x0D, 0x06,
	0x0D, 0x06, 0x0C, 0x06, 0x0C, 0x06, 0x0B, 0x06, 0x0B, 0x06, 0x0A, 0x06, 0x0A, 0x06, 0x09, 0x06,
	0x09, 0x06, 0x08, 0x06, 0x08, 0x06, 0x07, 0x06, 0x07, 0x06, 0x06, 0x06, 0x06, 0x06, 0x05, 0x06,
	0x05, 0x06, 0x04, 0x06, 0x04, 0x06, 0x03, 0x06, 0x03, 0x06, 0x02, 0x06, 0x02, 0x06, 0x01, 0x06,
	0x01, 0x06, 0x00, 0x06, 0x00, 0x06, 0xFF, 0x05, 0xFF, 0x05, 0xFE, 0x05, 0xFE, 0x05, 0xFD, 0x05,
	0xFD, 0x05, 0xFC, 0x05, 0xFC, 0x05, 0xFB, 0x05, 0xFB, 0x05, 0xFA, 0x05, 0xFA, 0x05, 0xF9, 0x05,
	0xF9, 0x05, 0xF8, 0x05, 0xF8, 0x05, 0xF7, 0x05, 0xF7, 0x05, 0xF6, 0x05, 0xF6, 0x05, 0xF5, 0x05,
	0xF5, 0x05, 0xF4, 0x05, 0xF4, 0x05, 0xF4, 0x05, 0xF3, 0x05, 0xF3, 0x05, 0xF2, 0x05, 0xF2, 0x05,
	0xF1, 0x05, 0xF1, 0x05, 0xF0, 0x05, 0xF0, 0x05, 0xEF, 0x05, 0xEF, 0x05, 0xEE, 0x05, 0xEE, 0x05,
	0xED, 0x05, 0xED, 0x05, 0xEC, 0x05, 0xEC, 0x05, 0xEB, 0x05, 0xEB, 0x05, 0xEA, 0x05, 0xEA, 0x05,
	0xE9, 0x05, 0xE9, 0x05, 0xE8, 0x05, 0xE8, 0x05, 0xE7, 0x05, 0xE7, 0x05, 0xE6, 0x05, 0xE6, 0x05,
	0xE5, 0x05, 0xE5, 0x05, 0xE4, 0x05, 0xE4, 0x05, 0xE3, 0x05, 0xE3, 0x05, 0xE2, 0x05, 0x6A, 0x05,
	0x6A, 0x05, 0x03, 0x04, 0x03, 0x04, 0x03, 0x04, 0x02, 0x04, 0x02, 0x04, 0x01, 0x04, 0x01, 0x04,
	0x01, 0x04, 0x00, 0x04, 0x00, 0x04, 0x00, 0x04, 0xFF, 0x03, 0xFF, 0x03, 0xFF, 0x03, 0xFE, 0x03,
	0xFE, 0x03, 0xFE, 0x03, 0xFD, 0x03, 0xFD, 0x03, 0xFD, 0x03, 0xFC, 0x03, 0xFC, 0x03, 0xFC, 0x03,
	0xFB, 0x03, 0xFB, 0x03, 0xFB, 0x03, 0xFA, 0x03, 0xFA, 0x03, 0xFA, 0x03, 0xF9, 0x03, 0xF9, 0x03,
	0xF9, 0x03, 0xF8, 0x03, 0xF8, 0x03, 0xF8, 0x03, 0xF7, 0x03, 0xF7, 0x03, 0xF7, 0x03, 0xF6, 0x03,
	0xF6, 0x03, 0xF6, 0x03, 0xF5, 0x03, 0xF5, 0x03, 0xF5, 0x03, 0xF4, 0x03, 0xF4, 0x03, 0xF4, 0x03,
	0xF3, 0x03, 0xF3, 0x03, 0xF3, 0x03, 0xF2, 0x03, 0xF2, 0x03, 0xF1, 0x03, 0xF1, 0x03, 0xF1, 0x03,
	0xF0, 0x03, 0xF0, 0x03, 0xF0, 0x03, 0xEF, 0x03, 0xEF, 0x03, 0xEF, 0x03, 0xEE, 0x03, 0xEE, 0x03,
	0xEE, 0x03, 0xED, 0x03, 0xED, 0x03, 0xED, 0x03, 0xEC, 0x03, 0xEC, 0x03, 0xEC, 0x03, 0xEB, 0x03,
	0xEB, 0x03, 0xEB, 0x03, 0xEA, 0x03, 0xEA, 0x03, 0xEA, 0x03, 0xE9, 0x03, 0xE9, 0x03, 0xE9, 0x03,
	0xE8, 0x03, 0xE8, 0x03, 0xE8, 0x03, 0xE7, 0x03, 0xE7, 0x03, 0xE7, 0x03, 0xE6, 0x03, 0xE6, 0x03,
	0xE6, 0x03, 0xE5, 0x03, 0xE5, 0x03, 0xE5, 0x03, 0xE4, 0x03, 0xE4, 0x03, 0xE4, 0x03, 0xE3, 0x03,
	0xE3, 0x03, 0xE3, 0x03, 0xE2, 0x03, 0xE2, 0x03, 0xE1, 0x03, 0xE1, 0x03, 0xE1, 0x03, 0xE0, 0x03,
	0xE0, 0x03, 0xE0, 0x03, 0xDF, 0x03, 0xDF, 0x03, 0xDF, 0x03, 0xDE, 0x03, 0xDE, 0x03, 0xDE, 0x03,
	0xDD, 0x03, 0xDD, 0x03, 0xDD, 0x03, 0xDC, 0x03, 0xDC, 0x03, 0xDC, 0x03, 0xDB, 0x03, 0xDB, 0x03,
	0xDB, 0x03, 0xDA, 0x03, 0xDA, 0x03, 0xDA, 0x03, 0xD9, 0x03, 0xD9, 0x03, 0xD9, 0x03, 0xD8, 0x03,
	0xD8, 0x03, 0xD8, 0x03, 0xD7, 0x03, 0xD7, 0x03, 0xD7, 0x03, 0xD6, 0x03, 0xD6, 0x03, 0xD6, 0x03,
	0xD5, 0x03, 0xD5, 0x03, 0xD5, 0x03, 0xD4, 0x03, 0xD4, 0x03, 0xD4, 0x03, 0xD3, 0x03, 0xD3, 0x03,
	0xD3, 0x03, 0xD2, 0x03, 0xD2, 0x03, 0xD1, 0x03, 0xD1, 0x03, 0xD1, 0x03, 0xD0, 0x03, 0xD0, 0x03,
	0xD0, 0x03, 0xCF, 0x03, 0xCF, 0x03, 0xCF, 0x03, 0xCE, 0x03, 0xCE, 0x03, 0xCE, 0x03, 0xCD, 0x03,
	0xCD, 0x03, 0xCD, 0x03, 0xCC, 0x03, 0xCC, 0x03, 0xCC, 0x03, 0xCB, 0x03, 0xCB, 0x03, 0xCB, 0x03,
	0xCA, 0x03, 0xCA, 0x03, 0xCA, 0x03, 0xC9, 0x03, 0xC9, 0x03, 0xC9, 0x03, 0xC8, 0x03, 0xC8, 0x03,
	0xC8, 0x03, 0xC7, 0x03, 0xC7, 0x03, 0xC7, 0x03, 0xC6, 0x03, 0xC6, 0x03, 0xC6, 0x03, 0xC5, 0x03,
	0xC5, 0x03, 0xC5, 0x03, 0xC4, 0x03, 0xC4, 0x03, 0xC4, 0x03, 0xC3, 0x03, 0xC3, 0x03, 0xC3, 0x03,
	0xC2, 0x03, 0xC2, 0x03, 0xC1, 0x03, 0xC1, 0x03, 0xC1, 0x03, 0xC0, 0x03, 0xC0, 0x03, 0xC0, 0x03,
	0xBF, 0x03, 0xBF, 0x03, 0xBF, 0x03, 0xBE, 0x03, 0xBE, 0x03, 0xBE, 0x03, 0xBD, 0x03, 0xBD, 0x03,
	0xBD, 0x03, 0xBC, 0x03, 0xBC, 0x03, 0xBC, 0x03, 0xBB, 0x03, 0xBB, 0x03, 0xBB, 0x03, 0xBA, 0x03,
	0xBA, 0x03, 0xBA, 0x03, 0xB9, 0x03, 0xB9, 0x03, 0xB9, 0x03, 0xB8, 0x03, 0xB8, 0x03, 0xB8, 0x03,
	0xB7, 0x03, 0xB7, 0x03, 0xB7, 0x03, 0xB6, 0x03, 0xB6, 0x03, 0xB6, 0x03, 0xB5, 0x03, 0xB5, 0x03,
	0xB5, 0x03, 0xB4, 0x03, 0xB4, 0x03, 0xAF, 0xFD, 0xAF, 0xFD, 0xAF, 0xFD, 0xB0, 0xFD, 0xB0, 0xFD,
	0xB0, 0xFD, 0xB0, 0xFD, 0xB0, 0xFD, 0xB1, 0xFD, 0xB1, 0xFD, 0xB1, 0xFD, 0xB1, 0xFD, 0xB1, 0xFD,
	0xB2, 0xFD, 0xB2, 0xFD, 0xB2, 0xFD, 0xB2, 0xFD, 0xB3, 0xFD, 0xB3, 0xFD, 0xB3, 0xFD, 0xB3, 0xFD,
	0xB3, 0xFD, 0xB4, 0xFD, 0xB4, 0xFD, 0xB4, 0xFD, 0xB4, 0xFD, 0xB4, 0xFD, 0xB5, 0xFD, 0xB5, 0xFD,
	0xB5, 0xFD, 0xB5, 0xFD, 0xB5, 0xFD, 0xB6, 0xFD, 0xB6, 0xFD, 0xB6, 0xFD, 0xB6, 0xFD, 0xB7, 0xFD,
	0xB7, 0xFD, 0xB7, 0xFD, 0xB7, 0xFD, 0xB7, 0xFD, 0xB8, 0xFD, 0xB8, 0xFD, 0xB8, 0xFD, 0xB8, 0xFD,
	0xB8, 0xFD, 0xB9, 0xFD, 0xB9, 0xFD, 0xB9, 0xFD, 0xB9, 0xFD, 0xBA, 0xFD, 0xBA, 0xFD, 0xBA, 0xFD,
	0xBA, 0xFD, 0xBA, 0xFD, 0xBB, 0xFD, 0xBB, 0xFD, 0xBB, 0xFD, 0xBB, 0xFD, 0xBB, 0xFD, 0xBC, 0xFD,
	0xBC, 0xFD, 0xBC, 0xFD, 0xBC, 0xFD, 0xBD, 0xFD, 0xBD, 0xFD, 0xBD, 0xFD, 0xBD, 0xFD, 0xBD, 0xFD,
	0xBE, 0xFD, 0xBE, 0xFD, 0xBE, 0xFD, 0xBE, 0xFD, 0xBE, 0xFD, 0xBF, 0xFD, 0xBF, 0xFD, 0xBF, 0xFD,
	0xBF, 0xFD, 0xBF, 0xFD, 0xC0, 0xFD, 0xC0, 0xFD, 0xC0, 0xFD, 0xC0, 0xFD, 0xC1, 0xFD, 0xC1, 0xFD,
	0xC1, 0xFD, 0xC1, 0xFD, 0xC1, 0xFD, 0xC2, 0xFD, 0xC2, 0xFD, 0xC2, 0xFD, 0xC2, 0xFD, 0xC2, 0xFD,
	0xC3, 0xFD, 0xC3, 0xFD, 0xC3, 0xFD, 0xC3, 0xFD, 0xC4, 0xFD, 0xC4, 0xFD, 0xC4, 0xFD, 0xC4, 0xFD,
	0xC4, 0xFD, 0xC5, 0xFD, 0xC5, 0xFD, 0xC5, 0xFD, 0xC5, 0xFD, 0xC5, 0xFD, 0xC6, 0xFD, 0xC6, 0xFD,
	0xC6, 0xFD, 0xC6, 0xFD, 0xC7, 0xFD, 0xC7, 0xFD, 0xC7, 0xFD, 0xC7, 0xFD, 0xC7, 0xFD, 0xC8, 0xFD,
	0xC8, 0xFD, 0xC8, 0xFD, 0xC8, 0xFD, 0xC8, 0xFD, 0xC9, 0xFD, 0xC9, 0xFD, 0xC9, 0xFD, 0xC9, 0xFD,
	0xC9, 0xFD, 0xCA, 0xFD, 0xCA, 0xFD, 0xCA, 0xFD, 0xCA, 0xFD, 0xCB, 0xFD, 0xCB, 0xFD, 0xCB, 0xFD,
	0xCB, 0xFD, 0xCB, 0xFD, 0xCC, 0xFD, 0xCC, 0xFD, 0xCC, 0xFD, 0xCC, 0xFD, 0xCC, 0xFD, 0xCD, 0xFD,
	0xCD, 0xFD, 0xCD, 0xFD, 0xCD, 0xFD, 0xCE, 0xFD, 0xCE, 0xFD, 0xCE, 0xFD, 0xCE, 0xFD, 0xCE, 0xFD,
	0xCF, 0xFD, 0xCF, 0xFD, 0xCF, 0xFD, 0xCF, 0xFD, 0xCF, 0xFD, 0xD0, 0xFD, 0xD0, 0xFD, 0xD0, 0xFD,
	0xD0, 0xFD, 0xD1, 0xFD, 0xD1, 0xFD, 0xD1, 0xFD, 0xD1, 0xFD, 0xD1, 0xFD, 0xD2, 0xFD, 0xD2, 0xFD,
	0xD2, 0xFD, 0xD2, 0xFD, 0xD2, 0xFD, 0xD3, 0xFD, 0xD3, 0xFD, 0xD3, 0xFD, 0xD3, 0xFD, 0xD3, 0xFD,
	0xD4, 0xFD, 0xD4, 0xFD, 0xD4, 0xFD, 0xD4, 0xFD, 0xD5, 0xFD, 0xD5, 0xFD, 0xD5, 0xFD, 0xD5, 0xFD,
	0xD5, 0xFD, 0xD6, 0xFD, 0xD6, 0xFD, 0xD6, 0xFD, 0xD6, 0xFD, 0xD6, 0xFD, 0xD7, 0xFD, 0xD7, 0xFD,
	0xD7, 0xFD, 0xD7, 0xFD, 0xD8, 0xFD, 0xD8, 0xFD, 0xD8, 0xFD, 0xD8, 0xFD, 0xD8, 0xFD, 0xD9, 0xFD,
	0xD9, 0xFD, 0xD9, 0xFD, 0xD9, 0xFD, 0xD9, 0xFD, 0xDA, 0xFD, 0xDA, 0xFD, 0xDA, 0xFD, 0xDA, 0xFD,
	0xDB, 0xFD, 0xDB, 0xFD, 0xDB, 0xFD, 0xDB, 0xFD, 0xDB, 0xFD, 0xDC, 0xFD, 0xDC, 0xFD, 0xDC, 0xFD,
	0xDC, 0xFD, 0xDC, 0xFD, 0xDD, 0xFD, 0xDD, 0xFD, 0xDD, 0xFD, 0xDD, 0xFD, 0xDD, 0xFD, 0xDE, 0xFD,
	0xDE, 0xFD, 0xDE, 0xFD, 0xDE, 0xFD, 0xDF, 0xFD, 0xDF, 0xFD, 0xDF, 0xFD, 0xDF, 0xFD, 0xDF, 0xFD,
	0xE0, 0xFD, 0xE0, 0xFD, 0xE0, 0xFD, 0xE0, 0xFD, 0xE0, 0xFD, 0xE1, 0xFD, 0xE1, 0xFD, 0xE1, 0xFD,
	0xE1, 0xFD, 0xE2, 0xFD, 0xE2, 0xFD, 0xE2, 0xFD, 0xE2, 0xFD, 0xE2, 0xFD, 0xE3, 0xFD, 0xE3, 0xFD,
	0xE3, 0xFD, 0xE3, 0xFD, 0xE3, 0xFD, 0xE4, 0xFD, 0xE4, 0xFD, 0xE4, 0xFD, 0xE4, 0xFD, 0xE5, 0xFD,
	0xE5, 0xFD, 0xE5, 0xFD, 0xE5, 0xFD, 0xE5, 0xFD, 0xE6, 0xFD, 0xE6, 0xFD, 0xE6, 0xFD, 0xE6, 0xFD,
	0xE6, 0xFD, 0xE7, 0xFD, 0xE7, 0xFD, 0xE7, 0xFD, 0xE7, 0xFD, 0xE7, 0xFD, 0xE8, 0xFD, 0xE8, 0xFD,
	0xE8, 0xFD, 0xE8, 0xFD, 0xE9, 0xFD, 0xE9, 0xFD, 0xE9, 0xFD, 0xE9, 0xFD, 0xE9, 0xFD, 0xEA, 0xFD,
	0xEA, 0xFD, 0xEA, 0xFD, 0xEA, 0xFD, 0xEA, 0xFD, 0xEB, 0xFD, 0xEB, 0xFD, 0xEB, 0xFD, 0xEB, 0xFD,
	0xEC, 0xFD, 0xEC, 0xFD, 0xEC, 0xFD, 0xEC, 0xFD, 0xEC, 0xFD, 0xED, 0xFD, 0xED, 0xFD, 0xED, 0xFD,
	0xED, 0xFD, 0xED, 0xFD, 0xEE, 0xFD, 0xEE, 0xFD, 0xEE, 0xFD, 0xEE, 0xFD, 0xEF, 0xFD, 0xEF, 0xFD,
	0xEF, 0xFD, 0xEF, 0xFD, 0xEF, 0xFD, 0xF0, 0xFD, 0xF0, 0xFD, 0xF0, 0xFD, 0xF0, 0xFD, 0xF0, 0xFD,
	0xF1, 0xFD, 0xF1, 0xFD, 0xF1, 0xFD, 0xF1, 0xFD, 0xF1, 0xFD, 0xF2, 0xFD, 0xF2, 0xFD, 0xF2, 0xFD,
	0xF2, 0xFD, 0xF3, 0xFD, 0xF3, 0xFD, 0xF3, 0xFD, 0xF3, 0xFD, 0xF3, 0xFD, 0xF4, 0xFD, 0xF4, 0xFD,
	0xF4, 0xFD, 0xF4, 0xFD, 0xF4, 0xFD, 0xF5, 0xFD, 0xF5, 0xFD, 0xF5, 0xFD, 0xF5, 0xFD, 0xF6, 0xFD,
	0xF6, 0xFD, 0xF6, 0xFD, 0xF6, 0xFD, 0xF6, 0xFD, 0xF7, 0xFD, 0xF7, 0xFD, 0xF7, 0xFD, 0xF7, 0xFD,
	0xF7, 0xFD, 0xF8, 0xFD, 0xF8, 0xFD, 0xF8, 0xFD, 0xF8, 0xFD, 0xF9, 0xFD, 0xF9, 0xFD, 0xF9, 0xFD,
	0xF9, 0xFD, 0xF9, 0xFD, 0xFA, 0xFD, 0xFA, 0xFD, 0xFA, 0xFD, 0xFA, 0xFD, 0xFA, 0xFD, 0xFB, 0xFD,
	0xFB, 0xFD, 0xFB, 0xFD, 0xFB, 0xFD, 0xFB, 0xFD, 0xFC, 0xFD, 0xFC, 0xFD, 0xFC, 0xFD, 0xFC, 0xFD,
	0xFD, 0xFD, 0xFD, 0xFD, 0xFD, 0xFD, 0xFD, 0xFD, 0xFD, 0xFD, 0xFE, 0xFD, 0xFE, 0xFD, 0xFE, 0xFD,
	0xFE, 0xFD, 0xFE, 0xFD, 0xFF, 0xFD, 0xFF, 0xFD, 0xFF, 0xFD, 0xFF, 0xFD, 0x00, 0xFE, 0x00, 0xFE,
	0x00, 0xFE, 0x00, 0xFE, 0x00, 0xFE, 0x01, 0xFE, 0x01, 0xFE, 0x01, 0xFE, 0x01, 0xFE, 0x01, 0xFE,
	0x02, 0xFE, 0x02, 0xFE, 0x02, 0xFE, 0x02, 0xFE, 0x03, 0xFE, 0x03, 0xFE, 0x03, 0xFE, 0x03, 0xFE,
	0x03, 0xFE, 0x04, 0xFE, 0x04, 0xFE, 0x04, 0xFE, 0x04, 0xFE, 0x04, 0xFE, 0x05, 0xFE, 0x05, 0xFE,
	0x05, 0xFE, 0x05, 0xFE, 0x05, 0xFE, 0x06, 0xFE, 0x06, 0xFE, 0x06, 0xFE, 0x06, 0xFE, 0x07, 0xFE,
	0x07, 0xFE, 0x07, 0xFE, 0x07, 0xFE, 0x07, 0xFE, 0x08, 0xFE, 0x08, 0xFE, 0x08, 0xFE, 0x08, 0xFE,
	0x08, 0xFE, 0x09, 0xFE, 0x09, 0xFE, 0x09, 0xFE, 0x09, 0xFE, 0x0A, 0xFE, 0x0A, 0xFE, 0x0A, 0xFE,
	0x0A, 0xFE, 0x0A, 0xFE, 0x0B, 0xFE, 0x0B, 0xFE, 0x0B, 0xFE, 0x0B, 0xFE, 0x0B, 0xFE, 0x0C, 0xFE,
	0x0C, 0xFE, 0x0C, 0xFE, 0x0C, 0xFE, 0x0D, 0xFE, 0x0D, 0xFE, 0x0D, 0xFE, 0x0D, 0xFE, 0x0D, 0xFE,
	0x0E, 0xFE, 0x0E, 0xFE, 0x0E, 0xFE, 0x0E, 0xFE, 0x0E, 0xFE, 0x0F, 0xFE, 0x0F, 0xFE, 0x0F, 0xFE,
	0x0F, 0xFE, 0x0F, 0xFE, 0x10, 0xFE, 0x10, 0xFE, 0x10, 0xFE, 0x10, 0xFE, 0x11, 0xFE, 0x11, 0xFE,
	0x11, 0xFE, 0x11, 0xFE, 0x11, 0xFE, 0x12, 0xFE, 0x12, 0xFE, 0x12, 0xFE, 0x12, 0xFE, 0x12, 0xFE,
	0x13, 0xFE, 0x13, 0xFE, 0x13, 0xFE, 0x13, 0xFE, 0x14, 0xFE, 0x14, 0xFE, 0x14, 0xFE, 0x14, 0xFE,
	0x14, 0xFE, 0x15, 0xFE, 0x15, 0xFE, 0x15, 0xFE, 0x15, 0xFE, 0x15, 0xFE, 0x16, 0xFE, 0x16, 0xFE,
	0x16, 0xFE, 0x16, 0xFE, 0x17, 0xFE, 0x17, 0xFE, 0x17, 0xFE, 0x17, 0xFE, 0x17, 0xFE, 0x18, 0xFE,
	0x18, 0xFE, 0x18, 0xFE, 0x18, 0xFE, 0x18, 0xFE, 0x19, 0xFE, 0x19, 0xFE, 0x19, 0xFE, 0x19, 0xFE,
	0x1A, 0xFE, 0x1A, 0xFE, 0x1A, 0xFE, 0x1A, 0xFE, 0x1A, 0xFE, 0x1B, 0xFE, 0x1B, 0xFE, 0x1B, 0xFE,
	0x1B, 0xFE, 0x1B, 0xFE, 0x1C, 0xFE, 0x1C, 0xFE, 0x1C, 0xFE, 0x1C, 0xFE, 0x1C, 0xFE, 0x1D, 0xFE,
	0x1D, 0xFE, 0x1D, 0xFE, 0x1D, 0xFE, 0x1E, 0xFE, 0x1E, 0xFE, 0x1E, 0xFE, 0x1E, 0xFE, 0x1E, 0xFE,
	0x1F, 0xFE, 0x1F, 0xFE, 0x1F, 0xFE, 0x1F, 0xFE, 0x1F, 0xFE, 0x20, 0xFE, 0x20, 0xFE, 0x20, 0xFE,
	0x20, 0xFE, 0x21, 0xFE, 0x21, 0xFE, 0x21, 0xFE, 0x21, 0xFE, 0x21, 0xFE, 0x22, 0xFE, 0x22, 0xFE,
	0x22, 0xFE, 0x22, 0xFE, 0x22, 0xFE, 0x23, 0xFE, 0x23, 0xFE, 0x23, 0xFE, 0x23, 0xFE, 0x24, 0xFE,
	0x24, 0xFE, 0x24, 0xFE, 0x24, 0xFE, 0x24, 0xFE, 0x25, 0xFE, 0x25, 0xFE, 0x25, 0xFE, 0x25, 0xFE,
	0x25, 0xFE, 0x26, 0xFE, 0x26, 0xFE, 0x26, 0xFE, 0x26, 0xFE, 0x26, 0xFE, 0x27, 0xFE, 0x27, 0xFE,
	0x27, 0xFE, 0x27, 0xFE, 0x28, 0xFE, 0x28, 0xFE, 0x28, 0xFE, 0x28, 0xFE, 0x28, 0xFE, 0x29, 0xFE,
	0x29, 0xFE, 0x29, 0xFE, 0x29, 0xFE, 0x29, 0xFE, 0x2A, 0xFE, 0x2A, 0xFE, 0x2A, 0xFE, 0x2A, 0xFE,
	0x2B, 0xFE, 0x2B, 0xFE, 0x2B, 0xFE, 0x2B, 0xFE, 0x2B, 0xFE, 0x2C, 0xFE, 0x2C, 0xFE, 0x2C, 0xFE,
	0x2C, 0xFE, 0x2C, 0xFE, 0x2D, 0xFE, 0x2D, 0xFE, 0x2D, 0xFE, 0x2D, 0xFE, 0x2E, 0xFE, 0x2E, 0xFE,
	0x2E, 0xFE, 0x2E, 0xFE, 0x2E, 0xFE, 0x2F, 0xFE, 0x2F, 0xFE, 0x2F, 0xFE, 0x2F, 0xFE, 0x2F, 0xFE,
	0x30, 0xFE, 0x30, 0xFE, 0x30, 0xFE, 0x30, 0xFE, 0x30, 0xFE, 0x31, 0xFE, 0x31, 0xFE, 0x31, 0xFE,
	0x31, 0xFE, 0x32, 0xFE, 0x32, 0xFE, 0xC8, 0xFE, 0xC8, 0xFE, 0xE1, 0x02, 0xE1, 0x02, 0xE0, 0x02,
	0xE0, 0x02, 0xE0, 0x02, 0xDF, 0x02, 0xDF, 0x02, 0xDF, 0x02, 0xDE, 0x02, 0xDE, 0x02, 0xDE, 0x02,
	0xDD, 0x02, 0xDD, 0x02, 0xDD, 0x02, 0xDC, 0x02, 0xDC, 0x02, 0xDC, 0x02, 0xDB, 0x02, 0xDB, 0x02,
	0xDB, 0x02, 0xDA, 0x02, 0xDA, 0x02, 0xDA, 0x02, 0xD9, 0x02, 0xD9, 0x02, 0xD9, 0x02, 0xD8, 0x02,
	0xD8, 0x02, 0xD8, 0x02, 0xD7, 0x02, 0xD7, 0x02, 0xD7, 0x02, 0xD6, 0x02, 0xD6, 0x02, 0xD6, 0x02,
	0xD5, 0x02, 0xD5, 0x02, 0xD5, 0x02, 0xD4, 0x02, 0xD4, 0x02, 0xD4, 0x02, 0xD3, 0x02, 0xD3, 0x02,
	0xD3, 0x02, 0xD2, 0x02, 0xD2, 0x02, 0xD1, 0x02, 0xD1, 0x02, 0xD1, 0x02, 0xD0, 0x02, 0xD0, 0x02,
	0xD0, 0x02, 0xCF, 0x02, 0xCF, 0x02, 0xCF, 0x02, 0xCE, 0x02, 0xCE, 0x02, 0xCE, 0x02, 0xCD, 0x02,
	0xCD, 0x02, 0xCD, 0x02, 0xCC, 0x02, 0xCC, 0x02, 0xCC, 0x02, 0xCB, 0x02, 0xCB, 0x02, 0xCB, 0x02,
	0xCA, 0x02, 0xCA, 0x02, 0xCA, 0x02, 0xC9, 0x02, 0xC9, 0x02, 0xC9, 0x02, 0xC8, 0x02, 0xC8, 0x02,
	0xC8, 0x02, 0xC7, 0x02, 0xC7, 0x02, 0xC7, 0x02, 0xC6, 0x02, 0xC6, 0x02, 0xC6, 0x02, 0xC5, 0x02,
	0xC5, 0x02, 0xC5, 0x02, 0xC4, 0x02, 0xC4, 0x02, 0xC4, 0x02, 0xC3, 0x02, 0xC3, 0x02, 0xC3, 0x02,
	0xC2, 0x02, 0xC2, 0x02, 0xC1, 0x02, 0xC1, 0x02, 0xC1, 0x02, 0xC0, 0x02, 0xC0, 0x02, 0xC0, 0x02,
	0xBF, 0x02, 0xBF, 0x02, 0xBF, 0x02, 0xBE, 0x02, 0xBE, 0x02, 0xBE, 0x02, 0xBD, 0x02, 0xBD, 0x02,
	0xBD, 0x02, 0xBC, 0x02, 0xBC, 0x02, 0xBC, 0x02, 0xBB, 0x02, 0xBB, 0x02, 0xBB, 0x02, 0xBA, 0x02,
	0xBA, 0x02, 0xBA, 0x02, 0xB9, 0x02, 0xB9, 0x02, 0xB9, 0x02, 0xB8, 0x02, 0xB8, 0x02, 0xB8, 0x02,
	0xB7, 0x02, 0xB7, 0x02, 0xB7, 0x02, 0xB6, 0x02, 0xB6, 0x02, 0xB6, 0x02, 0xB5, 0x02, 0xB5, 0x02,
	0xB5, 0x02, 0xB4, 0x02, 0xB4, 0x02, 0xB4, 0x02, 0xB3, 0x02, 0xB3, 0x02, 0xB3, 0x02, 0xB2, 0x02,
	0xB2, 0x02, 0xB1, 0x02, 0xB1, 0x02, 0xB1, 0x02, 0xB0, 0x02, 0xB0, 0x02, 0xB0, 0x02, 0xAF, 0x02,
	0xAF, 0x02, 0xAF, 0x02, 0xAE, 0x02, 0xAE, 0x02, 0xAE, 0x02, 0xAD, 0x02, 0xAD, 0x02, 0xAD, 0x02,
	0xAC, 0x02, 0xAC, 0x02, 0xAC, 0x02, 0xAB, 0x02, 0xAB, 0x02, 0xAB, 0x02, 0xAA, 0x02, 0xAA, 0x02,
	0xAA, 0x02, 0xA9, 0x02, 0xA9, 0x02, 0xA9, 0x02, 0xA8, 0x02, 0xA8, 0x02, 0xA8, 0x02, 0xA7, 0x02,
	0xA7, 0x02, 0xA7, 0x02, 0xA6, 0x02, 0xA6, 0x02, 0xA6, 0x02, 0xA5, 0x02, 0xA5, 0x02, 0xA5, 0x02,
	0xA4, 0x02, 0xA4, 0x02, 0xA4, 0x02, 0xA3, 0x02, 0xA3, 0x02, 0xA3, 0x02, 0xA2, 0x02, 0xA2, 0x02,
	0xA1, 0x02, 0xA1, 0x02, 0xA1, 0x02, 0xA0, 0x02, 0xA0, 0x02, 0xA0, 0x02, 0x9F, 0x02, 0x9F, 0x02,
	0x9F, 0x02, 0x9E, 0x02, 0x9E, 0x02, 0x9E, 0x02, 0x9D, 0x02, 0x9D, 0x02, 0x9D, 0x02, 0x9C, 0x02,
	0x9C, 0x02, 0x9C, 0x02, 0x9B, 0x02, 0x9B, 0x02, 0x9B, 0x02, 0x9A, 0x02, 0x9A, 0x02, 0x9A, 0x02,
	0x99, 0x02, 0x99, 0x02, 0x99, 0x02, 0x98, 0x02, 0x98, 0x02, 0x98, 0x02, 0x97, 0x02, 0x97, 0x02,
	0x97, 0x02, 0x96, 0x02, 0x96, 0x02, 0x96, 0x02, 0x95, 0x02, 0x95, 0x02, 0x95, 0x02, 0x94, 0x02,
	0x94, 0x02, 0x94, 0x02, 0x93, 0x02, 0x93, 0x02, 0x93, 0x02, 0x92, 0x02, 0x92, 0x02, 0x91, 0x02,
	0x91, 0x02, 0x91, 0x02, 0x90, 0x02, 0x90, 0x02, 0x90, 0x02, 0x8F, 0x02, 0x8F, 0x02, 0x8F, 0x02,
	0x8E, 0x02, 0x8E, 0x02, 0x8E, 0x02, 0x8D, 0x02, 0x8D, 0x02, 0x8D, 0x02, 0x8C, 0x02, 0x8C, 0x02,
	0x8C, 0x02, 0x8B, 0x02, 0x8B, 0x02, 0x8B, 0x02, 0x8A, 0x02, 0x8A, 0x02, 0x8A, 0x02, 0x89, 0x02,
	0x89, 0x02, 0x89, 0x02, 0x88, 0x02, 0x88, 0x02, 0x88, 0x02, 0x87, 0x02, 0x87, 0x02, 0x87, 0x02,
	0x86, 0x02, 0x86, 0x02, 0x86, 0x02, 0x85, 0x02, 0x85, 0x02, 0x85, 0x02, 0x84, 0x02, 0x84, 0x02,
	0x84, 0x02, 0x83, 0x02, 0x83, 0x02, 0x83, 0x02, 0x82, 0x02, 0x82, 0x02, 0x81, 0x02, 0x81, 0x02,
	0x81, 0x02, 0x80, 0x02, 0x80, 0x02, 0x80, 0x02, 0x7F, 0x02, 0x7F, 0x02, 0x7F, 0x02, 0x7E, 0x02,
	0x7E, 0x02, 0x7E, 0x02, 0x7D, 0x02, 0x7D, 0x02, 0x7D, 0x02, 0x7C, 0x02, 0x7C, 0x02, 0x7C, 0x02,
	0x7B, 0x02, 0x7B, 0x02, 0x7B, 0x02, 0x7A, 0x02, 0x7A, 0x02, 0x7A, 0x02, 0x79, 0x02, 0x79, 0x02,
	0x79, 0x02, 0x78, 0x02, 0x78, 0x02, 0x78, 0x02, 0x77, 0x02, 0x77, 0x02, 0x77, 0x02, 0x76, 0x02,
	0x76, 0x02, 0x76, 0x02, 0x75, 0x02, 0x75, 0x02, 0x75, 0x02, 0x74, 0x02, 0x74, 0x02, 0x74, 0x02,
	0x73, 0x02, 0x73, 0x02, 0x73, 0x02, 0x72, 0x02, 0x72, 0x02, 0x71, 0x02, 0x71, 0x02, 0x71, 0x02,
	0x70, 0x02, 0x70, 0x02, 0x70, 0x02, 0x6F, 0x02, 0x6F, 0x02, 0x6F, 0x02, 0x6E, 0x02, 0x6E, 0x02,
	0x6E, 0x02, 0x6D, 0x02, 0x6D, 0x02, 0x6D, 0x02, 0x6C, 0x02, 0x6C, 0x02, 0x6C, 0x02, 0x6B, 0x02,
	0x6B, 0x02, 0x6B, 0x02, 0x6A, 0x02, 0x6A, 0x02, 0x6A, 0x02, 0x69, 0x02, 0x69, 0x02, 0x69, 0x02,
	0x68, 0x02, 0x68, 0x02, 0x68, 0x02, 0x67, 0x02, 0x67, 0x02, 0x67, 0x02, 0x66, 0x02, 0x66, 0x02,
	0x66, 0x02, 0x65, 0x02, 0x65, 0x02, 0x65, 0x02, 0x64, 0x02, 0x64, 0x02, 0x64, 0x02, 0x63, 0x02,
	0x63, 0x02, 0x63, 0x02, 0x62, 0x02, 0x62, 0x02, 0x61, 0x02, 0x61, 0x02, 0x61, 0x02, 0x60, 0x02,
	0x60, 0x02, 0x60, 0x02, 0x5F, 0x02, 0x5F, 0x02, 0x5F, 0x02, 0x5E, 0x02, 0x5E, 0x02, 0x5E, 0x02,
	0x5D, 0x02, 0x5D, 0x02, 0x5D, 0x02, 0x75, 0x03, 0x75, 0x03, 0x74, 0x03, 0x74, 0x03, 0x73, 0x03,
	0x73, 0x03, 0x72, 0x03, 0x72, 0x03, 0x71, 0x03, 0x71, 0x03, 0x70, 0x03, 0x70, 0x03, 0x6F, 0x03,
	0x6F, 0x03, 0x6E, 0x03, 0x6E, 0x03, 0x6D, 0x03, 0x6D, 0x03, 0x6C, 0x03, 0x6C, 0x03, 0x6B, 0x03,
	0x6B, 0x03, 0x6A, 0x03, 0x6A, 0x03, 0x69, 0x03, 0x69, 0x03, 0x68, 0x03, 0x68, 0x03, 0x67, 0x03,
	0x67, 0x03, 0x66, 0x03, 0x66, 0x03, 0x65, 0x03, 0x65, 0x03, 0x64, 0x03, 0x64, 0x03, 0x63, 0x03,
	0x63, 0x03, 0x62, 0x03, 0x62, 0x03, 0x61, 0x03, 0x61, 0x03, 0x60, 0x03, 0x60, 0x03, 0x5F, 0x03,
	0x5F, 0x03, 0x5E, 0x03, 0x5E, 0x03, 0x5D, 0x03, 0x5D, 0x03, 0x5C, 0x03, 0x5C, 0x03, 0x5B, 0x03,
	0x5B, 0x03, 0x5A, 0x03, 0x5A, 0x03, 0x59, 0x03, 0x59, 0x03, 0x58, 0x03, 0x58, 0x03, 0x57, 0x03,
	0x57, 0x03, 0x56, 0x03, 0x56, 0x03, 0x55, 0x03, 0x55, 0x03, 0x54, 0x03, 0x54, 0x03, 0x53, 0x03,
	0x53, 0x03, 0x52, 0x03, 0x52, 0x03, 0x51, 0x03, 0x51, 0x03, 0x50, 0x03, 0x50, 0x03, 0x4F, 0x03,
	0x4F, 0x03, 0x4E, 0x03, 0x4E, 0x03, 0x4D, 0x03, 0x4D, 0x03, 0x4C, 0x03, 0x4C, 0x03, 0x4B, 0x03,
	0x4B, 0x03, 0x4A, 0x03, 0x4A, 0x03, 0x49, 0x03, 0x49, 0x03, 0x48, 0x03, 0x48, 0x03, 0x47, 0x03,
	0x47, 0x03, 0x46, 0x03, 0x46, 0x03, 0x46, 0x03, 0x45, 0x03, 0x45, 0x03, 0x44, 0x03, 0x44, 0x03,
	0x43, 0x03, 0x43, 0x03, 0x42, 0x03, 0x42, 0x03, 0x41, 0x03, 0x41, 0x03, 0x40, 0x03, 0x40, 0x03,
	0x3F, 0x03, 0x3F, 0x03, 0x3E, 0x03, 0x3E, 0x03, 0x3D, 0x03, 0x3D, 0x03, 0x3C, 0x03, 0x3C, 0x03,
	0x3B, 0x03, 0x3B, 0x03, 0x3A, 0x03, 0x3A, 0x03, 0x39, 0x03, 0x39, 0x03, 0x38, 0x03, 0x38, 0x03,
	0x37, 0x03, 0x37, 0x03, 0x36, 0x03, 0x36, 0x03, 0x35, 0x03, 0x35, 0x03, 0x34, 0x03, 0x34, 0x03,
	0x33, 0x03, 0x33, 0x03, 0x32, 0x03, 0x32, 0x03, 0x31, 0x03, 0x31, 0x03, 0x30, 0x03, 0x30, 0x03,
	0x2F, 0x03, 0x2F, 0x03, 0x2E, 0x03, 0x2E, 0x03, 0x2D, 0x03, 0x2D, 0x03, 0x2C, 0x03, 0x2C, 0x03,
	0x2B, 0x03, 0x2B, 0x03, 0x2A, 0x03, 0x2A, 0x03, 0x29, 0x03, 0x29, 0x03, 0x28, 0x03, 0x28, 0x03,
	0x27, 0x03, 0x27, 0x03, 0x26, 0x03, 0x26, 0x03, 0x25, 0x03, 0x25, 0x03, 0x24, 0x03, 0x24, 0x03,
	0x23, 0x03, 0x23, 0x03, 0x22, 0x03, 0x22, 0x03, 0x21, 0x03, 0x21, 0x03, 0x20, 0x03, 0x20, 0x03,
	0x1F, 0x03, 0x1F, 0x03, 0x1E, 0x03, 0x1E, 0x03, 0x1D, 0x03, 0x1D, 0x03, 0x1C, 0x03, 0x1C, 0x03,
	0x1B, 0x03, 0x1B, 0x03, 0x1A, 0x03, 0x1A, 0x03, 0x19, 0x03, 0x19, 0x03, 0x18, 0x03, 0x18, 0x03,
	0x17, 0x03, 0x17, 0x03, 0x16, 0x03, 0x16, 0x03, 0x15, 0x03, 0x15, 0x03, 0x14, 0x03, 0x14, 0x03,
	0x13, 0x03, 0x13, 0x03, 0x12, 0x03, 0x12, 0x03, 0x11, 0x03, 0x11, 0x03, 0x10, 0x03, 0x10, 0x03,
	0x0F, 0x03, 0x0F, 0x03, 0x0E, 0x03, 0x0E, 0x03, 0x0D, 0x03, 0x0D, 0x03, 0x0C, 0x03, 0x0C, 0x03,
	0x0B, 0x03, 0x0B, 0x03, 0x0A, 0x03, 0x0A, 0x03, 0x09, 0x03, 0x09, 0x03, 0x08, 0x03, 0x08, 0x03,
	0x07, 0x03, 0x07, 0x03, 0x06, 0x03, 0x06, 0x03, 0x05, 0x03, 0x05, 0x03, 0x04, 0x03, 0x04, 0x03,
	0x03, 0x03, 0x03, 0x03, 0x02, 0x03, 0x02, 0x03, 0x01, 0x03, 0x01, 0x03, 0x00, 0x03, 0x00, 0x03,
	0xFF, 0x02, 0xFF, 0x02, 0xFE, 0x02, 0xFE, 0x02, 0xFD, 0x02, 0xFD, 0x02, 0xFC, 0x02, 0xFC, 0x02,
	0xFB, 0x02, 0xFB, 0x02, 0xFA, 0x02, 0xFA, 0x02, 0xF9, 0x02, 0xF9, 0x02, 0xF8, 0x02, 0xF8, 0x02,
	0xF7, 0x02, 0xF7, 0x02, 0xF6, 0x02, 0xF6, 0x02, 0xF5, 0x02, 0xF5, 0x02, 0xF4, 0x02, 0xF4, 0x02,
	0xF3, 0x02, 0xF3, 0x02, 0xF2, 0x02, 0xF2, 0x02, 0xF1, 0x02, 0xF1, 0x02, 0xF0, 0x02, 0xF0, 0x02,
	0xEF, 0x02, 0xEF, 0x02, 0xEE, 0x02, 0xEE, 0x02, 0xED, 0x02, 0xED, 0x02, 0xEC, 0x02, 0xEC, 0x02,
	0xEB, 0x02, 0xEB, 0x02, 0xEA, 0x02, 0xEA, 0x02, 0xE9, 0x02, 0xE9, 0x02, 0xE8, 0x02, 0xE8, 0x02,
	0xE7, 0x02, 0xE7, 0x02, 0xE6, 0x02, 0xE6, 0x02, 0xE5, 0x02, 0xE5, 0x02, 0xE4, 0x02, 0xE4, 0x02,
	0xE3, 0x02, 0xE3, 0x02, 0xE2, 0x02, 0xE2, 0x02, 0xE1, 0x02, 0xE1, 0x02, 0xE0, 0x02, 0xE0, 0x02,
	0xDF, 0x02, 0xDF, 0x02, 0xDE, 0x02, 0xDE, 0x02, 0xDD, 0x02, 0xDD, 0x02, 0xDC, 0x02, 0xDC, 0x02,
	0xDB, 0x02, 0xDB, 0x02, 0xDA, 0x02, 0xDA, 0x02, 0xD9, 0x02, 0xD9, 0x02, 0xD8, 0x02, 0xD8, 0x02,
	0xD7, 0x02, 0xD7, 0x02, 0xD6, 0x02, 0xD6, 0x02, 0xD5, 0x02, 0xD5, 0x02, 0xD4, 0x02, 0xD4, 0x02,
	0xD3, 0x02, 0xD3, 0x02, 0xD2, 0x02, 0xD2, 0x02, 0xD1, 0x02, 0xD1, 0x02, 0xD0, 0x02, 0xD0, 0x02,
	0xCF, 0x02, 0xCF, 0x02, 0xCE, 0x02, 0xCE, 0x02, 0xCD, 0x02, 0xCD, 0x02, 0xCC, 0x02, 0xCC, 0x02,
	0xCB, 0x02, 0xCB, 0x02, 0xCA, 0x02, 0xCA, 0x02, 0xC9, 0x02, 0xC9, 0x02, 0xC8, 0x02, 0xC8, 0x02,
	0xC7, 0x02, 0xC7, 0x02, 0xC6, 0x02, 0xC6, 0x02, 0xC5, 0x02, 0xC5, 0x02, 0xC4, 0x02, 0xC4, 0x02,
	0xC3, 0x02, 0xC3, 0x02, 0xC2, 0x02, 0xC2, 0x02, 0xC1, 0x02, 0xC1, 0x02, 0xC0, 0x02, 0xC0, 0x02,
	0xBF, 0x02, 0xBF, 0x02, 0xBE, 0x02, 0xBE, 0x02, 0xBD, 0x02, 0xBD, 0x02, 0xBC, 0x02, 0xBC, 0x02,
	0xBB, 0x02, 0xBB, 0x02, 0xBA, 0x02, 0xBA, 0x02, 0xB9, 0x02, 0xB9, 0x02, 0xB8, 0x02, 0xB8, 0x02,
	0xB7, 0x02, 0xB7, 0x02, 0xB6, 0x02, 0xB6, 0x02, 0xB5, 0x02, 0xB5, 0x02, 0xB4, 0x02, 0xB4, 0x02,
	0xB3, 0x02, 0x4F, 0x00, 0x4F, 0x00, 0xF7, 0xFF, 0xF7, 0xFF, 0xF7, 0xFF, 0xF7, 0xFF, 0xF7, 0xFF,
	0xF7, 0xFF, 0xF7, 0xFF, 0xF7, 0xFF, 0xF7, 0xFF, 0xF7, 0xFF, 0xF7, 0xFF, 0xF7, 0xFF, 0xF7, 0xFF,
	0xF7, 0xFF, 0xF7, 0xFF, 0xF7, 0xFF, 0xF7, 0xFF, 0xF7, 0xFF, 0xF7, 0xFF, 0xF7, 0xFF, 0xF7, 0xFF,
	0xF7, 0xFF, 0xF7, 0xFF, 0xF7, 0xFF, 0xF7, 0xFF, 0xF7, 0xFF, 0xF7, 0xFF, 0xF7, 0xFF, 0xF7, 0xFF,
	0xF7, 0xFF, 0xF8, 0xFF, 0xF8, 0xFF, 0xF8, 0xFF, 0xF8, 0xFF, 0xF8, 0xFF, 0xF8, 0xFF, 0xF8, 0xFF,
	0xF8, 0xFF, 0xF8, 0xFF, 0xF8, 0xFF, 0xF8, 0xFF, 0xF8, 0xFF, 0xF8, 0xFF, 0xF8, 0xFF, 0xF8, 0xFF,
	0xF8, 0xFF, 0xF8, 0xFF, 0xF8, 0xFF, 0xF8, 0xFF, 0xF8, 0xFF, 0xF8, 0xFF, 0xF8, 0xFF, 0xF8, 0xFF,
	0xF8, 0xFF, 0xF8, 0xFF, 0xF8, 0xFF, 0xF8, 0xFF, 0xF8, 0xFF, 0xF8, 0xFF, 0xF8, 0xFF, 0xF8, 0xFF,
	0xF8, 0xFF, 0xF8, 0xFF, 0xF8, 0xFF, 0xF8, 0xFF, 0xF8, 0xFF, 0xF8, 0xFF, 0xF8, 0xFF, 0xF8, 0xFF,
	0xF8, 0xFF, 0xF8, 0xFF, 0xF8, 0xFF, 0xF8, 0xFF, 0xF8, 0xFF, 0xF8, 0xFF, 0xF8, 0xFF, 0xF8, 0xFF,
	0xF8, 0xFF, 0xF8, 0xFF, 0xF8, 0xFF, 0xF8, 0xFF, 0xF8, 0xFF, 0xF8, 0xFF, 0xF8, 0xFF, 0xF8, 0xFF,
	0xF8, 0xFF, 0xF8, 0xFF, 0xF8, 0xFF, 0xF8, 0xFF, 0xF8, 0xFF, 0xF8, 0xFF, 0xF8, 0xFF, 0xF8, 0xFF,
	0xF8, 0xFF, 0xF8, 0xFF, 0xF8, 0xFF, 0xF8, 0xFF, 0xF8, 0xFF, 0xF8, 0xFF, 0xF8, 0xFF, 0xF8, 0xFF,
	0xF8, 0xFF, 0xF8, 0xFF, 0xF8, 0xFF, 0xF8, 0xFF, 0xF8, 0xFF, 0xF8, 0xFF, 0xF8, 0xFF, 0xF8, 0xFF,
	0xF8, 0xFF, 0xF8, 0xFF, 0xF8, 0xFF, 0xF8, 0xFF, 0xF8, 0xFF, 0xF8, 0xFF, 0xF8, 0xFF, 0xF8, 0xFF,
	0xF8, 0xFF, 0xF8, 0xFF, 0xF8, 0xFF, 0xF8, 0xFF, 0xF8, 0xFF, 0xF8, 0xFF, 0xF8, 0xFF, 0xF8, 0xFF,
	0xF8, 0xFF, 0xF8, 0xFF, 0xF8, 0xFF, 0xF8, 0xFF, 0xF8, 0xFF, 0xF8, 0xFF, 0xF8, 0xFF, 0xF8, 0xFF,
	0xF8, 0xFF, 0xF8, 0xFF, 0xF8, 0xFF, 0xF8, 0xFF, 0xF8, 0xFF, 0xF8, 0xFF, 0xF8, 0xFF, 0xF8, 0xFF,
	0xF8, 0xFF, 0xF8, 0xFF, 0xF8, 0xFF, 0xF8, 0xFF, 0xF8, 0xFF, 0xF8, 0xFF, 0xF8, 0xFF, 0xF8, 0xFF,
	0xF8, 0xFF, 0xF8, 0xFF, 0xF8, 0xFF, 0xF8, 0xFF, 0xF8, 0xFF, 0xF8, 0xFF, 0xF8, 0xFF, 0xF8, 0xFF,
	0xF8, 0xFF, 0xF8, 0xFF, 0xF8, 0xFF, 0xF8, 0xFF, 0xF8, 0xFF, 0xF8, 0xFF, 0xF8, 0xFF, 0xF8, 0xFF,
	0xF8, 0xFF, 0xF8, 0xFF, 0xF8, 0xFF, 0xF8, 0xFF, 0xF8, 0xFF, 0xF8, 0xFF, 0xF8, 0xFF, 0xF8, 0xFF,
	0xF8, 0xFF, 0xF8, 0xFF, 0xF8, 0xFF, 0xF8, 0xFF, 0xF8, 0xFF, 0xF8, 0xFF, 0xF8, 0xFF, 0xF8, 0xFF,
	0xF8, 0xFF, 0xF8, 0xFF, 0xF8, 0xFF, 0xF8, 0xFF, 0xF8, 0xFF, 0xF8, 0xFF, 0xF8, 0xFF, 0xF8, 0xFF,
	0xF8, 0xFF, 0xF8, 0xFF, 0xF8, 0xFF, 0xF8, 0xFF, 0xF8, 0xFF, 0xF8, 0xFF, 0xF8, 0xFF, 0xF8, 0xFF,
	0xF8, 0xFF, 0xF8, 0xFF, 0xF9, 0xFF, 0xF9, 0xFF, 0xF9, 0xFF, 0xF9, 0xFF, 0xF9, 0xFF, 0xF9, 0xFF,
	0xF9, 0xFF, 0xF9, 0xFF, 0xF9, 0xFF, 0xF9, 0xFF, 0xF9, 0xFF, 0xF9, 0xFF, 0xF9, 0xFF, 0xF9, 0xFF,
	0xF9, 0xFF, 0xF9, 0xFF, 0xF9, 0xFF, 0xF9, 0xFF, 0xF9, 0xFF, 0xF9, 0xFF, 0xF9, 0xFF, 0xF9, 0xFF,
	0xF9, 0xFF, 0xF9, 0xFF, 0xF9, 0xFF, 0xF9, 0xFF, 0xF9, 0xFF, 0xF9, 0xFF, 0xF9, 0xFF, 0xF9, 0xFF,
	0xF9, 0xFF, 0xF9, 0xFF, 0xF9, 0xFF, 0xF9, 0xFF, 0xF9, 0xFF, 0xF9, 0xFF, 0xF9, 0xFF, 0xF9, 0xFF,
	0xF9, 0xFF, 0xF9, 0xFF, 0xF9, 0xFF, 0xF9, 0xFF, 0xF9, 0xFF, 0xF9, 0xFF, 0xF9, 0xFF, 0xF9, 0xFF,
	0xF9, 0xFF, 0xF9, 0xFF, 0xF9, 0xFF, 0xF9, 0xFF, 0xF9, 0xFF, 0xF9, 0xFF, 0xF9, 0xFF, 0xF9, 0xFF,
	0xF9, 0xFF, 0xF9, 0xFF, 0xF9, 0xFF, 0xF9, 0xFF, 0xF9, 0xFF, 0xF9, 0xFF, 0xF9, 0xFF, 0xF9, 0xFF,
	0xF9, 0xFF, 0xF9, 0xFF, 0xF9, 0xFF, 0xF9, 0xFF, 0xF9, 0xFF, 0xF9, 0xFF, 0xF9, 0xFF, 0xF9, 0xFF,
	0xF9, 0xFF, 0xF9, 0xFF, 0xF9, 0xFF, 0xF9, 0xFF, 0xF9, 0xFF, 0xF9, 0xFF, 0xF9, 0xFF, 0xF9, 0xFF,
	0xF9, 0xFF, 0xF9, 0xFF, 0xF9, 0xFF, 0xF9, 0xFF, 0xF9, 0xFF, 0xF9, 0xFF, 0xF9, 0xFF, 0xF9, 0xFF,
	0xF9, 0xFF, 0xF9, 0xFF, 0xF9, 0xFF, 0xF9, 0xFF, 0xF9, 0xFF, 0xF9, 0xFF, 0xF9, 0xFF, 0xF9, 0xFF,
	0xF9, 0xFF, 0xF9, 0xFF, 0xF9, 0xFF, 0xF9, 0xFF, 0xF9, 0xFF, 0xF9, 0xFF, 0xF9, 0xFF, 0xF9, 0xFF,
	0xF9, 0xFF, 0xF9, 0xFF, 0xF9, 0xFF, 0xF9, 0xFF, 0xF9, 0xFF, 0xF9, 0xFF, 0xF9, 0xFF, 0xF9, 0xFF,
	0xF9, 0xFF, 0xF9, 0xFF, 0xF9, 0xFF, 0xF9, 0xFF, 0xF9, 0xFF, 0xF9, 0xFF, 0xF9, 0xFF, 0xF9, 0xFF,
	0xF9, 0xFF, 0xF9, 0xFF, 0xF9, 0xFF, 0xF9, 0xFF, 0xF9, 0xFF, 0xF9, 0xFF, 0xF9, 0xFF, 0xF9, 0xFF,
	0xF9, 0xFF, 0xF9, 0xFF, 0xF9, 0xFF, 0xF9, 0xFF, 0xF9, 0xFF, 0xF9, 0xFF, 0xF9, 0xFF, 0xF9, 0xFF,
	0xF9, 0xFF, 0xF9, 0xFF, 0xF9, 0xFF, 0xF9, 0xFF, 0xF9, 0xFF, 0xF9, 0xFF, 0xF9, 0xFF, 0xF9, 0xFF,
	0xF9, 0xFF, 0xF9, 0xFF, 0xF9, 0xFF, 0xF9, 0xFF, 0xF9, 0xFF, 0xF9, 0xFF, 0xF9, 0xFF, 0xF9, 0xFF,
	0xF9, 0xFF, 0xF9, 0xFF, 0xF9, 0xFF, 0xF9, 0xFF, 0xF9, 0xFF, 0xF9, 0xFF, 0xF9, 0xFF, 0xF9, 0xFF,
	0xF9, 0xFF, 0xF9, 0xFF, 0xF9, 0xFF, 0xF9, 0xFF, 0xF9, 0xFF, 0xF9, 0xFF, 0xF9, 0xFF, 0xF9, 0xFF,
	0xF9, 0xFF, 0xF9, 0xFF, 0xF9, 0xFF, 0xF9, 0xFF, 0xFA, 0xFF, 0xFA, 0xFF, 0xFA, 0xFF, 0xFA, 0xFF,
	0xFA, 0xFF, 0xFA, 0xFF, 0xFA, 0xFF, 0xFA, 0xFF, 0xFA, 0xFF, 0xFA, 0xFF, 0xFA, 0xFF, 0xFA, 0xFF,
	0xFA, 0xFF, 0xFA, 0xFF, 0xFA, 0xFF, 0xFA, 0xFF, 0xFA, 0xFF, 0xFA, 0xFF, 0xFA, 0xFF, 0x78, 0x00,
	0x78, 0x00, 0xF4, 0x01, 0xF3, 0x01, 0xF3, 0x01, 0xF2, 0x01, 0xF2, 0x01, 0xF1, 0x01, 0xF1, 0x01,
	0xF0, 0x01, 0xF0, 0x01, 0xEF, 0x01, 0xEF, 0x01, 0xEE, 0x01, 0xEE, 0x01, 0xED, 0x01, 0xED, 0x01,
	0xEC, 0x01, 0xEC, 0x01, 0xEB, 0x01, 0xEB, 0x01, 0xEA, 0x01, 0xEA, 0x01, 0xE9, 0x01, 0xE9, 0x01,
	0xE8, 0x01, 0xE8, 0x01, 0xE7, 0x01, 0xE7, 0x01, 0xE6, 0x01, 0xE6, 0x01, 0xE5, 0x01, 0xE5, 0x01,
	0xE4, 0x01, 0xE4, 0x01, 0xE3, 0x01, 0xE3, 0x01, 0xE2, 0x01, 0xE2, 0x01, 0xE1, 0x01, 0xE1, 0x01,
	0xE0, 0x01, 0xE0, 0x01, 0xDF, 0x01, 0xDF, 0x01, 0xDE, 0x01, 0xDE, 0x01, 0xDD, 0x01, 0xDD, 0x01,
	0xDC, 0x01, 0xDC, 0x01, 0xDB, 0x01, 0xDB, 0x01, 0xDA, 0x01, 0xDA, 0x01, 0xD9, 0x01, 0xD9, 0x01,
	0xD8, 0x01, 0xD8, 0x01, 0xD7, 0x01, 0xD7, 0x01, 0xD6, 0x01, 0xD6, 0x01, 0xD5, 0x01, 0xD5, 0x01,
	0xD4, 0x01, 0xD4, 0x01, 0xD3, 0x01, 0xD3, 0x01, 0xD2, 0x01, 0xD2, 0x01, 0xD1, 0x01, 0xD1, 0x01,
	0xD0, 0x01, 0xD0, 0x01, 0xCF, 0x01, 0xCF, 0x01, 0xCE, 0x01, 0xCE, 0x01, 0xCD, 0x01, 0xCD, 0x01,
	0xCC, 0x01, 0xCC, 0x01, 0xCB, 0x01, 0xCB, 0x01, 0xCA, 0x01, 0xCA, 0x01, 0xC9, 0x01, 0xC9, 0x01,
	0xC8, 0x01, 0xC8, 0x01, 0xC7, 0x01, 0xC7, 0x01, 0xC6, 0x01, 0xC6, 0x01, 0xC5, 0x01, 0xC5, 0x01,
	0xC4, 0x01, 0xC4, 0x01, 0xC3, 0x01, 0xC3, 0x01, 0xC2, 0x01, 0xC2, 0x01, 0xC1, 0x01, 0xC1, 0x01,
	0xC0, 0x01, 0xC0, 0x01, 0xBF, 0x01, 0xBF, 0x01, 0xBE, 0x01, 0xBE, 0x01, 0xBD, 0x01, 0xBD, 0x01,
	0xBC, 0x01, 0xBC, 0x01, 0xBB, 0x01, 0xBA, 0x01, 0xBA, 0x01, 0xB9, 0x01, 0xB9, 0x01, 0xB8, 0x01,
	0xB8, 0x01, 0xB7, 0x01, 0xB7, 0x01, 0xB6, 0x01, 0xB6, 0x01, 0xB5, 0x01, 0xB5, 0x01, 0xB4, 0x01,
	0xB4, 0x01, 0xB3, 0x01, 0xB3, 0x01, 0xB2, 0x01, 0xB2, 0x01, 0xB1, 0x01, 0xB1, 0x01, 0xB0, 0x01,
	0xB0, 0x01, 0xAF, 0x01, 0xAF, 0x01, 0xAE, 0x01, 0xAE, 0x01, 0xAD, 0x01, 0xAD, 0x01, 0xAC, 0x01,
	0xAC, 0x01, 0xAB, 0x01, 0xAB, 0x01, 0xAA, 0x01, 0xAA, 0x01, 0xA9, 0x01, 0xA9, 0x01, 0xA8, 0x01,
	0xA8, 0x01, 0xA7, 0x01, 0xA7, 0x01, 0xA6, 0x01, 0xA6, 0x01, 0xA5, 0x01, 0xA5, 0x01, 0xA4, 0x01,
	0xA4, 0x01, 0xA3, 0x01, 0xA3, 0x01, 0xA2, 0x01, 0xA2, 0x01, 0xA1, 0x01, 0xA1, 0x01, 0xA0, 0x01,
	0xA0, 0x01, 0x9F, 0x01, 0x9F, 0x01, 0x9E, 0x01, 0x9E, 0x01, 0x9D, 0x01, 0x9D, 0x01, 0x9C, 0x01,
	0x9C, 0x01, 0x9B, 0x01, 0x9B, 0x01, 0x9A, 0x01, 0x9A, 0x01, 0x99, 0x01, 0x99, 0x01, 0x98, 0x01,
	0x98, 0x01, 0x97, 0x01, 0x97, 0x01, 0x96, 0x01, 0x96, 0x01, 0x95, 0x01, 0x95, 0x01, 0x94, 0x01,
	0x94, 0x01, 0x93, 0x01, 0x93, 0x01, 0x92, 0x01, 0x92, 0x01, 0x91, 0x01, 0x91, 0x01, 0x90, 0x01,
	0x90, 0x01, 0x8F, 0x01, 0x8F, 0x01, 0x8E, 0x01, 0x8E, 0x01, 0x8D, 0x01, 0x8D, 0x01, 0x8C, 0x01,
	0x8C, 0x01, 0x8B, 0x01, 0x8B, 0x01, 0x8A, 0x01, 0x8A, 0x01, 0x89, 0x01, 0x89, 0x01, 0x88, 0x01,
	0x88, 0x01, 0x87, 0x01, 0x87, 0x01, 0x86, 0x01, 0x86, 0x01, 0x85, 0x01, 0x85, 0x01, 0x84, 0x01,
	0x84, 0x01, 0x83, 0x01, 0x83, 0x01, 0x82, 0x01, 0x82, 0x01, 0x81, 0x01, 0x81, 0x01, 0x80, 0x01,
	0x80, 0x01, 0x7F, 0x01, 0x7F, 0x01, 0x7E, 0x01, 0x7E, 0x01, 0x7D, 0x01, 0x7D, 0x01, 0x7C, 0x01,
	0x7C, 0x01, 0x7B, 0x01, 0x7B, 0x01, 0x7A, 0x01, 0x7A, 0x01, 0x79, 0x01, 0x79, 0x01, 0x78, 0x01,
	0x78, 0x01, 0x77, 0x01, 0x77, 0x01, 0x76, 0x01, 0x76, 0x01, 0x75, 0x01, 0x75, 0x01, 0x74, 0x01,
	0x74, 0x01, 0x73, 0x01, 0x73, 0x01, 0x72, 0x01, 0x72, 0x01, 0x71, 0x01, 0x71, 0x01, 0x70, 0x01,
	0x70, 0x01, 0x6F, 0x01, 0x6F, 0x01, 0x6E, 0x01, 0x6E, 0x01, 0x6D, 0x01, 0x6D, 0x01, 0x6C, 0x01,
	0x6C, 0x01, 0x6B, 0x01, 0x6B, 0x01, 0x6A, 0x01, 0x6A, 0x01, 0x69, 0x01, 0x69, 0x01, 0x68, 0x01,
	0x68, 0x01, 0x67, 0x01, 0x67, 0x01, 0x66, 0x01, 0x66, 0x01, 0x65, 0x01, 0x65, 0x01, 0x64, 0x01,
	0x63, 0x01, 0x63, 0x01, 0x62, 0x01, 0x62, 0x01, 0x61, 0x01, 0x61, 0x01, 0x60, 0x01, 0x60, 0x01,
	0x5F, 0x01, 0x5F, 0x01, 0x5E, 0x01, 0x5E, 0x01, 0x5D, 0x01, 0x5D, 0x01, 0x5C, 0x01, 0x5C, 0x01,
	0x5B, 0x01, 0x5B, 0x01, 0x5A, 0x01, 0x5A, 0x01, 0x59, 0x01, 0x59, 0x01, 0x58, 0x01, 0x58, 0x01,
	0x57, 0x01, 0x57, 0x01, 0x56, 0x01, 0x56, 0x01, 0x55, 0x01, 0x55, 0x01, 0x54, 0x01, 0x54, 0x01,
	0x53, 0x01, 0x53, 0x01, 0x52, 0x01, 0x52, 0x01, 0x51, 0x01, 0x51, 0x01, 0x50, 0x01, 0x50, 0x01,
	0x4F, 0x01, 0x4F, 0x01, 0x4E, 0x01, 0x4E, 0x01, 0x4D, 0x01, 0x4D, 0x01, 0x4C, 0x01, 0x4C, 0x01,
	0x4B, 0x01, 0x4B, 0x01, 0x4A, 0x01, 0x4A, 0x01, 0x49, 0x01, 0x49, 0x01, 0x48, 0x01, 0x48, 0x01,
	0x47, 0x01, 0x47, 0x01, 0x46, 0x01, 0x46, 0x01, 0x45, 0x01, 0x45, 0x01, 0x44, 0x01, 0x44, 0x01,
	0x43, 0x01, 0x43, 0x01, 0x42, 0x01, 0x42, 0x01, 0x41, 0x01, 0x41, 0x01, 0x40, 0x01, 0x40, 0x01,
	0x3F, 0x01, 0x3F, 0x01, 0x3E, 0x01, 0x3E, 0x01, 0x3D, 0x01, 0x3D, 0x01, 0x3C, 0x01, 0x3C, 0x01,
	0x3B, 0x01, 0x3B, 0x01, 0x3A, 0x01, 0x3A, 0x01, 0x39, 0x01, 0x39, 0x01, 0x38, 0x01, 0x38, 0x01,
	0x37, 0x01, 0x37, 0x01, 0x36, 0x01, 0x36, 0x01, 0x35, 0x01, 0x35, 0x01, 0x34, 0x01, 0x34, 0x01,
	0x33, 0x01, 0x33, 0x01, 0x32, 0x01, 0x32, 0x01, 0x31, 0x01, 0x31, 0x01, 0x30, 0x01, 0xE8, 0x01,
	0xE8, 0x01, 0xE7, 0x01, 0xE6, 0x01, 0xE5, 0x01, 0xE4, 0x01, 0xE3, 0x01, 0xE3, 0x01, 0xE2, 0x01,
	0xE1, 0x01, 0xE0, 0x01, 0xDF, 0x01, 0xDF, 0x01, 0xDE, 0x01, 0xDD, 0x01, 0xDC, 0x01, 0xDB, 0x01,
	0xDB, 0x01, 0xDA, 0x01, 0xD9, 0x01, 0xD8, 0x01, 0xD7, 0x01, 0xD7, 0x01, 0xD6, 0x01, 0xD5, 0x01,
	0xD4, 0x01, 0xD3, 0x01, 0xD2, 0x01, 0xD2, 0x01, 0xD1, 0x01, 0xD0, 0x01, 0xCF, 0x01, 0xCE, 0x01,
	0xCE, 0x01, 0xCD, 0x01, 0xCC, 0x01, 0xCB, 0x01, 0xCA, 0x01, 0xCA, 0x01, 0xC9, 0x01, 0xC8, 0x01,
	0xC7, 0x01, 0xC6, 0x01, 0xC6, 0x01, 0xC5, 0x01, 0xC4, 0x01, 0xC3, 0x01, 0xC2, 0x01, 0xC2, 0x01,
	0xC1, 0x01, 0xC0, 0x01, 0xBF, 0x01, 0xBE, 0x01, 0xBD, 0x01, 0xBD, 0x01, 0xBC, 0x01, 0xBB, 0x01,
	0xBA, 0x01, 0xB9, 0x01, 0xB9, 0x01, 0xB8, 0x01, 0xB7, 0x01, 0xB6, 0x01, 0xB5, 0x01, 0xB5, 0x01,
	0xB4, 0x01, 0xB3, 0x01, 0xB2, 0x01, 0xB1, 0x01, 0xB1, 0x01, 0xB0, 0x01, 0xAF, 0x01, 0xAE, 0x01,
	0xAD, 0x01, 0xAD, 0x01, 0xAC, 0x01, 0xAB, 0x01, 0xAA, 0x01, 0xA9, 0x01, 0xA8, 0x01, 0xA8, 0x01,
	0xA7, 0x01, 0xA6, 0x01, 0xA5, 0x01, 0xA4, 0x01, 0xA4, 0x01, 0xA3, 0x01, 0xA2, 0x01, 0xA1, 0x01,
	0xA0, 0x01, 0xA0, 0x01, 0x9F, 0x01, 0x9E, 0x01, 0x9D, 0x01, 0x9C, 0x01, 0x9C, 0x01, 0x9B, 0x01,
	0x9A, 0x01, 0x99, 0x01, 0x98, 0x01, 0x97, 0x01, 0x97, 0x01, 0x96, 0x01, 0x95, 0x01, 0x94, 0x01,
	0x93, 0x01, 0x93, 0x01, 0x92, 0x01, 0x91, 0x01, 0x90, 0x01, 0x8F, 0x01, 0x8F, 0x01, 0x8E, 0x01,
	0x8D, 0x01, 0x8C, 0x01, 0x8B, 0x01, 0x8B, 0x01, 0x8A, 0x01, 0x89, 0x01, 0x88, 0x01, 0x87, 0x01,
	0x87, 0x01, 0x86, 0x01, 0x85, 0x01, 0x84, 0x01, 0x83, 0x01, 0x82, 0x01, 0x82, 0x01, 0x81, 0x01,
	0x80, 0x01, 0x7F, 0x01, 0x7E, 0x01, 0x7E, 0x01, 0x7D, 0x01, 0x7C, 0x01, 0x7B, 0x01, 0x7A, 0x01,
	0x7A, 0x01, 0x79, 0x01, 0x78, 0x01, 0x77, 0x01, 0x76, 0x01, 0x76, 0x01, 0x75, 0x01, 0x74, 0x01,
	0x73, 0x01, 0x72, 0x01, 0x72, 0x01, 0x71, 0x01, 0x70, 0x01, 0x6F, 0x01, 0x6E, 0x01, 0x6D, 0x01,
	0x6D, 0x01, 0x6C, 0x01, 0x6B, 0x01, 0x6A, 0x01, 0x69, 0x01, 0x69, 0x01, 0x68, 0x01, 0x67, 0x01,
	0x66, 0x01, 0x65, 0x01, 0x65, 0x01, 0x64, 0x01, 0x63, 0x01, 0x62, 0x01, 0x61, 0x01, 0x61, 0x01,
	0x60, 0x01, 0x5F, 0x01, 0x5E, 0x01, 0x5D, 0x01, 0x5D, 0x01, 0x5C, 0x01, 0x5B, 0x01, 0x5A, 0x01,
	0x59, 0x01, 0x58, 0x01, 0x58, 0x01, 0x57, 0x01, 0x56, 0x01, 0x55, 0x01, 0x54, 0x01, 0x54, 0x01,
	0x53, 0x01, 0x52, 0x01, 0x51, 0x01, 0x50, 0x01, 0x50, 0x01, 0x4F, 0x01, 0x4E, 0x01, 0x4D, 0x01,
	0x4C, 0x01, 0x4C, 0x01, 0x4B, 0x01, 0x4A, 0x01, 0x49, 0x01, 0x48, 0x01, 0x47, 0x01, 0x47, 0x01,
	0x46, 0x01, 0x45, 0x01, 0x44, 0x01, 0x43, 0x01, 0x43, 0x01, 0x42, 0x01, 0x41, 0x01, 0x40, 0x01,
	0x3F, 0x01, 0x3F, 0x01, 0x3E, 0x01, 0x3D, 0x01, 0x3C, 0x01, 0x3B, 0x01, 0x3B, 0x01, 0x3A, 0x01,
	0x39, 0x01, 0x38, 0x01, 0x37, 0x01, 0x37, 0x01, 0x36, 0x01, 0x35, 0x01, 0x34, 0x01, 0x33, 0x01,
	0x32, 0x01, 0x32, 0x01, 0x31, 0x01, 0x30, 0x01, 0x2F, 0x01, 0x2E, 0x01, 0x2E, 0x01, 0x2D, 0x01,
	0x2C, 0x01, 0x2B, 0x01, 0x2A, 0x01, 0x2A, 0x01, 0x29, 0x01, 0x28, 0x01, 0x27, 0x01, 0x26, 0x01,
	0x26, 0x01, 0x25, 0x01, 0x24, 0x01, 0x23, 0x01, 0x22, 0x01, 0x22, 0x01, 0x21, 0x01, 0x20, 0x01,
	0x1F, 0x01, 0x1E, 0x01, 0x1D, 0x01, 0x1D, 0x01, 0x1C, 0x01, 0x1B, 0x01, 0x1A, 0x01, 0x19, 0x01,
	0x19, 0x01, 0x18, 0x01, 0x17, 0x01, 0x16, 0x01, 0x15, 0x01, 0x15, 0x01, 0x14, 0x01, 0x13, 0x01,
	0x12, 0x01, 0x11, 0x01, 0x11, 0x01, 0x10, 0x01, 0x0F, 0x01, 0x0E, 0x01, 0x0D, 0x01, 0x0D, 0x01,
	0x0C, 0x01, 0x0B, 0x01, 0x0A, 0x01, 0x09, 0x01, 0x08, 0x01, 0x08, 0x01, 0x07, 0x01, 0x06, 0x01,
	0x05, 0x01, 0x04, 0x01, 0x04, 0x01, 0x03, 0x01, 0x02, 0x01, 0x01, 0x01, 0x00, 0x01, 0x00, 0x01,
	0xFF, 0x00, 0xFE, 0x00, 0xFD, 0x00, 0xFC, 0x00, 0xFC, 0x00, 0xFB, 0x00, 0xFA, 0x00, 0xF9, 0x00,
	0xF8, 0x00, 0xF7, 0x00, 0xF7, 0x00, 0xF6, 0x00, 0xF5, 0x00, 0xF4, 0x00, 0xF3, 0x00, 0xF3, 0x00,
	0xF2, 0x00, 0xF1, 0x00, 0xF0, 0x00, 0xEF, 0x00, 0xEF, 0x00, 0xEE, 0x00, 0xED, 0x00, 0xEC, 0x00,
	0xEB, 0x00, 0xEB, 0x00, 0xEA, 0x00, 0xE9, 0x00, 0xE8, 0x00, 0xE7, 0x00, 0xE7, 0x00, 0xE6, 0x00,
	0xE5, 0x00, 0xE4, 0x00, 0xE3, 0x00, 0xE2, 0x00, 0xE2, 0x00, 0xE1, 0x00, 0xE0, 0x00, 0xDF, 0x00,
	0xDE, 0x00, 0xDE, 0x00, 0xDD, 0x00, 0xDC, 0x00, 0xDB, 0x00, 0xDA, 0x00, 0xDA, 0x00, 0xD9, 0x00,
	0xD8, 0x00, 0xD7, 0x00, 0xD6, 0x00, 0xD6, 0x00, 0xD5, 0x00, 0xD4, 0x00, 0xD3, 0x00, 0xD2, 0x00,
	0xD2, 0x00, 0xD1, 0x00, 0xD0, 0x00, 0xCF, 0x00, 0xCE, 0x00, 0xCD, 0x00, 0xCD, 0x00, 0xCC, 0x00,
	0xCB, 0x00, 0xCA, 0x00, 0xC9, 0x00, 0xC9, 0x00, 0xC8, 0x00, 0xC7, 0x00, 0xC6, 0x00, 0xC5, 0x00,
	0xC5, 0x00, 0xC4, 0x00, 0xC3, 0x00, 0xC2, 0x00, 0xC1, 0x00, 0xC1, 0x00, 0xC0, 0x00, 0xBF, 0x00,
	0xBE, 0x00, 0xBD, 0x00, 0xBD, 0x00, 0xBC, 0x00, 0xBB, 0x00, 0xBA, 0x00, 0xB9, 0x00, 0xB8, 0x00,
	0xB8, 0x00, 0xB7, 0x00, 0xB6, 0x00, 0xB5, 0x00, 0xB4, 0x00, 0xB4, 0x00, 0xB3, 0x00, 0xB2, 0x00,
	0xB1, 0x00, 0xB0, 0x00, 0xB0, 0x00, 0xAF, 0x00, 0xAE, 0x00
};
